source_row_id,source_csv_line,category_context,Name,gross_sales_final,net_sales_final,finding_code,finding_theme,finding_classification,finding_amount,finding_amount_basis,base_severity_weight,recommended_action,impact_percentile_within_type,priority_score,finding_priority,finding_priority_rank,global_finding_rank
1690,1706,1.19 Peppers,Chile Ancho  250 Gr,7210.19,7195.2,PROFIT_CONFIGURATION_ANOMALY,profitability_configuration,configuration_gap_not_confirmed_loss,4332.11,absolute_cogs_configuration_gap,60,"Reconcile item COGS, reported Gross Profit and POS configuration against source transactions.",100.0,100.0,critical,4,1
1646,1662,1.09 Cookies & Crackers,Nestle Cocosette Mini Wafer case 900g,1024.59,494.6,NEGATIVE_MARGIN,profitability_result,reported_negative_gross_profit,129.4,absolute_reported_negative_gross_profit,60,"Validate selling price, unit cost, discount policy and transaction detail.",100.0,100.0,critical,4,2
642,658,1.25 Sweets & Candies,Kinder Delice Cacao 1.48oz UNIT,1588.13,938.53,NEGATIVE_MARGIN,profitability_result,reported_negative_gross_profit,46.98,absolute_reported_negative_gross_profit,60,"Validate selling price, unit cost, discount policy and transaction detail.",96.7741935483871,98.70967741935485,critical,4,3
554,570,1.03 Beverages,Amargo Terma Limon Tea 1.35 Lt /46oz,215.82,107.82,NEGATIVE_MARGIN,profitability_result,reported_negative_gross_profit,41.4,absolute_reported_negative_gross_profit,60,"Validate selling price, unit cost, discount policy and transaction detail.",93.54838709677419,97.41935483870967,critical,4,4
990,1006,1.05 Chips & Snacks,"PakeTaxo Mezcladito 6 oz / 170 g ,",458.98,262.98,NEGATIVE_MARGIN,profitability_result,reported_negative_gross_profit,38.39,absolute_reported_negative_gross_profit,60,"Validate selling price, unit cost, discount policy and transaction detail.",90.32258064516128,96.12903225806451,critical,4,5
925,941,1.05 Chips & Snacks,La Visita Chicharrones 5 oz,1848.79,1848.79,PROFIT_CONFIGURATION_ANOMALY,profitability_configuration,configuration_gap_not_confirmed_loss,1461.6,absolute_cogs_configuration_gap,60,"Reconcile item COGS, reported Gross Profit and POS configuration against source transactions.",88.88888888888889,95.55555555555556,critical,4,6
16,32,2. Restaurant,Picanha Brazilian Steak,13415.37,13303.38,ZERO_COGS,profitability_data_quality,sales_exposure_not_confirmed_loss,13303.38,positive_net_sales_exposure,55,"Confirm recipes, purchase cost or item cost mapping; zero COGS is not accepted as validated margin.",100.0,95.0,critical,4,7
27,43,2. Restaurant,Tacos 4 Pack,7883.07,7863.08,MISSING_PROFITABILITY,profitability_data_quality,sales_exposure_not_confirmed_loss,7863.08,positive_net_sales_exposure,55,Load and validate COGS and Gross Profit; do not estimate loss until source cost is confirmed.,100.0,95.0,critical,4,8
569,585,1.03 Beverages,Terma Cuyano Tea 1.35 Lt/46oz,167.86,83.86,NEGATIVE_MARGIN,profitability_result,reported_negative_gross_profit,37.24,absolute_reported_negative_gross_profit,60,"Validate selling price, unit cost, discount policy and transaction detail.",87.09677419354838,94.83870967741936,critical,4,9
158,174,4.Bakery,160 Venezuelan Empanada pulled Beef/Carne Mechada,5099.22,4974.1,MISSING_PROFITABILITY,profitability_data_quality,sales_exposure_not_confirmed_loss,4974.1,positive_net_sales_exposure,55,Load and validate COGS and Gross Profit; do not estimate loss until source cost is confirmed.,99.5475113122172,94.81900452488688,critical,4,10
405,421,1.03 Beverages,Pony Malta 11.12 oz / 330 ml X6,4728.84,4725.84,MISSING_PROFITABILITY,profitability_data_quality,sales_exposure_not_confirmed_loss,4725.84,positive_net_sales_exposure,55,Load and validate COGS and Gross Profit; do not estimate loss until source cost is confirmed.,99.09502262443439,94.63800904977376,critical,4,11
25,41,2. Restaurant,Sopa de Tortilla - Tortilla Soup,8215.51,8153.28,ZERO_COGS,profitability_data_quality,sales_exposure_not_confirmed_loss,8153.28,positive_net_sales_exposure,55,"Confirm recipes, purchase cost or item cost mapping; zero COGS is not accepted as validated margin.",98.85057471264368,94.54022988505747,critical,4,12
1691,1707,1.19 Peppers,Guajillo sin cola  250 Gr,4406.99,4393.8,MISSING_PROFITABILITY,profitability_data_quality,sales_exposure_not_confirmed_loss,4393.8,positive_net_sales_exposure,55,Load and validate COGS and Gross Profit; do not estimate loss until source cost is confirmed.,98.64253393665159,94.45701357466064,critical,4,13
1632,1648,1.09 Cookies & Crackers,Nestle Cocosette  8pack X8 PACK,3395.91,3390.51,MISSING_PROFITABILITY,profitability_data_quality,sales_exposure_not_confirmed_loss,3390.51,positive_net_sales_exposure,55,Load and validate COGS and Gross Profit; do not estimate loss until source cost is confirmed.,98.19004524886877,94.27601809954751,critical,4,14
46,62,2. Restaurant,Jugo Natural - Natural Juice Kiosk,3234.0,3181.04,MISSING_PROFITABILITY,profitability_data_quality,sales_exposure_not_confirmed_loss,3181.04,positive_net_sales_exposure,55,Load and validate COGS and Gross Profit; do not estimate loss until source cost is confirmed.,97.73755656108597,94.09502262443439,critical,4,15
33,49,2. Restaurant,Sopa de Tortillas con Pollo,6628.69,6560.44,ZERO_COGS,profitability_data_quality,sales_exposure_not_confirmed_loss,6560.44,positive_net_sales_exposure,55,"Confirm recipes, purchase cost or item cost mapping; zero COGS is not accepted as validated margin.",97.70114942528735,94.08045977011494,critical,4,16
411,427,1.03 Beverages,Maltin Polar 12 oz X6,2322.34,2319.54,MISSING_PROFITABILITY,profitability_data_quality,sales_exposure_not_confirmed_loss,2319.54,positive_net_sales_exposure,55,Load and validate COGS and Gross Profit; do not estimate loss until source cost is confirmed.,97.28506787330316,93.91402714932127,critical,4,17
414,430,1.03 Beverages,Coca Cola 12oz / 355ml x Unit,2058.84,2048.65,MISSING_PROFITABILITY,profitability_data_quality,sales_exposure_not_confirmed_loss,2048.65,positive_net_sales_exposure,55,Load and validate COGS and Gross Profit; do not estimate loss until source cost is confirmed.,96.83257918552036,93.73303167420815,critical,4,18
38,54,2. Restaurant,Carne Sudada,5437.94,5338.94,ZERO_COGS,profitability_data_quality,sales_exposure_not_confirmed_loss,5338.94,positive_net_sales_exposure,55,"Confirm recipes, purchase cost or item cost mapping; zero COGS is not accepted as validated margin.",96.55172413793103,93.62068965517241,critical,4,19
416,432,1.03 Beverages,Postobon Colombiana Glass 300ml Case,1836.0,1829.4,MISSING_PROFITABILITY,profitability_data_quality,sales_exposure_not_confirmed_loss,1829.4,positive_net_sales_exposure,55,Load and validate COGS and Gross Profit; do not estimate loss until source cost is confirmed.,96.38009049773756,93.55203619909503,critical,4,20
1218,1234,1.23 Sauces,Delicioso Foods Green Sauce 4 L,239.96,119.96,NEGATIVE_MARGIN,profitability_result,reported_negative_gross_profit,36.48,absolute_reported_negative_gross_profit,60,"Validate selling price, unit cost, discount policy and transaction detail.",83.87096774193549,93.54838709677419,critical,4,21
417,433,1.03 Beverages,Maltin Polar 7oz X6,1714.44,1714.44,MISSING_PROFITABILITY,profitability_data_quality,sales_exposure_not_confirmed_loss,1714.44,positive_net_sales_exposure,55,Load and validate COGS and Gross Profit; do not estimate loss until source cost is confirmed.,95.92760180995475,93.3710407239819,critical,4,22
1319,1335,1.07 Condiments & Spices,UMS Oregano 50 Gr,1617.0,1615.8,MISSING_PROFITABILITY,profitability_data_quality,sales_exposure_not_confirmed_loss,1615.8,positive_net_sales_exposure,55,Load and validate COGS and Gross Profit; do not estimate loss until source cost is confirmed.,95.47511312217195,93.19004524886878,critical,4,23
1489,1505,3.Coffee160,160 Americano 12oz,3943.64,3837.84,ZERO_COGS,profitability_data_quality,sales_exposure_not_confirmed_loss,3837.84,positive_net_sales_exposure,55,"Confirm recipes, purchase cost or item cost mapping; zero COGS is not accepted as validated margin.",95.40229885057471,93.16091954022988,critical,4,24
422,438,1.03 Beverages,Topo Chico Mineral Water 355ml x Unit,1432.41,1377.66,MISSING_PROFITABILITY,profitability_data_quality,sales_exposure_not_confirmed_loss,1377.66,positive_net_sales_exposure,55,Load and validate COGS and Gross Profit; do not estimate loss until source cost is confirmed.,95.02262443438913,93.00904977375565,critical,4,25
1694,1710,1.19 Peppers,Chile Pasilla Negro 150g 150 Gr,1348.65,1347.65,MISSING_PROFITABILITY,profitability_data_quality,sales_exposure_not_confirmed_loss,1347.65,positive_net_sales_exposure,55,Load and validate COGS and Gross Profit; do not estimate loss until source cost is confirmed.,94.57013574660633,92.82805429864253,critical,4,26
1490,1506,3.Coffee160,160 Latte 12oz,2875.32,2847.64,ZERO_COGS,profitability_data_quality,sales_exposure_not_confirmed_loss,2847.64,positive_net_sales_exposure,55,"Confirm recipes, purchase cost or item cost mapping; zero COGS is not accepted as validated margin.",94.25287356321839,92.70114942528735,critical,4,27
424,440,1.03 Beverages,Maltin Polar 12 oz Maltin Polar 12 oz unit,1333.54,1324.25,MISSING_PROFITABILITY,profitability_data_quality,sales_exposure_not_confirmed_loss,1324.25,positive_net_sales_exposure,55,Load and validate COGS and Gross Profit; do not estimate loss until source cost is confirmed.,94.11764705882352,92.6470588235294,critical,4,28
65,81,2. Restaurant,Bacon Egg & Cheese Breakfast Sandwich,1284.0,1272.0,MISSING_PROFITABILITY,profitability_data_quality,sales_exposure_not_confirmed_loss,1272.0,positive_net_sales_exposure,55,Load and validate COGS and Gross Profit; do not estimate loss until source cost is confirmed.,93.66515837104072,92.46606334841628,critical,4,29
428,444,1.03 Beverages,Guarana Antartica 355 ML X12,1179.41,1179.41,MISSING_PROFITABILITY,profitability_data_quality,sales_exposure_not_confirmed_loss,1179.41,positive_net_sales_exposure,55,Load and validate COGS and Gross Profit; do not estimate loss until source cost is confirmed.,93.21266968325791,92.28506787330316,critical,4,30
1021,1037,1.05 Chips & Snacks,Barcel Runners Original Chile Limon - 200 Gr,243.75,121.75,NEGATIVE_MARGIN,profitability_result,reported_negative_gross_profit,35.5,absolute_reported_negative_gross_profit,60,"Validate selling price, unit cost, discount policy and transaction detail.",80.64516129032258,92.25806451612902,critical,4,31
410,426,1.03 Beverages,Pony Malta 11.12 oz / 330 ml Pony Malta unit,2469.74,2463.14,ZERO_COGS,profitability_data_quality,sales_exposure_not_confirmed_loss,2463.14,positive_net_sales_exposure,55,"Confirm recipes, purchase cost or item cost mapping; zero COGS is not accepted as validated margin.",93.10344827586206,92.24137931034483,critical,4,32
2028,2044,Bakery Frozen Products,160 Almojabana congelada x6,1133.19,1125.25,MISSING_PROFITABILITY,profitability_data_quality,sales_exposure_not_confirmed_loss,1125.25,positive_net_sales_exposure,55,Load and validate COGS and Gross Profit; do not estimate loss until source cost is confirmed.,92.76018099547511,92.10407239819004,critical,4,33
69,85,2. Restaurant,Combo Chips & Salsa,1091.35,1086.26,MISSING_PROFITABILITY,profitability_data_quality,sales_exposure_not_confirmed_loss,1086.26,positive_net_sales_exposure,55,Load and validate COGS and Gross Profit; do not estimate loss until source cost is confirmed.,92.3076923076923,91.92307692307692,critical,4,34
52,68,2. Restaurant,Breakfast Mexican Eggs Tacos,2458.36,2428.39,ZERO_COGS,profitability_data_quality,sales_exposure_not_confirmed_loss,2428.39,positive_net_sales_exposure,55,"Confirm recipes, purchase cost or item cost mapping; zero COGS is not accepted as validated margin.",91.95402298850574,91.7816091954023,critical,4,35
639,655,1.25 Sweets & Candies,Jet Chocolatina - 264 Gr X24,1004.33,1002.83,MISSING_PROFITABILITY,profitability_data_quality,sales_exposure_not_confirmed_loss,1002.83,positive_net_sales_exposure,55,Load and validate COGS and Gross Profit; do not estimate loss until source cost is confirmed.,91.8552036199095,91.7420814479638,critical,4,36
431,447,1.03 Beverages,Topo Chico Box 12 - 355ml X12,1029.81,980.82,MISSING_PROFITABILITY,profitability_data_quality,sales_exposure_not_confirmed_loss,980.82,positive_net_sales_exposure,55,Load and validate COGS and Gross Profit; do not estimate loss until source cost is confirmed.,91.4027149321267,91.56108597285068,critical,4,37
645,661,1.25 Sweets & Candies,Sonrics Rockaleta 20 Pack,888.75,888.75,MISSING_PROFITABILITY,profitability_data_quality,sales_exposure_not_confirmed_loss,888.75,positive_net_sales_exposure,55,Load and validate COGS and Gross Profit; do not estimate loss until source cost is confirmed.,90.9502262443439,91.38009049773756,critical,4,38
1491,1507,3.Coffee160,160 Cappuccino 12oz,2358.09,2330.35,ZERO_COGS,profitability_data_quality,sales_exposure_not_confirmed_loss,2330.35,positive_net_sales_exposure,55,"Confirm recipes, purchase cost or item cost mapping; zero COGS is not accepted as validated margin.",90.80459770114942,91.32183908045977,critical,4,39
71,87,2. Restaurant,Eggs Bacon & Cassava Waffles Breakfast,899.4,873.93,MISSING_PROFITABILITY,profitability_data_quality,sales_exposure_not_confirmed_loss,873.93,positive_net_sales_exposure,55,Load and validate COGS and Gross Profit; do not estimate loss until source cost is confirmed.,90.49773755656109,91.19909502262443,critical,4,40
966,982,1.05 Chips & Snacks,Su Sabor Rosquillas Cheese Snack,465.75,465.53,PROFIT_CONFIGURATION_ANOMALY,profitability_configuration,configuration_gap_not_confirmed_loss,283.28,absolute_cogs_configuration_gap,60,"Reconcile item COGS, reported Gross Profit and POS configuration against source transactions.",77.77777777777779,91.11111111111111,critical,4,41
1501,1517,3.Coffee160,160 Cortado Coffee,853.86,848.66,MISSING_PROFITABILITY,profitability_data_quality,sales_exposure_not_confirmed_loss,848.66,positive_net_sales_exposure,55,Load and validate COGS and Gross Profit; do not estimate loss until source cost is confirmed.,90.04524886877829,91.01809954751131,critical,4,42
579,595,1.03 Beverages,Tiky Pinneaple soda Glass 12 oz /  350 ml,119.8,59.8,NEGATIVE_MARGIN,profitability_result,reported_negative_gross_profit,25.6,absolute_reported_negative_gross_profit,60,"Validate selling price, unit cost, discount policy and transaction detail.",77.41935483870968,90.96774193548387,critical,4,43
54,70,2. Restaurant,Tacos de Tripa - Tripe Tacos,2262.74,2244.75,ZERO_COGS,profitability_data_quality,sales_exposure_not_confirmed_loss,2244.75,positive_net_sales_exposure,55,"Confirm recipes, purchase cost or item cost mapping; zero COGS is not accepted as validated margin.",89.65517241379311,90.86206896551724,critical,4,44
437,453,1.03 Beverages,Topo Chico Tropical Mango - 12 Oz 8 Pack,1114.75,830.25,MISSING_PROFITABILITY,profitability_data_quality,sales_exposure_not_confirmed_loss,830.25,positive_net_sales_exposure,55,Load and validate COGS and Gross Profit; do not estimate loss until source cost is confirmed.,89.59276018099548,90.83710407239819,critical,4,45
941,957,1.05 Chips & Snacks,El Sabroso Guacamole Tortilla Chips 284 g,949.11,809.95,MISSING_PROFITABILITY,profitability_data_quality,sales_exposure_not_confirmed_loss,809.95,positive_net_sales_exposure,55,Load and validate COGS and Gross Profit; do not estimate loss until source cost is confirmed.,89.14027149321268,90.65610859728507,critical,4,46
648,664,1.25 Sweets & Candies,De La Rosa Mazapan Gigante 1000 g Unit 50g / 1.76 Oz,770.0,770.0,MISSING_PROFITABILITY,profitability_data_quality,sales_exposure_not_confirmed_loss,770.0,positive_net_sales_exposure,55,Load and validate COGS and Gross Profit; do not estimate loss until source cost is confirmed.,88.68778280542986,90.47511312217195,critical,4,47
412,428,1.03 Beverages,Pony Malta 11.12 oz / 330 ml Pony Malta x 6,2221.29,2219.99,ZERO_COGS,profitability_data_quality,sales_exposure_not_confirmed_loss,2219.99,positive_net_sales_exposure,55,"Confirm recipes, purchase cost or item cost mapping; zero COGS is not accepted as validated margin.",88.50574712643679,90.40229885057471,critical,4,48
1967,1983,Uncategorized,Nestle Savoy Samba Fresa X unit,717.43,717.43,MISSING_PROFITABILITY,profitability_data_quality,sales_exposure_not_confirmed_loss,717.43,positive_net_sales_exposure,55,Load and validate COGS and Gross Profit; do not estimate loss until source cost is confirmed.,88.23529411764706,90.29411764705883,critical,4,49
445,461,1.03 Beverages,Topo Chico Passionfruit Can - 12 Oz X8,701.73,701.73,MISSING_PROFITABILITY,profitability_data_quality,sales_exposure_not_confirmed_loss,701.73,positive_net_sales_exposure,55,Load and validate COGS and Gross Profit; do not estimate loss until source cost is confirmed.,87.78280542986425,90.1131221719457,critical,4,50
2001,2017,Uncategorized,Manual Transaction,0.0,-23.25,MANUAL_NEGATIVE_ADJUSTMENT,manual_adjustment_control,negative_balance_requires_transaction_validation,23.25,absolute_negative_net_sales,50,"Trace the manual transaction to user, date, reason, approval and original sale.",100.0,90.0,critical,4,51
413,429,1.03 Beverages,Coca Cola Mexicana - 500 ml x Unit,2165.66,2149.68,ZERO_COGS,profitability_data_quality,sales_exposure_not_confirmed_loss,2149.68,positive_net_sales_exposure,55,"Confirm recipes, purchase cost or item cost mapping; zero COGS is not accepted as validated margin.",87.35632183908046,89.94252873563218,critical,4,52
80,96,2. Restaurant,Frijoles Refritos - Refried Beans,694.26,688.28,MISSING_PROFITABILITY,profitability_data_quality,sales_exposure_not_confirmed_loss,688.28,positive_net_sales_exposure,55,Load and validate COGS and Gross Profit; do not estimate loss until source cost is confirmed.,87.33031674208145,89.93212669683258,critical,4,53
1757,1773,1.28 Grains,Frijol Pinto UMS 2 LB,655.49,654.84,MISSING_PROFITABILITY,profitability_data_quality,sales_exposure_not_confirmed_loss,654.84,positive_net_sales_exposure,55,Load and validate COGS and Gross Profit; do not estimate loss until source cost is confirmed.,86.87782805429865,89.75113122171946,critical,4,54
1013,1029,1.05 Chips & Snacks,Seniorial chicharron spicy BBQ 1.97oz,294.29,167.77,NEGATIVE_MARGIN,profitability_result,reported_negative_gross_profit,23.16,absolute_reported_negative_gross_profit,60,"Validate selling price, unit cost, discount policy and transaction detail.",74.19354838709677,89.6774193548387,critical,4,55
654,670,1.25 Sweets & Candies,Las Sevillanas Glorias 21 oz X20,639.8,639.8,MISSING_PROFITABILITY,profitability_data_quality,sales_exposure_not_confirmed_loss,639.8,positive_net_sales_exposure,55,Load and validate COGS and Gross Profit; do not estimate loss until source cost is confirmed.,86.42533936651584,89.57013574660634,critical,4,56
1492,1508,3.Coffee160,160 Cafe con Leche  12oz,2121.92,2090.64,ZERO_COGS,profitability_data_quality,sales_exposure_not_confirmed_loss,2090.64,positive_net_sales_exposure,55,"Confirm recipes, purchase cost or item cost mapping; zero COGS is not accepted as validated margin.",86.20689655172413,89.48275862068965,critical,4,57
450,466,1.03 Beverages,Topo Chico Lime with Mint - Can - 12 Oz 8 PACK,637.0,637.0,MISSING_PROFITABILITY,profitability_data_quality,sales_exposure_not_confirmed_loss,637.0,positive_net_sales_exposure,55,Load and validate COGS and Gross Profit; do not estimate loss until source cost is confirmed.,85.97285067873304,89.38914027149322,critical,4,58
222,238,4.Bakery,160 Tres leches Small con fruta,630.0,630.0,MISSING_PROFITABILITY,profitability_data_quality,sales_exposure_not_confirmed_loss,630.0,positive_net_sales_exposure,55,Load and validate COGS and Gross Profit; do not estimate loss until source cost is confirmed.,85.52036199095022,89.20814479638008,critical,4,59
657,673,1.25 Sweets & Candies,De la Rosa pulparindo Mango 10 Oz / 280g BOX X20,615.12,615.12,MISSING_PROFITABILITY,profitability_data_quality,sales_exposure_not_confirmed_loss,615.12,positive_net_sales_exposure,55,Load and validate COGS and Gross Profit; do not estimate loss until source cost is confirmed.,85.06787330316742,89.02714932126696,critical,4,60
56,72,2. Restaurant,Caldo de Costilla,2014.74,1974.75,ZERO_COGS,profitability_data_quality,sales_exposure_not_confirmed_loss,1974.75,positive_net_sales_exposure,55,"Confirm recipes, purchase cost or item cost mapping; zero COGS is not accepted as validated margin.",85.0574712643678,89.02298850574712,critical,4,61
452,468,1.03 Beverages,Jarritos Pina 12.5oz x Unit,601.32,596.18,MISSING_PROFITABILITY,profitability_data_quality,sales_exposure_not_confirmed_loss,596.18,positive_net_sales_exposure,55,Load and validate COGS and Gross Profit; do not estimate loss until source cost is confirmed.,84.61538461538461,88.84615384615384,critical,4,62
1969,1985,Uncategorized,Nestle Cri Cri 123g X unit,584.35,584.35,MISSING_PROFITABILITY,profitability_data_quality,sales_exposure_not_confirmed_loss,584.35,positive_net_sales_exposure,55,Load and validate COGS and Gross Profit; do not estimate loss until source cost is confirmed.,84.16289592760181,88.66515837104072,critical,4,63
1493,1509,3.Coffee160,160 Cafe con Leche 16oz,1955.1,1893.87,ZERO_COGS,profitability_data_quality,sales_exposure_not_confirmed_loss,1893.87,positive_net_sales_exposure,55,"Confirm recipes, purchase cost or item cost mapping; zero COGS is not accepted as validated margin.",83.9080459770115,88.5632183908046,critical,4,64
457,473,1.03 Beverages,Guarana Antartica Cero 355 ML X12,559.72,559.72,MISSING_PROFITABILITY,profitability_data_quality,sales_exposure_not_confirmed_loss,559.72,positive_net_sales_exposure,55,Load and validate COGS and Gross Profit; do not estimate loss until source cost is confirmed.,83.710407239819,88.4841628959276,critical,4,65
987,1003,1.05 Chips & Snacks,Sabritas Cheetos Puffs 110g,510.27,289.43,NEGATIVE_MARGIN,profitability_result,reported_negative_gross_profit,19.45,absolute_reported_negative_gross_profit,60,"Validate selling price, unit cost, discount policy and transaction detail.",70.96774193548387,88.38709677419355,critical,4,66
1503,1519,3.Coffee160,Coffee Frappe,569.05,558.85,MISSING_PROFITABILITY,profitability_data_quality,sales_exposure_not_confirmed_loss,558.85,positive_net_sales_exposure,55,Load and validate COGS and Gross Profit; do not estimate loss until source cost is confirmed.,83.2579185520362,88.30316742081448,critical,4,67
458,474,1.03 Beverages,Topo Chico Mineral Water 355ml X24,557.94,557.94,MISSING_PROFITABILITY,profitability_data_quality,sales_exposure_not_confirmed_loss,557.94,positive_net_sales_exposure,55,Load and validate COGS and Gross Profit; do not estimate loss until source cost is confirmed.,82.80542986425338,88.12217194570135,critical,4,68
191,207,4.Bakery,Tres Leches Cake Medium,1760.0,1732.5,ZERO_COGS,profitability_data_quality,sales_exposure_not_confirmed_loss,1732.5,positive_net_sales_exposure,55,"Confirm recipes, purchase cost or item cost mapping; zero COGS is not accepted as validated margin.",82.75862068965517,88.10344827586206,critical,4,69
84,100,2. Restaurant,Coca-Cola - Kiosk,557.64,552.65,MISSING_PROFITABILITY,profitability_data_quality,sales_exposure_not_confirmed_loss,552.65,positive_net_sales_exposure,55,Load and validate COGS and Gross Profit; do not estimate loss until source cost is confirmed.,82.35294117647058,87.94117647058823,critical,4,70
460,476,1.03 Beverages,Topo Chico Raspberry Lemon - Can - 12 oz 8 Pack,546.0,546.0,MISSING_PROFITABILITY,profitability_data_quality,sales_exposure_not_confirmed_loss,546.0,positive_net_sales_exposure,55,Load and validate COGS and Gross Profit; do not estimate loss until source cost is confirmed.,81.90045248868778,87.76018099547511,critical,4,71
1494,1510,3.Coffee160,160 Americano 16oz,1734.3,1689.66,ZERO_COGS,profitability_data_quality,sales_exposure_not_confirmed_loss,1689.66,positive_net_sales_exposure,55,"Confirm recipes, purchase cost or item cost mapping; zero COGS is not accepted as validated margin.",81.60919540229885,87.64367816091954,critical,4,72
1971,1987,Uncategorized,Jarritos Mexican Cola 12.5oz x Unit,545.64,545.64,MISSING_PROFITABILITY,profitability_data_quality,sales_exposure_not_confirmed_loss,545.64,positive_net_sales_exposure,55,Load and validate COGS and Gross Profit; do not estimate loss until source cost is confirmed.,81.44796380090497,87.57918552036199,critical,4,73
2000,2016,Uncategorized,Manual Transaction,0.0,-10.18,MANUAL_NEGATIVE_ADJUSTMENT,manual_adjustment_control,negative_balance_requires_transaction_validation,10.18,absolute_negative_net_sales,50,"Trace the manual transaction to user, date, reason, approval and original sale.",93.75,87.5,critical,4,74
85,101,2. Restaurant,Delivery fee,520.0,518.31,MISSING_PROFITABILITY,profitability_data_quality,sales_exposure_not_confirmed_loss,518.31,positive_net_sales_exposure,55,Load and validate COGS and Gross Profit; do not estimate loss until source cost is confirmed.,80.99547511312217,87.39819004524887,critical,4,75
673,689,1.25 Sweets & Candies,Duvalin Fresa Avellana BOX,522.41,511.49,MISSING_PROFITABILITY,profitability_data_quality,sales_exposure_not_confirmed_loss,511.49,positive_net_sales_exposure,55,Load and validate COGS and Gross Profit; do not estimate loss until source cost is confirmed.,80.54298642533936,87.21719457013575,critical,4,76
62,78,2. Restaurant,Sirloin Tacos,1672.06,1672.06,ZERO_COGS,profitability_data_quality,sales_exposure_not_confirmed_loss,1672.06,positive_net_sales_exposure,55,"Confirm recipes, purchase cost or item cost mapping; zero COGS is not accepted as validated margin.",80.45977011494253,87.183908045977,critical,4,77
1682,1698,1.09 Cookies & Crackers,Noel Cookies Christmas Plegadiza Holiday / 24 215 Gr,83.86,41.26,NEGATIVE_MARGIN,profitability_result,reported_negative_gross_profit,15.58,absolute_reported_negative_gross_profit,60,"Validate selling price, unit cost, discount policy and transaction detail.",67.74193548387096,87.09677419354838,critical,4,78
1759,1775,1.28 Grains,Frijol Rojo UMS 2 LB,499.73,499.73,MISSING_PROFITABILITY,profitability_data_quality,sales_exposure_not_confirmed_loss,499.73,positive_net_sales_exposure,55,Load and validate COGS and Gross Profit; do not estimate loss until source cost is confirmed.,80.09049773755656,87.03619909502262,critical,4,79
86,102,2. Restaurant,Jarritos 12.5oz - Kiosk Beverage,499.33,499.33,MISSING_PROFITABILITY,profitability_data_quality,sales_exposure_not_confirmed_loss,499.33,positive_net_sales_exposure,55,Load and validate COGS and Gross Profit; do not estimate loss until source cost is confirmed.,79.63800904977376,86.8552036199095,critical,4,80
63,79,2. Restaurant,Catering  100 tacos,1660.0,1660.0,ZERO_COGS,profitability_data_quality,sales_exposure_not_confirmed_loss,1660.0,positive_net_sales_exposure,55,"Confirm recipes, purchase cost or item cost mapping; zero COGS is not accepted as validated margin.",79.3103448275862,86.72413793103448,critical,4,81
963,979,1.05 Chips & Snacks,Incas Food Habas Saladitas 4oz,493.36,493.36,MISSING_PROFITABILITY,profitability_data_quality,sales_exposure_not_confirmed_loss,493.36,positive_net_sales_exposure,55,Load and validate COGS and Gross Profit; do not estimate loss until source cost is confirmed.,79.18552036199095,86.67420814479638,critical,4,82
364,380,1.12 Frozen Products,Tajacol Frozen Tostones - 2 LB,296.0,285.82,PROFIT_CONFIGURATION_ANOMALY,profitability_configuration,configuration_gap_not_confirmed_loss,267.32,absolute_cogs_configuration_gap,60,"Reconcile item COGS, reported Gross Profit and POS configuration against source transactions.",66.66666666666666,86.66666666666666,critical,4,83
1972,1988,Uncategorized,Nestle Savoy Cri Cri 27 g / .95 oz X unit,499.33,473.23,MISSING_PROFITABILITY,profitability_data_quality,sales_exposure_not_confirmed_loss,473.23,positive_net_sales_exposure,55,Load and validate COGS and Gross Profit; do not estimate loss until source cost is confirmed.,78.73303167420815,86.49321266968326,critical,4,84
679,695,1.25 Sweets & Candies,De La Rosa Pulparindo Extra Spicy 280g / 10oz BOX X20,468.33,468.33,MISSING_PROFITABILITY,profitability_data_quality,sales_exposure_not_confirmed_loss,468.33,positive_net_sales_exposure,55,Load and validate COGS and Gross Profit; do not estimate loss until source cost is confirmed.,78.28054298642535,86.31221719457014,critical,4,85
1495,1511,3.Coffee160,160 Latte 16oz,1599.63,1574.82,ZERO_COGS,profitability_data_quality,sales_exposure_not_confirmed_loss,1574.82,positive_net_sales_exposure,55,"Confirm recipes, purchase cost or item cost mapping; zero COGS is not accepted as validated margin.",78.16091954022988,86.26436781609195,critical,4,86
470,486,1.03 Beverages,Jarritos Tamarindo 12.5oz x Unit,467.64,467.64,MISSING_PROFITABILITY,profitability_data_quality,sales_exposure_not_confirmed_loss,467.64,positive_net_sales_exposure,55,Load and validate COGS and Gross Profit; do not estimate loss until source cost is confirmed.,77.82805429864254,86.13122171945702,critical,4,87
472,488,1.03 Beverages,Jarritos Mineragua 12.5oz,495.51,465.35,MISSING_PROFITABILITY,profitability_data_quality,sales_exposure_not_confirmed_loss,465.35,positive_net_sales_exposure,55,Load and validate COGS and Gross Profit; do not estimate loss until source cost is confirmed.,77.37556561085974,85.9502262443439,critical,4,88
108,124,2. Restaurant,Empanada Vegana 15 pck,186.89,144.89,NEGATIVE_MARGIN,profitability_result,reported_negative_gross_profit,12.74,absolute_reported_negative_gross_profit,60,"Validate selling price, unit cost, discount policy and transaction detail.",64.51612903225806,85.80645161290323,critical,4,89
420,436,1.03 Beverages,Maltin Polar 12 oz Maltin Polar 12 oz x 6,1440.97,1440.97,ZERO_COGS,profitability_data_quality,sales_exposure_not_confirmed_loss,1440.97,positive_net_sales_exposure,55,"Confirm recipes, purchase cost or item cost mapping; zero COGS is not accepted as validated margin.",77.01149425287356,85.80459770114942,critical,4,90
473,489,1.03 Beverages,Topo Chico Blueberry Hibiscus Can - 12 Oz 8 Pack,455.0,455.0,MISSING_PROFITABILITY,profitability_data_quality,sales_exposure_not_confirmed_loss,455.0,positive_net_sales_exposure,55,Load and validate COGS and Gross Profit; do not estimate loss until source cost is confirmed.,76.92307692307693,85.76923076923077,critical,4,91
690,706,1.25 Sweets & Candies,Vero Elotes Chile Lollypop 560g T X40 Pack,424.44,424.44,MISSING_PROFITABILITY,profitability_data_quality,sales_exposure_not_confirmed_loss,424.44,positive_net_sales_exposure,55,Load and validate COGS and Gross Profit; do not estimate loss until source cost is confirmed.,76.47058823529412,85.58823529411765,critical,4,92
691,707,1.25 Sweets & Candies,Duvalin  Avellana Vainilla BOX,417.95,417.95,MISSING_PROFITABILITY,profitability_data_quality,sales_exposure_not_confirmed_loss,417.95,positive_net_sales_exposure,55,Load and validate COGS and Gross Profit; do not estimate loss until source cost is confirmed.,76.01809954751131,85.40723981900453,critical,4,93
421,437,1.03 Beverages,Maltin Polar 7oz Maltin Polar 7oz X 6,1439.69,1439.69,ZERO_COGS,profitability_data_quality,sales_exposure_not_confirmed_loss,1439.69,positive_net_sales_exposure,55,"Confirm recipes, purchase cost or item cost mapping; zero COGS is not accepted as validated margin.",75.86206896551724,85.34482758620689,critical,4,94
692,708,1.25 Sweets & Candies,De La Rosa Mazapan Original 840G X30,417.78,417.78,MISSING_PROFITABILITY,profitability_data_quality,sales_exposure_not_confirmed_loss,417.78,positive_net_sales_exposure,55,Load and validate COGS and Gross Profit; do not estimate loss until source cost is confirmed.,75.56561085972851,85.22624434389141,critical,4,95
477,493,1.03 Beverages,Topo Chico Lime with Mint - Can - 12 Oz 8 Pack,409.5,409.5,MISSING_PROFITABILITY,profitability_data_quality,sales_exposure_not_confirmed_loss,409.5,positive_net_sales_exposure,55,Load and validate COGS and Gross Profit; do not estimate loss until source cost is confirmed.,75.1131221719457,85.04524886877829,critical,4,96
1999,2015,Uncategorized,Manual Transaction,0.0,-9.1,MANUAL_NEGATIVE_ADJUSTMENT,manual_adjustment_control,negative_balance_requires_transaction_validation,9.1,absolute_negative_net_sales,50,"Trace the manual transaction to user, date, reason, approval and original sale.",87.5,85.0,critical,4,97
67,83,2. Restaurant,Chunchulla & Arepa,1231.12,1231.12,ZERO_COGS,profitability_data_quality,sales_exposure_not_confirmed_loss,1231.12,positive_net_sales_exposure,55,"Confirm recipes, purchase cost or item cost mapping; zero COGS is not accepted as validated margin.",74.71264367816092,84.88505747126436,high,3,98
1973,1989,Uncategorized,Las Sevillanas Glorias 21 oz Las Sevillanas Glorias unit,401.98,399.99,MISSING_PROFITABILITY,profitability_data_quality,sales_exposure_not_confirmed_loss,399.99,positive_net_sales_exposure,55,Load and validate COGS and Gross Profit; do not estimate loss until source cost is confirmed.,74.6606334841629,84.86425339366517,high,3,99
483,499,1.03 Beverages,Jarritos Guayaba 12oz x Unit,386.07,385.82,MISSING_PROFITABILITY,profitability_data_quality,sales_exposure_not_confirmed_loss,385.82,positive_net_sales_exposure,55,Load and validate COGS and Gross Profit; do not estimate loss until source cost is confirmed.,74.2081447963801,84.68325791855204,high,3,100
845,861,1.25 Sweets & Candies,Las Negras Torta de Naranja con Semillas de Amapola y Miel 1200 g UNIT,74.25,37.22,NEGATIVE_MARGIN,profitability_result,reported_negative_gross_profit,11.95,absolute_reported_negative_gross_profit,60,"Validate selling price, unit cost, discount policy and transaction detail.",61.29032258064516,84.51612903225806,high,3,101
698,714,1.25 Sweets & Candies,BonBonBum Fresa UNIT,379.96,379.19,MISSING_PROFITABILITY,profitability_data_quality,sales_exposure_not_confirmed_loss,379.19,positive_net_sales_exposure,55,Load and validate COGS and Gross Profit; do not estimate loss until source cost is confirmed.,73.7556561085973,84.50226244343892,high,3,102
210,226,4.Bakery,160 Tres Leches Small,1200.0,1183.5,ZERO_COGS,profitability_data_quality,sales_exposure_not_confirmed_loss,1183.5,positive_net_sales_exposure,55,"Confirm recipes, purchase cost or item cost mapping; zero COGS is not accepted as validated margin.",73.5632183908046,84.42528735632183,high,3,103
1974,1990,Uncategorized,Jarritos Mandarina 12.5oz x Unit,373.53,373.53,MISSING_PROFITABILITY,profitability_data_quality,sales_exposure_not_confirmed_loss,373.53,positive_net_sales_exposure,55,Load and validate COGS and Gross Profit; do not estimate loss until source cost is confirmed.,73.30316742081448,84.32126696832579,high,3,104
487,503,1.03 Beverages,Hit de Lulo 8 oz x Unit,372.13,371.14,MISSING_PROFITABILITY,profitability_data_quality,sales_exposure_not_confirmed_loss,371.14,positive_net_sales_exposure,55,Load and validate COGS and Gross Profit; do not estimate loss until source cost is confirmed.,72.85067873303167,84.14027149321267,high,3,105
212,228,4.Bakery,Tres Leches Cake Large,1199.85,1171.86,ZERO_COGS,profitability_data_quality,sales_exposure_not_confirmed_loss,1171.86,positive_net_sales_exposure,55,"Confirm recipes, purchase cost or item cost mapping; zero COGS is not accepted as validated margin.",72.41379310344827,83.9655172413793,high,3,106
488,504,1.03 Beverages,Cuzcatlan Cola Champagne 12oz x Unit,368.53,365.84,MISSING_PROFITABILITY,profitability_data_quality,sales_exposure_not_confirmed_loss,365.84,positive_net_sales_exposure,55,Load and validate COGS and Gross Profit; do not estimate loss until source cost is confirmed.,72.39819004524887,83.95927601809954,high,3,107
1510,1526,3.Coffee160,Passion Fruit Milkshake,365.7,360.18,MISSING_PROFITABILITY,profitability_data_quality,sales_exposure_not_confirmed_loss,360.18,positive_net_sales_exposure,55,Load and validate COGS and Gross Profit; do not estimate loss until source cost is confirmed.,71.94570135746606,83.77828054298642,high,3,108
1651,1667,1.09 Cookies & Crackers,Noel Crackers Saltin Integral 2 Tacos 276 Gr,461.34,356.13,MISSING_PROFITABILITY,profitability_data_quality,sales_exposure_not_confirmed_loss,356.13,positive_net_sales_exposure,55,Load and validate COGS and Gross Profit; do not estimate loss until source cost is confirmed.,71.49321266968326,83.5972850678733,high,3,109
1752,1768,1.28 Grains,Bunge White Corn Grits Trillado 2 LB,1036.58,1036.58,ZERO_COGS,profitability_data_quality,sales_exposure_not_confirmed_loss,1036.58,positive_net_sales_exposure,55,"Confirm recipes, purchase cost or item cost mapping; zero COGS is not accepted as validated margin.",71.26436781609196,83.50574712643679,high,3,110
234,250,4.Bakery,160 Passion Fruit Cheesecake,341.0,340.45,MISSING_PROFITABILITY,profitability_data_quality,sales_exposure_not_confirmed_loss,340.45,positive_net_sales_exposure,55,Load and validate COGS and Gross Profit; do not estimate loss until source cost is confirmed.,71.04072398190046,83.41628959276018,high,3,111
1592,1608,1.13 Flours,Maizena Natilla Arequipe 300 gr,342.68,336.09,MISSING_PROFITABILITY,profitability_data_quality,sales_exposure_not_confirmed_loss,336.09,positive_net_sales_exposure,55,Load and validate COGS and Gross Profit; do not estimate loss until source cost is confirmed.,70.58823529411765,83.23529411764706,high,3,112
268,284,4.Bakery,160 Croissant Roll 2 Pack,66.36,57.36,NEGATIVE_MARGIN,profitability_result,reported_negative_gross_profit,9.84,absolute_reported_negative_gross_profit,60,"Validate selling price, unit cost, discount policy and transaction detail.",58.06451612903226,83.2258064516129,high,3,113
713,729,1.25 Sweets & Candies,Nestle Sublime Clasico 26g,335.71,335.71,MISSING_PROFITABILITY,profitability_data_quality,sales_exposure_not_confirmed_loss,335.71,positive_net_sales_exposure,55,Load and validate COGS and Gross Profit; do not estimate loss until source cost is confirmed.,70.13574660633483,83.05429864253394,high,3,114
1498,1514,3.Coffee160,160 Chocolate 12oz,1105.23,1021.13,ZERO_COGS,profitability_data_quality,sales_exposure_not_confirmed_loss,1021.13,positive_net_sales_exposure,55,"Confirm recipes, purchase cost or item cost mapping; zero COGS is not accepted as validated margin.",70.11494252873564,83.04597701149426,high,3,115
1772,1788,1.28 Grains,Frijol Negro UMS 2LB,337.48,330.99,MISSING_PROFITABILITY,profitability_data_quality,sales_exposure_not_confirmed_loss,330.99,positive_net_sales_exposure,55,Load and validate COGS and Gross Profit; do not estimate loss until source cost is confirmed.,69.68325791855203,82.87330316742081,high,3,116
494,510,1.03 Beverages,Topo Chico Tangerine Ginger - Can - 12 Oz 8 Pack,318.5,318.5,MISSING_PROFITABILITY,profitability_data_quality,sales_exposure_not_confirmed_loss,318.5,positive_net_sales_exposure,55,Load and validate COGS and Gross Profit; do not estimate loss until source cost is confirmed.,69.23076923076923,82.6923076923077,high,3,117
1753,1769,1.28 Grains,Frijol Mayocoba UMS 2LB,981.75,977.62,ZERO_COGS,profitability_data_quality,sales_exposure_not_confirmed_loss,977.62,positive_net_sales_exposure,55,"Confirm recipes, purchase cost or item cost mapping; zero COGS is not accepted as validated margin.",68.96551724137932,82.58620689655173,high,3,118
1976,1992,Uncategorized,Ricolino Bubulubu unit,314.42,314.42,MISSING_PROFITABILITY,profitability_data_quality,sales_exposure_not_confirmed_loss,314.42,positive_net_sales_exposure,55,Load and validate COGS and Gross Profit; do not estimate loss until source cost is confirmed.,68.77828054298642,82.51131221719457,high,3,119
1998,2014,Uncategorized,Manual Transaction,0.0,-8.49,MANUAL_NEGATIVE_ADJUSTMENT,manual_adjustment_control,negative_balance_requires_transaction_validation,8.49,absolute_negative_net_sales,50,"Trace the manual transaction to user, date, reason, approval and original sale.",81.25,82.5,high,3,120
236,252,4.Bakery,160 Pan de Muerto 4pack caja,311.76,311.76,MISSING_PROFITABILITY,profitability_data_quality,sales_exposure_not_confirmed_loss,311.76,positive_net_sales_exposure,55,Load and validate COGS and Gross Profit; do not estimate loss until source cost is confirmed.,68.32579185520362,82.33031674208145,high,3,121
1001,1017,1.05 Chips & Snacks,Su Sabor Platanito Maduro 3.2oz,229.08,228.58,PROFIT_CONFIGURATION_ANOMALY,profitability_configuration,configuration_gap_not_confirmed_loss,121.51,absolute_cogs_configuration_gap,60,"Reconcile item COGS, reported Gross Profit and POS configuration against source transactions.",55.55555555555556,82.22222222222223,high,3,122
1513,1529,3.Coffee160,Nutella Milkshake,303.6,303.6,MISSING_PROFITABILITY,profitability_data_quality,sales_exposure_not_confirmed_loss,303.6,positive_net_sales_exposure,55,Load and validate COGS and Gross Profit; do not estimate loss until source cost is confirmed.,67.87330316742081,82.14932126696833,high,3,123
1500,1516,3.Coffee160,160 Vanilla Latte 16oz,1007.66,931.27,ZERO_COGS,profitability_data_quality,sales_exposure_not_confirmed_loss,931.27,positive_net_sales_exposure,55,"Confirm recipes, purchase cost or item cost mapping; zero COGS is not accepted as validated margin.",67.81609195402298,82.12643678160919,high,3,124
1977,1993,Uncategorized,De La Rosa Mazapan Original 840g Box 30 unit 28g / 1 Oz,294.52,294.32,MISSING_PROFITABILITY,profitability_data_quality,sales_exposure_not_confirmed_loss,294.32,positive_net_sales_exposure,55,Load and validate COGS and Gross Profit; do not estimate loss until source cost is confirmed.,67.42081447963801,81.96832579185521,high,3,125
836,852,1.25 Sweets & Candies,Winter's Panetton Doypack 6/500Gr,89.94,44.94,NEGATIVE_MARGIN,profitability_result,reported_negative_gross_profit,9.0,absolute_reported_negative_gross_profit,60,"Validate selling price, unit cost, discount policy and transaction detail.",54.83870967741935,81.93548387096774,high,3,126
502,518,1.03 Beverages,Maltin Polar 7oz X24,293.93,293.93,MISSING_PROFITABILITY,profitability_data_quality,sales_exposure_not_confirmed_loss,293.93,positive_net_sales_exposure,55,Load and validate COGS and Gross Profit; do not estimate loss until source cost is confirmed.,66.9683257918552,81.78733031674207,high,3,127
1502,1518,3.Coffee160,160 Vanilla Latte 12oz,825.0,804.61,ZERO_COGS,profitability_data_quality,sales_exposure_not_confirmed_loss,804.61,positive_net_sales_exposure,55,"Confirm recipes, purchase cost or item cost mapping; zero COGS is not accepted as validated margin.",66.66666666666666,81.66666666666666,high,3,128
717,733,1.25 Sweets & Candies,De La Rosa Pulparindo Original 20/10oz - 280gr X20,278.69,274.2,MISSING_PROFITABILITY,profitability_data_quality,sales_exposure_not_confirmed_loss,274.2,positive_net_sales_exposure,55,Load and validate COGS and Gross Profit; do not estimate loss until source cost is confirmed.,66.51583710407239,81.60633484162895,high,3,129
366,382,1.12 Frozen Products,Frushecha Soursop Pulp 14oz,277.13,274.13,MISSING_PROFITABILITY,profitability_data_quality,sales_exposure_not_confirmed_loss,274.13,positive_net_sales_exposure,55,Load and validate COGS and Gross Profit; do not estimate loss until source cost is confirmed.,66.06334841628959,81.42533936651583,high,3,130
507,523,1.03 Beverages,Topo Chico Mineral Water Glass 750 ML - T BOX 12,260.97,260.97,MISSING_PROFITABILITY,profitability_data_quality,sales_exposure_not_confirmed_loss,260.97,positive_net_sales_exposure,55,Load and validate COGS and Gross Profit; do not estimate loss until source cost is confirmed.,65.61085972850678,81.2443438914027,high,3,131
651,667,1.25 Sweets & Candies,Nestle Savoy Carre Leche y Avellanas 2.2lb / 1kg UNIT,719.1,719.1,ZERO_COGS,profitability_data_quality,sales_exposure_not_confirmed_loss,719.1,positive_net_sales_exposure,55,"Confirm recipes, purchase cost or item cost mapping; zero COGS is not accepted as validated margin.",65.51724137931035,81.20689655172414,high,3,132
1978,1994,Uncategorized,Tamaroca Banderilla Con Chile unit,258.7,258.7,MISSING_PROFITABILITY,profitability_data_quality,sales_exposure_not_confirmed_loss,258.7,positive_net_sales_exposure,55,Load and validate COGS and Gross Profit; do not estimate loss until source cost is confirmed.,65.15837104072398,81.06334841628959,high,3,133
722,738,1.25 Sweets & Candies,Ricolino Mini Paleta Payaso 15 Pzas 375g / 13.23oz X15,256.75,256.75,MISSING_PROFITABILITY,profitability_data_quality,sales_exposure_not_confirmed_loss,256.75,positive_net_sales_exposure,55,Load and validate COGS and Gross Profit; do not estimate loss until source cost is confirmed.,64.70588235294117,80.88235294117646,high,3,134
443,459,1.03 Beverages,Jarritos Lime 12.5oz x Unit,717.96,716.72,ZERO_COGS,profitability_data_quality,sales_exposure_not_confirmed_loss,716.72,positive_net_sales_exposure,55,"Confirm recipes, purchase cost or item cost mapping; zero COGS is not accepted as validated margin.",64.36781609195403,80.74712643678161,high,3,135
1517,1533,3.Coffee160,Cookies & Cream Milkshake,262.2,256.68,MISSING_PROFITABILITY,profitability_data_quality,sales_exposure_not_confirmed_loss,256.68,positive_net_sales_exposure,55,Load and validate COGS and Gross Profit; do not estimate loss until source cost is confirmed.,64.25339366515837,80.70135746606334,high,3,136
270,286,4.Bakery,160 Three Cheese Croissant,56.5,53.0,NEGATIVE_MARGIN,profitability_result,reported_negative_gross_profit,7.72,absolute_reported_negative_gross_profit,60,"Validate selling price, unit cost, discount policy and transaction detail.",51.61290322580645,80.64516129032258,high,3,137
723,739,1.25 Sweets & Candies,De la Rosa Mazapan 11.8 oz BOX,259.74,254.75,MISSING_PROFITABILITY,profitability_data_quality,sales_exposure_not_confirmed_loss,254.75,positive_net_sales_exposure,55,Load and validate COGS and Gross Profit; do not estimate loss until source cost is confirmed.,63.80090497737556,80.52036199095022,high,3,138
1659,1675,1.09 Cookies & Crackers,Gamesa Emperador Chocolate 14.3oz,251.79,251.79,MISSING_PROFITABILITY,profitability_data_quality,sales_exposure_not_confirmed_loss,251.79,positive_net_sales_exposure,55,Load and validate COGS and Gross Profit; do not estimate loss until source cost is confirmed.,63.348416289592755,80.3393665158371,high,3,139
1970,1986,Uncategorized,Jarritos Grapefruit  12.5oz x Unit,565.26,553.89,ZERO_COGS,profitability_data_quality,sales_exposure_not_confirmed_loss,553.89,positive_net_sales_exposure,55,"Confirm recipes, purchase cost or item cost mapping; zero COGS is not accepted as validated margin.",63.2183908045977,80.28735632183908,high,3,140
1191,1207,1.23 Sauces,Sibarita Amarillin 250g / 8.82oz,242.68,242.68,MISSING_PROFITABILITY,profitability_data_quality,sales_exposure_not_confirmed_loss,242.68,positive_net_sales_exposure,55,Load and validate COGS and Gross Profit; do not estimate loss until source cost is confirmed.,62.89592760180995,80.15837104072398,high,3,141
1997,2013,Uncategorized,Manual Transaction,0.0,-7.99,MANUAL_NEGATIVE_ADJUSTMENT,manual_adjustment_control,negative_balance_requires_transaction_validation,7.99,absolute_negative_net_sales,50,"Trace the manual transaction to user, date, reason, approval and original sale.",75.0,80.0,high,3,142
994,1010,1.05 Chips & Snacks,Besitos  Calenos / Cassava Snack 30g T x6 PACK,239.84,239.84,MISSING_PROFITABILITY,profitability_data_quality,sales_exposure_not_confirmed_loss,239.84,positive_net_sales_exposure,55,Load and validate COGS and Gross Profit; do not estimate loss until source cost is confirmed.,62.44343891402715,79.97737556561086,high,3,143
465,481,1.03 Beverages,Jarritos Mango12.5 oz x Unit,514.77,513.79,ZERO_COGS,profitability_data_quality,sales_exposure_not_confirmed_loss,513.79,positive_net_sales_exposure,55,"Confirm recipes, purchase cost or item cost mapping; zero COGS is not accepted as validated margin.",62.06896551724138,79.82758620689656,high,3,144
730,746,1.25 Sweets & Candies,Arcor Turron de Mani 25 g unit,234.82,234.82,MISSING_PROFITABILITY,profitability_data_quality,sales_exposure_not_confirmed_loss,234.82,positive_net_sales_exposure,55,Load and validate COGS and Gross Profit; do not estimate loss until source cost is confirmed.,61.990950226244344,79.79638009049773,high,3,145
1725,1741,1.14 Herbal Teas,CBSE Yerba Mate Naranja 500GR,233.74,233.74,MISSING_PROFITABILITY,profitability_data_quality,sales_exposure_not_confirmed_loss,233.74,positive_net_sales_exposure,55,Load and validate COGS and Gross Profit; do not estimate loss until source cost is confirmed.,61.53846153846154,79.61538461538461,high,3,146
1462,1478,1.04 Can Products,La Costena Peach Halves 820g,231.71,231.71,MISSING_PROFITABILITY,profitability_data_quality,sales_exposure_not_confirmed_loss,231.71,positive_net_sales_exposure,55,Load and validate COGS and Gross Profit; do not estimate loss until source cost is confirmed.,61.085972850678736,79.43438914027149,high,3,147
1505,1521,3.Coffee160,160 Chocolate 16oz,529.82,513.16,ZERO_COGS,profitability_data_quality,sales_exposure_not_confirmed_loss,513.16,positive_net_sales_exposure,55,"Confirm recipes, purchase cost or item cost mapping; zero COGS is not accepted as validated margin.",60.91954022988506,79.36781609195403,high,3,148
1304,1320,"1.06 Coffee, Cocoa, Panela, Butter",Caboclo Cafe 500 gr,140.94,91.64,NEGATIVE_MARGIN,profitability_result,reported_negative_gross_profit,7.42,absolute_reported_negative_gross_profit,60,"Validate selling price, unit cost, discount policy and transaction detail.",48.38709677419355,79.35483870967742,high,3,149
96,112,2. Restaurant,Fresh Bocado Empanada Coctelera Papa y Queso 15pack,237.86,231.06,MISSING_PROFITABILITY,profitability_data_quality,sales_exposure_not_confirmed_loss,231.06,positive_net_sales_exposure,55,Load and validate COGS and Gross Profit; do not estimate loss until source cost is confirmed.,60.633484162895925,79.25339366515837,high,3,150
732,748,1.25 Sweets & Candies,Ricolino Bubulubu X24,227.94,227.94,MISSING_PROFITABILITY,profitability_data_quality,sales_exposure_not_confirmed_loss,227.94,positive_net_sales_exposure,55,Load and validate COGS and Gross Profit; do not estimate loss until source cost is confirmed.,60.18099547511312,79.07239819004525,high,3,151
688,704,1.25 Sweets & Candies,Kinder Delice Cacao 1.48oz x Unit,428.28,428.28,ZERO_COGS,profitability_data_quality,sales_exposure_not_confirmed_loss,428.28,positive_net_sales_exposure,55,"Confirm recipes, purchase cost or item cost mapping; zero COGS is not accepted as validated margin.",59.77011494252874,78.9080459770115,high,3,152
1375,1391,1.07 Condiments & Spices,Chile Piquin 25 Gr,224.5,224.5,MISSING_PROFITABILITY,profitability_data_quality,sales_exposure_not_confirmed_loss,224.5,positive_net_sales_exposure,55,Load and validate COGS and Gross Profit; do not estimate loss until source cost is confirmed.,59.72850678733032,78.89140271493213,high,3,153
1786,1802,1.28 Grains,Verde Valle Arroz 4 lb,224.12,224.12,MISSING_PROFITABILITY,profitability_data_quality,sales_exposure_not_confirmed_loss,224.12,positive_net_sales_exposure,55,Load and validate COGS and Gross Profit; do not estimate loss until source cost is confirmed.,59.276018099547514,78.710407239819,high,3,154
1508,1524,3.Coffee160,160 Honey Beans 300g,403.73,400.73,ZERO_COGS,profitability_data_quality,sales_exposure_not_confirmed_loss,400.73,positive_net_sales_exposure,55,"Confirm recipes, purchase cost or item cost mapping; zero COGS is not accepted as validated margin.",58.620689655172406,78.44827586206897,high,3,155
97,113,2. Restaurant,Tres Leches - Sponge Cake Kiosk,223.72,223.72,MISSING_PROFITABILITY,profitability_data_quality,sales_exposure_not_confirmed_loss,223.72,positive_net_sales_exposure,55,Load and validate COGS and Gross Profit; do not estimate loss until source cost is confirmed.,58.59728506787331,78.43891402714932,high,3,156
1660,1676,1.09 Cookies & Crackers,Nestle Susy 4 Pack 200g / 7.04 oz X4,223.72,223.72,MISSING_PROFITABILITY,profitability_data_quality,sales_exposure_not_confirmed_loss,223.72,positive_net_sales_exposure,55,Load and validate COGS and Gross Profit; do not estimate loss until source cost is confirmed.,58.59728506787331,78.43891402714932,high,3,157
734,750,1.25 Sweets & Candies,De la Rosa Pulparindo Sandia 10 oz/ 280g BOX,223.68,223.68,MISSING_PROFITABILITY,profitability_data_quality,sales_exposure_not_confirmed_loss,223.68,positive_net_sales_exposure,55,Load and validate COGS and Gross Profit; do not estimate loss until source cost is confirmed.,57.9185520361991,78.16742081447964,high,3,158
786,802,1.25 Sweets & Candies,Su Sabor Guava and Manjar Twist / Mermelada de Guava y Manjar  270g,175.78,101.78,NEGATIVE_MARGIN,profitability_result,reported_negative_gross_profit,6.24,absolute_reported_negative_gross_profit,60,"Validate selling price, unit cost, discount policy and transaction detail.",45.16129032258064,78.06451612903226,high,3,159
1509,1525,3.Coffee160,160 Cafe Regular 12oz,391.69,386.59,ZERO_COGS,profitability_data_quality,sales_exposure_not_confirmed_loss,386.59,positive_net_sales_exposure,55,"Confirm recipes, purchase cost or item cost mapping; zero COGS is not accepted as validated margin.",57.47126436781609,77.98850574712644,high,3,160
737,753,1.25 Sweets & Candies,De La Rosa Mazapan Gigante 1000 g X20,219.9,219.9,MISSING_PROFITABILITY,profitability_data_quality,sales_exposure_not_confirmed_loss,219.9,positive_net_sales_exposure,55,Load and validate COGS and Gross Profit; do not estimate loss until source cost is confirmed.,57.466063348416284,77.98642533936652,high,3,161
2013,2029,1.16 Miscelanea,Veladora Virgen de Guadalupe,207.48,207.48,MISSING_PROFITABILITY,profitability_data_quality,sales_exposure_not_confirmed_loss,207.48,positive_net_sales_exposure,55,Load and validate COGS and Gross Profit; do not estimate loss until source cost is confirmed.,57.01357466063348,77.8054298642534,high,3,162
163,179,4.Bakery,160 Rosca de Reyes Grande,5440.0,4069.94,PROFIT_CONFIGURATION_ANOMALY,profitability_configuration,configuration_gap_not_confirmed_loss,109.98000000000002,absolute_cogs_configuration_gap,60,"Reconcile item COGS, reported Gross Profit and POS configuration against source transactions.",44.44444444444444,77.77777777777777,high,3,163
514,530,1.03 Beverages,Topo Chico Tangerine Ginger - Can - 12 Oz 8 PACK,204.75,204.75,MISSING_PROFITABILITY,profitability_data_quality,sales_exposure_not_confirmed_loss,204.75,positive_net_sales_exposure,55,Load and validate COGS and Gross Profit; do not estimate loss until source cost is confirmed.,56.56108597285068,77.62443438914028,high,3,164
1975,1991,Uncategorized,Postobon Hit Mora Bottle 8oz x Unit,374.12,372.92,ZERO_COGS,profitability_data_quality,sales_exposure_not_confirmed_loss,372.92,positive_net_sales_exposure,55,"Confirm recipes, purchase cost or item cost mapping; zero COGS is not accepted as validated margin.",56.32183908045977,77.52873563218391,high,3,165
1996,2012,Uncategorized,Manual Transaction,0.0,-6.99,MANUAL_NEGATIVE_ADJUSTMENT,manual_adjustment_control,negative_balance_requires_transaction_validation,6.99,absolute_negative_net_sales,50,"Trace the manual transaction to user, date, reason, approval and original sale.",68.75,77.5,high,3,166
515,531,1.03 Beverages,Fanta Naranja 500ml / 16.91oz x Unit,204.36,204.36,MISSING_PROFITABILITY,profitability_data_quality,sales_exposure_not_confirmed_loss,204.36,positive_net_sales_exposure,55,Load and validate COGS and Gross Profit; do not estimate loss until source cost is confirmed.,56.10859728506787,77.44343891402715,high,3,167
1728,1744,1.14 Herbal Teas,CBSE Yerba Mate Cuyanas 500g,197.78,197.78,MISSING_PROFITABILITY,profitability_data_quality,sales_exposure_not_confirmed_loss,197.78,positive_net_sales_exposure,55,Load and validate COGS and Gross Profit; do not estimate loss until source cost is confirmed.,55.65610859728507,77.26244343891403,high,3,168
242,258,4.Bakery,160 Empanada criolla pollo y queso,198.0,196.2,MISSING_PROFITABILITY,profitability_data_quality,sales_exposure_not_confirmed_loss,196.2,positive_net_sales_exposure,55,Load and validate COGS and Gross Profit; do not estimate loss until source cost is confirmed.,55.203619909502265,77.08144796380091,high,3,169
1511,1527,3.Coffee160,Passion Fruit-Mango Lemonade,345.87,335.16,ZERO_COGS,profitability_data_quality,sales_exposure_not_confirmed_loss,335.16,positive_net_sales_exposure,55,"Confirm recipes, purchase cost or item cost mapping; zero COGS is not accepted as validated margin.",55.172413793103445,77.06896551724138,high,3,170
519,535,1.03 Beverages,Topo Chico Lime Mineral Water - 12oz X24,195.98,195.98,MISSING_PROFITABILITY,profitability_data_quality,sales_exposure_not_confirmed_loss,195.98,positive_net_sales_exposure,55,Load and validate COGS and Gross Profit; do not estimate loss until source cost is confirmed.,54.75113122171946,76.90045248868779,high,3,171
819,835,1.25 Sweets & Candies,Reserva Minas Doce Leite / Caramel 650g,89.94,57.47,NEGATIVE_MARGIN,profitability_result,reported_negative_gross_profit,6.13,absolute_reported_negative_gross_profit,60,"Validate selling price, unit cost, discount policy and transaction detail.",41.935483870967744,76.7741935483871,high,3,172
743,759,1.25 Sweets & Candies,Ricolino Mini Paleta Payaso 15 Pzas 375g / 13.23oz X Unit,197.5,195.0,MISSING_PROFITABILITY,profitability_data_quality,sales_exposure_not_confirmed_loss,195.0,positive_net_sales_exposure,55,Load and validate COGS and Gross Profit; do not estimate loss until source cost is confirmed.,54.29864253393665,76.71945701357465,high,3,173
1512,1528,3.Coffee160,Coconut Lemonade,334.89,332.14,ZERO_COGS,profitability_data_quality,sales_exposure_not_confirmed_loss,332.14,positive_net_sales_exposure,55,"Confirm recipes, purchase cost or item cost mapping; zero COGS is not accepted as validated margin.",54.02298850574713,76.60919540229885,high,3,174
1664,1680,1.09 Cookies & Crackers,Gamesa Barras de Coco 14 oz,191.81,191.81,MISSING_PROFITABILITY,profitability_data_quality,sales_exposure_not_confirmed_loss,191.81,positive_net_sales_exposure,55,Load and validate COGS and Gross Profit; do not estimate loss until source cost is confirmed.,53.84615384615385,76.53846153846153,high,3,175
745,761,1.25 Sweets & Candies,Marinela Sponch - 1.59 oz X24,202.93,188.43,MISSING_PROFITABILITY,profitability_data_quality,sales_exposure_not_confirmed_loss,188.43,positive_net_sales_exposure,55,Load and validate COGS and Gross Profit; do not estimate loss until source cost is confirmed.,53.39366515837104,76.35746606334841,high,3,176
746,762,1.25 Sweets & Candies,Marinela Barritas Pineapple Strawberry - 1.94 oz BOX,376.87,188.37,MISSING_PROFITABILITY,profitability_data_quality,sales_exposure_not_confirmed_loss,188.37,positive_net_sales_exposure,55,Load and validate COGS and Gross Profit; do not estimate loss until source cost is confirmed.,52.94117647058824,76.17647058823529,high,3,177
235,251,4.Bakery,160 Flan Entero,325.0,325.0,ZERO_COGS,profitability_data_quality,sales_exposure_not_confirmed_loss,325.0,positive_net_sales_exposure,55,"Confirm recipes, purchase cost or item cost mapping; zero COGS is not accepted as validated margin.",52.87356321839081,76.14942528735632,high,3,178
1665,1681,1.09 Cookies & Crackers,Gamesa Emperador Pecan 14.3oz,185.25,184.27,MISSING_PROFITABILITY,profitability_data_quality,sales_exposure_not_confirmed_loss,184.27,positive_net_sales_exposure,55,Load and validate COGS and Gross Profit; do not estimate loss until source cost is confirmed.,52.488687782805435,75.99547511312217,high,3,179
1203,1219,1.23 Sauces,Incas food aji panca paste especial sin picante 1.7kg,183.96,183.96,MISSING_PROFITABILITY,profitability_data_quality,sales_exposure_not_confirmed_loss,183.96,positive_net_sales_exposure,55,Load and validate COGS and Gross Profit; do not estimate loss until source cost is confirmed.,52.03619909502263,75.81447963800905,high,3,180
495,511,1.03 Beverages,Sangria Senorial 11.16oz x Unit,320.85,318.06,ZERO_COGS,profitability_data_quality,sales_exposure_not_confirmed_loss,318.06,positive_net_sales_exposure,55,"Confirm recipes, purchase cost or item cost mapping; zero COGS is not accepted as validated margin.",51.724137931034484,75.6896551724138,high,3,181
1522,1538,3.Coffee160,Mandarin Frappe,179.7,179.7,MISSING_PROFITABILITY,profitability_data_quality,sales_exposure_not_confirmed_loss,179.7,positive_net_sales_exposure,55,Load and validate COGS and Gross Profit; do not estimate loss until source cost is confirmed.,51.58371040723983,75.63348416289593,high,3,182
1088,1104,1.26 Tortillas,"Don Pancho Tortilla Lonchera 4"" 35.29oz",314.55,206.05,NEGATIVE_MARGIN,profitability_result,reported_negative_gross_profit,5.9,absolute_reported_negative_gross_profit,60,"Validate selling price, unit cost, discount policy and transaction detail.",38.70967741935484,75.48387096774194,high,3,183
528,544,1.03 Beverages,Guarana Antartica Cero 350mL Unit,178.62,178.62,MISSING_PROFITABILITY,profitability_data_quality,sales_exposure_not_confirmed_loss,178.62,positive_net_sales_exposure,55,Load and validate COGS and Gross Profit; do not estimate loss until source cost is confirmed.,51.13122171945701,75.4524886877828,high,3,184
1925,1941,1.11 Fresh Products,Tamarindo KG,178.18,178.18,MISSING_PROFITABILITY,profitability_data_quality,sales_exposure_not_confirmed_loss,178.18,positive_net_sales_exposure,55,Load and validate COGS and Gross Profit; do not estimate loss until source cost is confirmed.,50.678733031674206,75.27149321266968,high,3,185
496,512,1.03 Beverages,Frescolita Lata 330 ml x Unit,317.42,317.42,ZERO_COGS,profitability_data_quality,sales_exposure_not_confirmed_loss,317.42,positive_net_sales_exposure,55,"Confirm recipes, purchase cost or item cost mapping; zero COGS is not accepted as validated margin.",50.57471264367817,75.22988505747126,high,3,186
529,545,1.03 Beverages,Jarritos Watermelon 12.5oz x Unit,177.99,177.74,MISSING_PROFITABILITY,profitability_data_quality,sales_exposure_not_confirmed_loss,177.74,positive_net_sales_exposure,55,Load and validate COGS and Gross Profit; do not estimate loss until source cost is confirmed.,50.2262443438914,75.09049773755656,high,3,187
1690,1706,1.19 Peppers,Chile Ancho  250 Gr,7210.19,7195.2,CATALOG_ACTIONABLE,catalog_control,sales_associated_with_review_candidate,7195.2,associated_positive_net_sales,35,"Validate SKU/UPC, presentation, duplicate status and pack-size configuration before any merge.",100.0,75.0,high,3,188
408,424,1.03 Beverages,Postobon Apple Flavoured Manzana Soda 1.5 L,4356.27,2808.6,LOW_MARGIN,profitability_result,margin_review_not_confirmed_loss,2808.6,associated_net_sales,35,Review price-cost relationship and whether discounts compressed the observed margin.,100.0,75.0,high,3,189
149,165,4.Bakery,160 Rosca de Reyes Mediana,11760.0,9945.0,REVENUE_REDUCTION,revenue_efficiency,confirmed_revenue_reduction_not_automatically_avoidable,1815.0,gross_to_net_reduction,35,"Validate discount/refund authorization, business purpose and policy compliance.",100.0,75.0,high,3,190
1995,2011,Uncategorized,Manual Transaction,0.0,-6.79,MANUAL_NEGATIVE_ADJUSTMENT,manual_adjustment_control,negative_balance_requires_transaction_validation,6.79,absolute_negative_net_sales,50,"Trace the manual transaction to user, date, reason, approval and original sale.",62.5,75.0,high,3,191
408,424,1.03 Beverages,Postobon Apple Flavoured Manzana Soda 1.5 L,4356.27,2808.6,REVENUE_REDUCTION,revenue_efficiency,confirmed_revenue_reduction_not_automatically_avoidable,1547.6700000000005,gross_to_net_reduction,35,"Validate discount/refund authorization, business purpose and policy compliance.",99.88235294117646,74.95294117647059,high,3,192
754,770,1.25 Sweets & Candies,Las Nelas Choco Wow Cake 6 / 800 Gr Unit,253.98,156.09,MISSING_PROFITABILITY,profitability_data_quality,sales_exposure_not_confirmed_loss,156.09,positive_net_sales_exposure,55,Load and validate COGS and Gross Profit; do not estimate loss until source cost is confirmed.,49.7737556561086,74.90950226244344,high,3,193
163,179,4.Bakery,160 Rosca de Reyes Grande,5440.0,4069.94,REVENUE_REDUCTION,revenue_efficiency,confirmed_revenue_reduction_not_automatically_avoidable,1370.06,gross_to_net_reduction,35,"Validate discount/refund authorization, business purpose and policy compliance.",99.76470588235294,74.90588235294118,high,3,194
1101,1117,1.10 Dairy,Rumba Cheese Panela Kg,8533.99,7713.32,REVENUE_REDUCTION,revenue_efficiency,confirmed_revenue_reduction_not_automatically_avoidable,820.6700000000001,gross_to_net_reduction,35,"Validate discount/refund authorization, business purpose and policy compliance.",99.6470588235294,74.85882352941177,high,3,195
1106,1122,1.10 Dairy,Rumba Cotija Rallado 300g,3987.15,3189.15,REVENUE_REDUCTION,revenue_efficiency,confirmed_revenue_reduction_not_automatically_avoidable,798.0,gross_to_net_reduction,35,"Validate discount/refund authorization, business purpose and policy compliance.",99.52941176470588,74.81176470588235,high,3,196
498,514,1.03 Beverages,Guarana Antartica 350ml x unit,304.41,304.41,ZERO_COGS,profitability_data_quality,sales_exposure_not_confirmed_loss,304.41,positive_net_sales_exposure,55,"Confirm recipes, purchase cost or item cost mapping; zero COGS is not accepted as validated margin.",49.42528735632184,74.77011494252874,high,3,197
1105,1121,1.10 Dairy,Rumba Oaxaca Rallado 300g,4294.93,3534.23,REVENUE_REDUCTION,revenue_efficiency,confirmed_revenue_reduction_not_automatically_avoidable,760.7000000000003,gross_to_net_reduction,35,"Validate discount/refund authorization, business purpose and policy compliance.",99.41176470588235,74.76470588235293,high,3,198
757,773,1.25 Sweets & Candies,Lucas Gusano Chamoy 36g X  unit,153.23,152.43,MISSING_PROFITABILITY,profitability_data_quality,sales_exposure_not_confirmed_loss,152.43,positive_net_sales_exposure,55,Load and validate COGS and Gross Profit; do not estimate loss until source cost is confirmed.,49.321266968325794,74.72850678733032,high,3,199
1100,1116,1.10 Dairy,Rumba Cheese Fresco Kg,8691.08,7960.31,REVENUE_REDUCTION,revenue_efficiency,confirmed_revenue_reduction_not_automatically_avoidable,730.7699999999995,gross_to_net_reduction,35,"Validate discount/refund authorization, business purpose and policy compliance.",99.29411764705883,74.71764705882353,high,3,200
3,19,2. Restaurant,Burrito,49313.16,48620.65,REVENUE_REDUCTION,revenue_efficiency,confirmed_revenue_reduction_not_automatically_avoidable,692.510000000002,gross_to_net_reduction,35,"Validate discount/refund authorization, business purpose and policy compliance.",99.1764705882353,74.67058823529412,high,3,201
1632,1648,1.09 Cookies & Crackers,Nestle Cocosette  8pack X8 PACK,3395.91,3390.51,CATALOG_ACTIONABLE,catalog_control,sales_associated_with_review_candidate,3390.51,associated_positive_net_sales,35,"Validate SKU/UPC, presentation, duplicate status and pack-size configuration before any merge.",99.07407407407408,74.62962962962963,high,3,202
1113,1129,1.10 Dairy,Rumba Cheese Quesito Quesillo 350g,2464.67,1785.12,REVENUE_REDUCTION,revenue_efficiency,confirmed_revenue_reduction_not_automatically_avoidable,679.5500000000002,gross_to_net_reduction,35,"Validate discount/refund authorization, business purpose and policy compliance.",99.05882352941177,74.62352941176471,high,3,203
9,25,2. Restaurant,Churrasco - Argentine Steak,30868.0,30212.94,REVENUE_REDUCTION,revenue_efficiency,confirmed_revenue_reduction_not_automatically_avoidable,655.0600000000013,gross_to_net_reduction,35,"Validate discount/refund authorization, business purpose and policy compliance.",98.94117647058823,74.5764705882353,high,3,204
1017,1033,1.05 Chips & Snacks,Chicharron De Cuadro 250g 250g,149.5,149.5,MISSING_PROFITABILITY,profitability_data_quality,sales_exposure_not_confirmed_loss,149.5,positive_net_sales_exposure,55,Load and validate COGS and Gross Profit; do not estimate loss until source cost is confirmed.,48.86877828054298,74.5475113122172,high,3,205
927,943,1.05 Chips & Snacks,Sabritas Fritos Chorizo Chipotle 170g (21),2027.1,1376.1,REVENUE_REDUCTION,revenue_efficiency,confirmed_revenue_reduction_not_automatically_avoidable,651.0,gross_to_net_reduction,35,"Validate discount/refund authorization, business purpose and policy compliance.",98.82352941176471,74.52941176470588,high,3,206
642,658,1.25 Sweets & Candies,Kinder Delice Cacao 1.48oz UNIT,1588.13,938.53,REVENUE_REDUCTION,revenue_efficiency,confirmed_revenue_reduction_not_automatically_avoidable,649.6000000000001,gross_to_net_reduction,35,"Validate discount/refund authorization, business purpose and policy compliance.",98.70588235294117,74.48235294117647,high,3,207
1104,1120,1.10 Dairy,Rumba D' Hoja Fresco Cheese 16,4377.63,3765.34,REVENUE_REDUCTION,revenue_efficiency,confirmed_revenue_reduction_not_automatically_avoidable,612.29,gross_to_net_reduction,35,"Validate discount/refund authorization, business purpose and policy compliance.",98.58823529411764,74.43529411764706,high,3,208
2,18,2. Restaurant,Mexican Bowl,65228.61,64634.79,REVENUE_REDUCTION,revenue_efficiency,confirmed_revenue_reduction_not_automatically_avoidable,593.8199999999997,gross_to_net_reduction,35,"Validate discount/refund authorization, business purpose and policy compliance.",98.47058823529412,74.38823529411765,high,3,209
49,65,2. Restaurant,Platano Maduro - Fried Plantain,2733.15,2637.91,LOW_MARGIN,profitability_result,margin_review_not_confirmed_loss,2637.91,associated_net_sales,35,Review price-cost relationship and whether discounts compressed the observed margin.,98.46153846153847,74.38461538461539,high,3,210
1981,1997,Uncategorized,Ricolino Paleta Payaso 450g/15.8oz x Unit,145.27,145.27,MISSING_PROFITABILITY,profitability_data_quality,sales_exposure_not_confirmed_loss,145.27,positive_net_sales_exposure,55,Load and validate COGS and Gross Profit; do not estimate loss until source cost is confirmed.,48.41628959276018,74.36651583710407,high,3,211
301,317,1.12 Frozen Products,La Saltena Tapa Hojaldre 550gr 6561,4125.25,3543.55,REVENUE_REDUCTION,revenue_efficiency,confirmed_revenue_reduction_not_automatically_avoidable,581.6999999999998,gross_to_net_reduction,35,"Validate discount/refund authorization, business purpose and policy compliance.",98.3529411764706,74.34117647058824,high,3,212
500,516,1.03 Beverages,Jarritos Fruit Punch 12.5oz x Unit,302.91,297.91,ZERO_COGS,profitability_data_quality,sales_exposure_not_confirmed_loss,297.91,positive_net_sales_exposure,55,"Confirm recipes, purchase cost or item cost mapping; zero COGS is not accepted as validated margin.",48.275862068965516,74.3103448275862,high,3,213
1646,1662,1.09 Cookies & Crackers,Nestle Cocosette Mini Wafer case 900g,1024.59,494.6,REVENUE_REDUCTION,revenue_efficiency,confirmed_revenue_reduction_not_automatically_avoidable,529.9899999999999,gross_to_net_reduction,35,"Validate discount/refund authorization, business purpose and policy compliance.",98.23529411764706,74.29411764705881,high,3,214
409,425,1.03 Beverages,Pony Malta 330 mL,2523.56,2508.58,CATALOG_ACTIONABLE,catalog_control,sales_associated_with_review_candidate,2508.58,associated_positive_net_sales,35,"Validate SKU/UPC, presentation, duplicate status and pack-size configuration before any merge.",98.14814814814815,74.25925925925927,high,3,215
303,319,1.12 Frozen Products,"La Saltena Tapas Empanada Criolla 6"" 550 Gr",3507.09,2987.84,REVENUE_REDUCTION,revenue_efficiency,confirmed_revenue_reduction_not_automatically_avoidable,519.25,gross_to_net_reduction,35,"Validate discount/refund authorization, business purpose and policy compliance.",98.11764705882354,74.24705882352941,high,3,216
7,23,2. Restaurant,Natural Juice,38390.0,37873.06,REVENUE_REDUCTION,revenue_efficiency,confirmed_revenue_reduction_not_automatically_avoidable,516.9400000000023,gross_to_net_reduction,35,"Validate discount/refund authorization, business purpose and policy compliance.",98.0,74.2,high,3,217
1243,1259,1.23 Sauces,La Costena Mexican Hot Sauce 5oz,68.77,35.98,NEGATIVE_MARGIN,profitability_result,reported_negative_gross_profit,5.88,absolute_reported_negative_gross_profit,60,"Validate selling price, unit cost, discount policy and transaction detail.",35.483870967741936,74.19354838709677,high,3,218
541,557,1.03 Beverages,Postobon Kola Champagne Colombiana CAN - 10.5 oz X6,142.89,142.89,MISSING_PROFITABILITY,profitability_data_quality,sales_exposure_not_confirmed_loss,142.89,positive_net_sales_exposure,55,Load and validate COGS and Gross Profit; do not estimate loss until source cost is confirmed.,47.963800904977376,74.18552036199095,high,3,219
8,24,2. Restaurant,Bandeja Paisa,36846.27,36385.0,REVENUE_REDUCTION,revenue_efficiency,confirmed_revenue_reduction_not_automatically_avoidable,461.2699999999968,gross_to_net_reduction,35,"Validate discount/refund authorization, business purpose and policy compliance.",97.88235294117648,74.15294117647059,high,3,220
315,331,1.12 Frozen Products,La Saltena Rotiseras Criolla 5.5 12 Pack 767 Gr,2350.48,1931.1,REVENUE_REDUCTION,revenue_efficiency,confirmed_revenue_reduction_not_automatically_avoidable,419.3800000000001,gross_to_net_reduction,35,"Validate discount/refund authorization, business purpose and policy compliance.",97.76470588235294,74.10588235294118,high,3,221
5,21,2. Restaurant,Colombian Bowl,40700.46,40291.77,REVENUE_REDUCTION,revenue_efficiency,confirmed_revenue_reduction_not_automatically_avoidable,408.6900000000023,gross_to_net_reduction,35,"Validate discount/refund authorization, business purpose and policy compliance.",97.6470588235294,74.05882352941177,high,3,222
946,962,1.05 Chips & Snacks,Sabritas Crujitos Queso y Chile  - 120 Gr,1096.86,703.56,REVENUE_REDUCTION,revenue_efficiency,confirmed_revenue_reduction_not_automatically_avoidable,393.29999999999995,gross_to_net_reduction,35,"Validate discount/refund authorization, business purpose and policy compliance.",97.52941176470588,74.01176470588236,high,3,223
109,125,2. Restaurant,Maltin Polar - Malta Beverage Kiosk,141.36,140.96,MISSING_PROFITABILITY,profitability_data_quality,sales_exposure_not_confirmed_loss,140.96,positive_net_sales_exposure,55,Load and validate COGS and Gross Profit; do not estimate loss until source cost is confirmed.,47.511312217194565,74.00452488687782,high,3,224
4,20,2. Restaurant,Birria Quesadillas (Quesabirrias),48841.01,48453.7,REVENUE_REDUCTION,revenue_efficiency,confirmed_revenue_reduction_not_automatically_avoidable,387.31000000000495,gross_to_net_reduction,35,"Validate discount/refund authorization, business purpose and policy compliance.",97.41176470588235,73.96470588235294,high,3,225
922,938,1.05 Chips & Snacks,La Visita Chicharrones Tronador 6 oz,2746.11,2398.87,REVENUE_REDUCTION,revenue_efficiency,confirmed_revenue_reduction_not_automatically_avoidable,347.24000000000024,gross_to_net_reduction,35,"Validate discount/refund authorization, business purpose and policy compliance.",97.29411764705883,73.91764705882353,high,3,226
1633,1649,1.09 Cookies & Crackers,Nestle Cocosette  8pack UNIT,2466.2,2453.91,CATALOG_ACTIONABLE,catalog_control,sales_associated_with_review_candidate,2453.91,associated_positive_net_sales,35,"Validate SKU/UPC, presentation, duplicate status and pack-size configuration before any merge.",97.22222222222221,73.88888888888889,high,3,227
934,950,1.05 Chips & Snacks,Sabritas Doritos Dinamita Chile Limon 200g 30,1437.57,1118.82,REVENUE_REDUCTION,revenue_efficiency,confirmed_revenue_reduction_not_automatically_avoidable,318.75,gross_to_net_reduction,35,"Validate discount/refund authorization, business purpose and policy compliance.",97.1764705882353,73.87058823529412,high,3,228
1514,1530,3.Coffee160,160 Espresso,287.04,282.54,ZERO_COGS,profitability_data_quality,sales_exposure_not_confirmed_loss,282.54,positive_net_sales_exposure,55,"Confirm recipes, purchase cost or item cost mapping; zero COGS is not accepted as validated margin.",47.12643678160919,73.85057471264368,high,3,229
151,167,4.Bakery,160 Mexican Conchas 4 Pack,9024.99,8710.02,REVENUE_REDUCTION,revenue_efficiency,confirmed_revenue_reduction_not_automatically_avoidable,314.96999999999935,gross_to_net_reduction,35,"Validate discount/refund authorization, business purpose and policy compliance.",97.05882352941177,73.8235294117647,high,3,230
248,264,4.Bakery,160 Alfajor Unit X4 PACK,139.86,139.86,MISSING_PROFITABILITY,profitability_data_quality,sales_exposure_not_confirmed_loss,139.86,positive_net_sales_exposure,55,Load and validate COGS and Gross Profit; do not estimate loss until source cost is confirmed.,47.05882352941176,73.8235294117647,high,3,231
17,33,2. Restaurant,Lomo Saltado - Peruvian Stir Fry,13230.0,12917.06,REVENUE_REDUCTION,revenue_efficiency,confirmed_revenue_reduction_not_automatically_avoidable,312.9400000000005,gross_to_net_reduction,35,"Validate discount/refund authorization, business purpose and policy compliance.",96.94117647058823,73.7764705882353,high,3,232
315,331,1.12 Frozen Products,La Saltena Rotiseras Criolla 5.5 12 Pack 767 Gr,2350.48,1931.1,LOW_MARGIN,profitability_result,margin_review_not_confirmed_loss,1931.1,associated_net_sales,35,Review price-cost relationship and whether discounts compressed the observed margin.,96.92307692307692,73.76923076923077,high,3,233
15,31,2. Restaurant,Chicken Milanesa - Chuleta de Pollo,13690.25,13379.91,REVENUE_REDUCTION,revenue_efficiency,confirmed_revenue_reduction_not_automatically_avoidable,310.34000000000015,gross_to_net_reduction,35,"Validate discount/refund authorization, business purpose and policy compliance.",96.82352941176471,73.72941176470589,high,3,234
12,28,2. Restaurant,Sancocho Soup,17147.97,16854.78,REVENUE_REDUCTION,revenue_efficiency,confirmed_revenue_reduction_not_automatically_avoidable,293.1900000000023,gross_to_net_reduction,35,"Validate discount/refund authorization, business purpose and policy compliance.",96.70588235294117,73.68235294117648,high,3,235
1524,1540,3.Coffee160,Oatmeal Frappe,137.77,135.97,MISSING_PROFITABILITY,profitability_data_quality,sales_exposure_not_confirmed_loss,135.97,positive_net_sales_exposure,55,Load and validate COGS and Gross Profit; do not estimate loss until source cost is confirmed.,46.60633484162896,73.64253393665157,high,3,236
942,958,1.05 Chips & Snacks,Sabritas Churrumaiz Flama 185g T,1054.68,766.68,REVENUE_REDUCTION,revenue_efficiency,confirmed_revenue_reduction_not_automatically_avoidable,288.0000000000001,gross_to_net_reduction,35,"Validate discount/refund authorization, business purpose and policy compliance.",96.58823529411765,73.63529411764706,high,3,237
437,453,1.03 Beverages,Topo Chico Tropical Mango - 12 Oz 8 Pack,1114.75,830.25,REVENUE_REDUCTION,revenue_efficiency,confirmed_revenue_reduction_not_automatically_avoidable,284.5,gross_to_net_reduction,35,"Validate discount/refund authorization, business purpose and policy compliance.",96.47058823529412,73.58823529411765,high,3,238
961,977,1.05 Chips & Snacks,Paketaxo Queso 208g c,809.19,534.19,REVENUE_REDUCTION,revenue_efficiency,confirmed_revenue_reduction_not_automatically_avoidable,275.0,gross_to_net_reduction,35,"Validate discount/refund authorization, business purpose and policy compliance.",96.35294117647058,73.54117647058823,high,3,239
416,432,1.03 Beverages,Postobon Colombiana Glass 300ml Case,1836.0,1829.4,CATALOG_ACTIONABLE,catalog_control,sales_associated_with_review_candidate,1829.4,associated_positive_net_sales,35,"Validate SKU/UPC, presentation, duplicate status and pack-size configuration before any merge.",96.29629629629629,73.51851851851852,high,3,240
1115,1131,1.10 Dairy,Rumba Cheese Asadero Kg,1639.23,1373.41,REVENUE_REDUCTION,revenue_efficiency,confirmed_revenue_reduction_not_automatically_avoidable,265.81999999999994,gross_to_net_reduction,35,"Validate discount/refund authorization, business purpose and policy compliance.",96.23529411764706,73.49411764705883,high,3,241
1091,1107,1.26 Tortillas,Leyva's Huarache 8ct,131.88,131.88,MISSING_PROFITABILITY,profitability_data_quality,sales_exposure_not_confirmed_loss,131.88,positive_net_sales_exposure,55,Load and validate COGS and Gross Profit; do not estimate loss until source cost is confirmed.,46.15384615384615,73.46153846153845,high,3,242
937,953,1.05 Chips & Snacks,Paketaxo Botanero Verde 255G S,1176.76,915.51,REVENUE_REDUCTION,revenue_efficiency,confirmed_revenue_reduction_not_automatically_avoidable,261.25,gross_to_net_reduction,35,"Validate discount/refund authorization, business purpose and policy compliance.",96.11764705882354,73.44705882352942,high,3,243
1936,1952,1.15 Instant Powder,Nestle Milo AtivGo 100g,671.11,419.42,REVENUE_REDUCTION,revenue_efficiency,confirmed_revenue_reduction_not_automatically_avoidable,251.69,gross_to_net_reduction,35,"Validate discount/refund authorization, business purpose and policy compliance.",96.0,73.4,high,3,244
504,520,1.03 Beverages,Maltin Polar 7oz Maltin Polar 7oz Unit,282.58,281.59,ZERO_COGS,profitability_data_quality,sales_exposure_not_confirmed_loss,281.59,positive_net_sales_exposure,55,"Confirm recipes, purchase cost or item cost mapping; zero COGS is not accepted as validated margin.",45.97701149425287,73.39080459770115,high,3,245
157,173,4.Bakery,160 Guava Bread/Roscon,5249.43,4998.83,REVENUE_REDUCTION,revenue_efficiency,confirmed_revenue_reduction_not_automatically_avoidable,250.60000000000036,gross_to_net_reduction,35,"Validate discount/refund authorization, business purpose and policy compliance.",95.88235294117648,73.35294117647058,high,3,246
984,1000,1.05 Chips & Snacks,Don Satur Bizcochitos Salados 200g,309.38,309.38,PROFIT_CONFIGURATION_ANOMALY,profitability_configuration,configuration_gap_not_confirmed_loss,54.889999999999986,absolute_cogs_configuration_gap,60,"Reconcile item COGS, reported Gross Profit and POS configuration against source transactions.",33.33333333333333,73.33333333333333,high,3,247
305,321,1.12 Frozen Products,TajaCol Frozen Fruit Pulp Tablet Passion Fruit 14 oz,3026.67,2791.67,REVENUE_REDUCTION,revenue_efficiency,confirmed_revenue_reduction_not_automatically_avoidable,235.0,gross_to_net_reduction,35,"Validate discount/refund authorization, business purpose and policy compliance.",95.76470588235294,73.30588235294118,high,3,248
760,776,1.25 Sweets & Candies,Nestle Chocolate Triangulo 30g unit,131.56,131.56,MISSING_PROFITABILITY,profitability_data_quality,sales_exposure_not_confirmed_loss,131.56,positive_net_sales_exposure,55,Load and validate COGS and Gross Profit; do not estimate loss until source cost is confirmed.,45.70135746606335,73.28054298642533,high,3,249
486,502,1.03 Beverages,Topo Chico Tropical Mango - 12 Oz Unit,609.96,380.39,REVENUE_REDUCTION,revenue_efficiency,confirmed_revenue_reduction_not_automatically_avoidable,229.57000000000005,gross_to_net_reduction,35,"Validate discount/refund authorization, business purpose and policy compliance.",95.6470588235294,73.25882352941176,high,3,250
6,22,2. Restaurant,Tacos 3 Pack,38140.19,37912.2,REVENUE_REDUCTION,revenue_efficiency,confirmed_revenue_reduction_not_automatically_avoidable,227.99000000000524,gross_to_net_reduction,35,"Validate discount/refund authorization, business purpose and policy compliance.",95.52941176470588,73.21176470588236,high,3,251
26,42,2. Restaurant,Pechuga de Pollo - Grilled Chicken,8215.85,7988.89,REVENUE_REDUCTION,revenue_efficiency,confirmed_revenue_reduction_not_automatically_avoidable,226.96000000000004,gross_to_net_reduction,35,"Validate discount/refund authorization, business purpose and policy compliance.",95.41176470588235,73.16470588235293,high,3,252
1113,1129,1.10 Dairy,Rumba Cheese Quesito Quesillo 350g,2464.67,1785.12,LOW_MARGIN,profitability_result,margin_review_not_confirmed_loss,1785.12,associated_net_sales,35,Review price-cost relationship and whether discounts compressed the observed margin.,95.38461538461539,73.15384615384616,high,3,253
423,439,1.03 Beverages,Topo Chico Box 12 - 355ml UNIT,1440.41,1354.92,CATALOG_ACTIONABLE,catalog_control,sales_associated_with_review_candidate,1354.92,associated_positive_net_sales,35,"Validate SKU/UPC, presentation, duplicate status and pack-size configuration before any merge.",95.37037037037037,73.14814814814815,high,3,254
987,1003,1.05 Chips & Snacks,Sabritas Cheetos Puffs 110g,510.27,289.43,REVENUE_REDUCTION,revenue_efficiency,confirmed_revenue_reduction_not_automatically_avoidable,220.83999999999997,gross_to_net_reduction,35,"Validate discount/refund authorization, business purpose and policy compliance.",95.29411764705881,73.11764705882352,high,3,255
761,777,1.25 Sweets & Candies,Lucas Skwinkles Salsagheti 10.2 oz / 288 g X unit,132.0,130.9,MISSING_PROFITABILITY,profitability_data_quality,sales_exposure_not_confirmed_loss,130.9,positive_net_sales_exposure,55,Load and validate COGS and Gross Profit; do not estimate loss until source cost is confirmed.,45.248868778280546,73.09954751131221,high,3,256
1110,1126,1.10 Dairy,Rumba Latino Cheese Costeño Kg,2462.0,2249.17,REVENUE_REDUCTION,revenue_efficiency,confirmed_revenue_reduction_not_automatically_avoidable,212.82999999999993,gross_to_net_reduction,35,"Validate discount/refund authorization, business purpose and policy compliance.",95.17647058823529,73.07058823529411,high,3,257
156,172,4.Bakery,160 Cheese Trenza Bread,6280.14,6072.74,REVENUE_REDUCTION,revenue_efficiency,confirmed_revenue_reduction_not_automatically_avoidable,207.40000000000055,gross_to_net_reduction,35,"Validate discount/refund authorization, business purpose and policy compliance.",95.05882352941177,73.02352941176471,high,3,258
1282,1298,"1.06 Coffee, Cocoa, Panela, Butter",Pilao Cafe TRADICIONAL  500gr,1010.07,805.46,REVENUE_REDUCTION,revenue_efficiency,confirmed_revenue_reduction_not_automatically_avoidable,204.61,gross_to_net_reduction,35,"Validate discount/refund authorization, business purpose and policy compliance.",94.94117647058825,72.9764705882353,high,3,259
1515,1531,3.Coffee160,160 Medium Roast Beans 300g,279.8,279.8,ZERO_COGS,profitability_data_quality,sales_exposure_not_confirmed_loss,279.8,positive_net_sales_exposure,55,"Confirm recipes, purchase cost or item cost mapping; zero COGS is not accepted as validated margin.",44.827586206896555,72.93103448275862,high,3,260
333,349,1.12 Frozen Products,La Saltena Rotiseras Hojaldre 5.5 12 Pack 767 Gr,1175.99,977.53,REVENUE_REDUCTION,revenue_efficiency,confirmed_revenue_reduction_not_automatically_avoidable,198.46000000000004,gross_to_net_reduction,35,"Validate discount/refund authorization, business purpose and policy compliance.",94.82352941176471,72.92941176470589,high,3,261
545,561,1.03 Beverages,Postobon Apple Can - 10.5 Oz X6,129.9,129.9,MISSING_PROFITABILITY,profitability_data_quality,sales_exposure_not_confirmed_loss,129.9,positive_net_sales_exposure,55,Load and validate COGS and Gross Profit; do not estimate loss until source cost is confirmed.,44.79638009049774,72.91855203619909,high,3,262
1936,1952,1.15 Instant Powder,Nestle Milo AtivGo 100g,671.11,419.42,NEGATIVE_MARGIN,profitability_result,reported_negative_gross_profit,5.83,absolute_reported_negative_gross_profit,60,"Validate selling price, unit cost, discount policy and transaction detail.",32.25806451612903,72.90322580645162,high,3,263
43,59,2. Restaurant,Coca Cola 355 ml lata Rest,3480.0,3282.44,REVENUE_REDUCTION,revenue_efficiency,confirmed_revenue_reduction_not_automatically_avoidable,197.55999999999995,gross_to_net_reduction,35,"Validate discount/refund authorization, business purpose and policy compliance.",94.70588235294117,72.88235294117646,high,3,264
990,1006,1.05 Chips & Snacks,"PakeTaxo Mezcladito 6 oz / 170 g ,",458.98,262.98,REVENUE_REDUCTION,revenue_efficiency,confirmed_revenue_reduction_not_automatically_avoidable,196.0,gross_to_net_reduction,35,"Validate discount/refund authorization, business purpose and policy compliance.",94.58823529411765,72.83529411764707,high,3,265
11,27,2. Restaurant,Picada,19379.76,19190.78,REVENUE_REDUCTION,revenue_efficiency,confirmed_revenue_reduction_not_automatically_avoidable,188.97999999999956,gross_to_net_reduction,35,"Validate discount/refund authorization, business purpose and policy compliance.",94.47058823529412,72.78823529411764,high,3,266
1694,1710,1.19 Peppers,Chile Pasilla Negro 150g 150 Gr,1348.65,1347.65,CATALOG_ACTIONABLE,catalog_control,sales_associated_with_review_candidate,1347.65,associated_positive_net_sales,35,"Validate SKU/UPC, presentation, duplicate status and pack-size configuration before any merge.",94.44444444444444,72.77777777777777,high,3,267
746,762,1.25 Sweets & Candies,Marinela Barritas Pineapple Strawberry - 1.94 oz BOX,376.87,188.37,REVENUE_REDUCTION,revenue_efficiency,confirmed_revenue_reduction_not_automatically_avoidable,188.5,gross_to_net_reduction,35,"Validate discount/refund authorization, business purpose and policy compliance.",94.35294117647058,72.74117647058824,high,3,268
762,778,1.25 Sweets & Candies,Canels Chiclets Canels Unit,129.25,128.98,MISSING_PROFITABILITY,profitability_data_quality,sales_exposure_not_confirmed_loss,128.98,positive_net_sales_exposure,55,Load and validate COGS and Gross Profit; do not estimate loss until source cost is confirmed.,44.34389140271493,72.73755656108597,high,3,269
57,73,2. Restaurant,"Porcion de Carne Azada, Birria o Lengua",2150.0,1961.67,REVENUE_REDUCTION,revenue_efficiency,confirmed_revenue_reduction_not_automatically_avoidable,188.32999999999993,gross_to_net_reduction,35,"Validate discount/refund authorization, business purpose and policy compliance.",94.23529411764706,72.69411764705882,high,3,270
19,35,2. Restaurant,Fish Tacos,11524.71,11340.75,REVENUE_REDUCTION,revenue_efficiency,confirmed_revenue_reduction_not_automatically_avoidable,183.95999999999913,gross_to_net_reduction,35,"Validate discount/refund authorization, business purpose and policy compliance.",94.11764705882352,72.6470588235294,high,3,271
162,178,4.Bakery,160 Dulce de Leche Roscon,4274.65,4100.25,REVENUE_REDUCTION,revenue_efficiency,confirmed_revenue_reduction_not_automatically_avoidable,174.39999999999964,gross_to_net_reduction,35,"Validate discount/refund authorization, business purpose and policy compliance.",94.0,72.6,high,3,272
1395,1411,1.07 Condiments & Spices,Comino Molido / Cumin Ground 50 Gr 50 Gr,128.57,128.57,MISSING_PROFITABILITY,profitability_data_quality,sales_exposure_not_confirmed_loss,128.57,positive_net_sales_exposure,55,Load and validate COGS and Gross Profit; do not estimate loss until source cost is confirmed.,43.89140271493213,72.55656108597285,high,3,273
171,187,4.Bakery,160 Pan de Maiz,2972.28,2799.92,REVENUE_REDUCTION,revenue_efficiency,confirmed_revenue_reduction_not_automatically_avoidable,172.36000000000013,gross_to_net_reduction,35,"Validate discount/refund authorization, business purpose and policy compliance.",93.88235294117648,72.5529411764706,high,3,274
927,943,1.05 Chips & Snacks,Sabritas Fritos Chorizo Chipotle 170g (21),2027.1,1376.1,LOW_MARGIN,profitability_result,margin_review_not_confirmed_loss,1376.1,associated_net_sales,35,Review price-cost relationship and whether discounts compressed the observed margin.,93.84615384615384,72.53846153846153,high,3,275
434,450,1.03 Beverages,Postobon Uva Soda Bottle - 14 Oz,1035.62,867.93,REVENUE_REDUCTION,revenue_efficiency,confirmed_revenue_reduction_not_automatically_avoidable,167.68999999999994,gross_to_net_reduction,35,"Validate discount/refund authorization, business purpose and policy compliance.",93.76470588235294,72.50588235294117,high,3,276
1994,2010,Uncategorized,Manual Transaction,0.0,-4.25,MANUAL_NEGATIVE_ADJUSTMENT,manual_adjustment_control,negative_balance_requires_transaction_validation,4.25,absolute_negative_net_sales,50,"Trace the manual transaction to user, date, reason, approval and original sale.",56.25,72.5,high,3,277
1779,1795,1.28 Grains,Bunge Yellow Corn Grits Trillado 2LB,278.69,277.79,ZERO_COGS,profitability_data_quality,sales_exposure_not_confirmed_loss,277.79,positive_net_sales_exposure,55,"Confirm recipes, purchase cost or item cost mapping; zero COGS is not accepted as validated margin.",43.67816091954023,72.47126436781609,high,3,278
1556,1572,1.22 Refrigerated,Rey Sol Longaniza 300g,1154.23,992.23,REVENUE_REDUCTION,revenue_efficiency,confirmed_revenue_reduction_not_automatically_avoidable,162.0,gross_to_net_reduction,35,"Validate discount/refund authorization, business purpose and policy compliance.",93.64705882352942,72.45882352941177,high,3,279
1901,1917,1.08 Brines,Su Sabor Brevas en Almibar 790g / 28oz,571.49,421.49,REVENUE_REDUCTION,revenue_efficiency,confirmed_revenue_reduction_not_automatically_avoidable,150.0,gross_to_net_reduction,35,"Validate discount/refund authorization, business purpose and policy compliance.",93.52941176470588,72.41176470588235,high,3,280
931,947,1.05 Chips & Snacks,"Sabritas Fritos Chile-Limon 170g ,",1335.09,1266.86,CATALOG_ACTIONABLE,catalog_control,sales_associated_with_review_candidate,1266.86,associated_positive_net_sales,35,"Validate SKU/UPC, presentation, duplicate status and pack-size configuration before any merge.",93.51851851851852,72.40740740740742,high,3,281
1216,1232,1.23 Sauces,Bufalo Salsa Picante Clasica 5.5 oz,125.79,125.79,MISSING_PROFITABILITY,profitability_data_quality,sales_exposure_not_confirmed_loss,125.79,positive_net_sales_exposure,55,Load and validate COGS and Gross Profit; do not estimate loss until source cost is confirmed.,43.43891402714932,72.37556561085972,high,3,282
1290,1306,"1.06 Coffee, Cocoa, Panela, Butter",Colcafe Café Clásico Instantáneo 85 g,550.09,405.44,REVENUE_REDUCTION,revenue_efficiency,confirmed_revenue_reduction_not_automatically_avoidable,144.65000000000003,gross_to_net_reduction,35,"Validate discount/refund authorization, business purpose and policy compliance.",93.41176470588235,72.36470588235294,high,3,283
32,48,2. Restaurant,Shrimp Tacos,7004.59,6863.64,REVENUE_REDUCTION,revenue_efficiency,confirmed_revenue_reduction_not_automatically_avoidable,140.94999999999982,gross_to_net_reduction,35,"Validate discount/refund authorization, business purpose and policy compliance.",93.29411764705883,72.31764705882352,high,3,284
941,957,1.05 Chips & Snacks,El Sabroso Guacamole Tortilla Chips 284 g,949.11,809.95,REVENUE_REDUCTION,revenue_efficiency,confirmed_revenue_reduction_not_automatically_avoidable,139.15999999999997,gross_to_net_reduction,35,"Validate discount/refund authorization, business purpose and policy compliance.",93.17647058823529,72.27058823529413,high,3,285
1109,1125,1.10 Dairy,Rumba Cheese Cuajada  Kg,2453.25,2320.52,REVENUE_REDUCTION,revenue_efficiency,confirmed_revenue_reduction_not_automatically_avoidable,132.73000000000002,gross_to_net_reduction,35,"Validate discount/refund authorization, business purpose and policy compliance.",93.05882352941175,72.2235294117647,high,3,286
764,780,1.25 Sweets & Candies,Bimbo Mini Mantecadas - 2.20 oz Box,129.25,125.73,MISSING_PROFITABILITY,profitability_data_quality,sales_exposure_not_confirmed_loss,125.73,positive_net_sales_exposure,55,Load and validate COGS and Gross Profit; do not estimate loss until source cost is confirmed.,42.98642533936652,72.1945701357466,high,3,287
35,51,2. Restaurant,Quesadilla,6169.47,6037.07,REVENUE_REDUCTION,revenue_efficiency,confirmed_revenue_reduction_not_automatically_avoidable,132.40000000000055,gross_to_net_reduction,35,"Validate discount/refund authorization, business purpose and policy compliance.",92.94117647058823,72.17647058823529,high,3,288
989,1005,1.05 Chips & Snacks,La Molienda Papa Salada 6oz,396.97,265.22,REVENUE_REDUCTION,revenue_efficiency,confirmed_revenue_reduction_not_automatically_avoidable,131.75,gross_to_net_reduction,35,"Validate discount/refund authorization, business purpose and policy compliance.",92.82352941176471,72.12941176470588,high,3,289
1013,1029,1.05 Chips & Snacks,Seniorial chicharron spicy BBQ 1.97oz,294.29,167.77,REVENUE_REDUCTION,revenue_efficiency,confirmed_revenue_reduction_not_automatically_avoidable,126.52000000000001,gross_to_net_reduction,35,"Validate discount/refund authorization, business purpose and policy compliance.",92.70588235294117,72.08235294117647,high,3,290
1638,1654,1.09 Cookies & Crackers,Nestle Susy 4 Pack 200g / 7.04 oz UNIT,1014.64,982.24,CATALOG_ACTIONABLE,catalog_control,sales_associated_with_review_candidate,982.24,associated_positive_net_sales,35,"Validate SKU/UPC, presentation, duplicate status and pack-size configuration before any merge.",92.5925925925926,72.03703703703704,high,3,291
158,174,4.Bakery,160 Venezuelan Empanada pulled Beef/Carne Mechada,5099.22,4974.1,REVENUE_REDUCTION,revenue_efficiency,confirmed_revenue_reduction_not_automatically_avoidable,125.11999999999989,gross_to_net_reduction,35,"Validate discount/refund authorization, business purpose and policy compliance.",92.58823529411765,72.03529411764706,high,3,292
1526,1542,3.Coffee160,160 Salsa side / Extra salsa,126.0,125.5,MISSING_PROFITABILITY,profitability_data_quality,sales_exposure_not_confirmed_loss,125.5,positive_net_sales_exposure,55,Load and validate COGS and Gross Profit; do not estimate loss until source cost is confirmed.,42.53393665158371,72.01357466063348,high,3,293
94,110,2. Restaurant,Ribeye Steak,296.91,254.97,ZERO_COGS,profitability_data_quality,sales_exposure_not_confirmed_loss,254.97,positive_net_sales_exposure,55,"Confirm recipes, purchase cost or item cost mapping; zero COGS is not accepted as validated margin.",42.5287356321839,72.01149425287356,high,3,294
646,662,1.25 Sweets & Candies,Su Sabor Obleas Arequipe 6.53 oz,989.01,866.01,REVENUE_REDUCTION,revenue_efficiency,confirmed_revenue_reduction_not_automatically_avoidable,123.0,gross_to_net_reduction,35,"Validate discount/refund authorization, business purpose and policy compliance.",92.47058823529412,71.98823529411764,high,3,295
1021,1037,1.05 Chips & Snacks,Barcel Runners Original Chile Limon - 200 Gr,243.75,121.75,REVENUE_REDUCTION,revenue_efficiency,confirmed_revenue_reduction_not_automatically_avoidable,122.0,gross_to_net_reduction,35,"Validate discount/refund authorization, business purpose and policy compliance.",92.3529411764706,71.94117647058823,high,3,296
928,944,1.05 Chips & Snacks,M. Lycha Sweet Plantain Chips 12oz,1373.95,1373.95,LOW_MARGIN,profitability_result,margin_review_not_confirmed_loss,1373.95,associated_net_sales,35,Review price-cost relationship and whether discounts compressed the observed margin.,92.3076923076923,71.92307692307692,high,3,297
1218,1234,1.23 Sauces,Delicioso Foods Green Sauce 4 L,239.96,119.96,REVENUE_REDUCTION,revenue_efficiency,confirmed_revenue_reduction_not_automatically_avoidable,120.00000000000001,gross_to_net_reduction,35,"Validate discount/refund authorization, business purpose and policy compliance.",92.23529411764706,71.89411764705882,high,3,298
693,709,1.25 Sweets & Candies,Su Sabor Rollitos de Bocadillo con Arequipe 12oz /  340g,533.93,416.43,REVENUE_REDUCTION,revenue_efficiency,confirmed_revenue_reduction_not_automatically_avoidable,117.49999999999994,gross_to_net_reduction,35,"Validate discount/refund authorization, business purpose and policy compliance.",92.11764705882352,71.84705882352941,high,3,299
766,782,1.25 Sweets & Candies,Gummy Rock Sandia Watermelon Spicy lolly pop spacy candy 85g Gummy Rock Sandia Watermelon Spicy lolly pop spacy candy 85g unit,181.77,123.15,MISSING_PROFITABILITY,profitability_data_quality,sales_exposure_not_confirmed_loss,123.15,positive_net_sales_exposure,55,Load and validate COGS and Gross Profit; do not estimate loss until source cost is confirmed.,42.081447963800905,71.83257918552036,high,3,300
10,26,2. Restaurant,Beef Colombian Empanada,22896.5,22780.01,REVENUE_REDUCTION,revenue_efficiency,confirmed_revenue_reduction_not_automatically_avoidable,116.4900000000016,gross_to_net_reduction,35,"Validate discount/refund authorization, business purpose and policy compliance.",92.0,71.80000000000001,high,3,301
79,95,2. Restaurant,Chorizo Colombiano - Colombian Sausage,817.18,703.34,REVENUE_REDUCTION,revenue_efficiency,confirmed_revenue_reduction_not_automatically_avoidable,113.83999999999992,gross_to_net_reduction,35,"Validate discount/refund authorization, business purpose and policy compliance.",91.88235294117646,71.75294117647059,high,3,302
28,44,2. Restaurant,Chicharron - Pork Belly,7374.77,7261.27,REVENUE_REDUCTION,revenue_efficiency,confirmed_revenue_reduction_not_automatically_avoidable,113.5,gross_to_net_reduction,35,"Validate discount/refund authorization, business purpose and policy compliance.",91.76470588235294,71.70588235294117,high,3,303
431,447,1.03 Beverages,Topo Chico Box 12 - 355ml X12,1029.81,980.82,CATALOG_ACTIONABLE,catalog_control,sales_associated_with_review_candidate,980.82,associated_positive_net_sales,35,"Validate SKU/UPC, presentation, duplicate status and pack-size configuration before any merge.",91.66666666666666,71.66666666666666,high,3,304
1574,1590,1.13 Flours,Maseca Tamales 2 kg,1594.86,1481.46,REVENUE_REDUCTION,revenue_efficiency,confirmed_revenue_reduction_not_automatically_avoidable,113.39999999999986,gross_to_net_reduction,35,"Validate discount/refund authorization, business purpose and policy compliance.",91.64705882352942,71.65882352941176,high,3,305
111,127,2. Restaurant,Flan - Caramel Custard Kiosk,120.78,120.78,MISSING_PROFITABILITY,profitability_data_quality,sales_exposure_not_confirmed_loss,120.78,positive_net_sales_exposure,55,Load and validate COGS and Gross Profit; do not estimate loss until source cost is confirmed.,41.6289592760181,71.65158371040724,high,3,306
1038,1054,1.05 Chips & Snacks,Seniorial chicharron chile limon 1.97oz,85.5,49.8,NEGATIVE_MARGIN,profitability_result,reported_negative_gross_profit,5.46,absolute_reported_negative_gross_profit,60,"Validate selling price, unit cost, discount policy and transaction detail.",29.03225806451613,71.61290322580645,high,3,307
16,32,2. Restaurant,Picanha Brazilian Steak,13415.37,13303.38,REVENUE_REDUCTION,revenue_efficiency,confirmed_revenue_reduction_not_automatically_avoidable,111.9900000000016,gross_to_net_reduction,35,"Validate discount/refund authorization, business purpose and policy compliance.",91.52941176470588,71.61176470588235,high,3,308
1088,1104,1.26 Tortillas,"Don Pancho Tortilla Lonchera 4"" 35.29oz",314.55,206.05,REVENUE_REDUCTION,revenue_efficiency,confirmed_revenue_reduction_not_automatically_avoidable,108.5,gross_to_net_reduction,35,"Validate discount/refund authorization, business purpose and policy compliance.",91.41176470588235,71.56470588235294,high,3,309
1521,1537,3.Coffee160,160 Cafe Regular 16oz,201.5,198.51,ZERO_COGS,profitability_data_quality,sales_exposure_not_confirmed_loss,198.51,positive_net_sales_exposure,55,"Confirm recipes, purchase cost or item cost mapping; zero COGS is not accepted as validated margin.",41.37931034482759,71.55172413793103,high,3,310
554,570,1.03 Beverages,Amargo Terma Limon Tea 1.35 Lt /46oz,215.82,107.82,REVENUE_REDUCTION,revenue_efficiency,confirmed_revenue_reduction_not_automatically_avoidable,108.0,gross_to_net_reduction,35,"Validate discount/refund authorization, business purpose and policy compliance.",91.23529411764706,71.49411764705883,high,3,311
683,699,1.25 Sweets & Candies,Ricolino Paleta Payaso 450g/15.8oz UNIT,563.73,455.73,REVENUE_REDUCTION,revenue_efficiency,confirmed_revenue_reduction_not_automatically_avoidable,108.0,gross_to_net_reduction,35,"Validate discount/refund authorization, business purpose and policy compliance.",91.23529411764706,71.49411764705883,high,3,312
767,783,1.25 Sweets & Candies,Marinela Gansitos - 50 Gr X24,119.97,119.97,MISSING_PROFITABILITY,profitability_data_quality,sales_exposure_not_confirmed_loss,119.97,positive_net_sales_exposure,55,Load and validate COGS and Gross Profit; do not estimate loss until source cost is confirmed.,41.17647058823529,71.47058823529412,high,3,313
1489,1505,3.Coffee160,160 Americano 12oz,3943.64,3837.84,REVENUE_REDUCTION,revenue_efficiency,confirmed_revenue_reduction_not_automatically_avoidable,105.79999999999973,gross_to_net_reduction,35,"Validate discount/refund authorization, business purpose and policy compliance.",91.05882352941177,71.4235294117647,high,3,314
1651,1667,1.09 Cookies & Crackers,Noel Crackers Saltin Integral 2 Tacos 276 Gr,461.34,356.13,REVENUE_REDUCTION,revenue_efficiency,confirmed_revenue_reduction_not_automatically_avoidable,105.20999999999998,gross_to_net_reduction,35,"Validate discount/refund authorization, business purpose and policy compliance.",90.94117647058823,71.37647058823529,high,3,315
978,994,1.05 Chips & Snacks,La Molienda Papa Casera Spicy Hot 170g/ 6 oz,503.28,398.28,REVENUE_REDUCTION,revenue_efficiency,confirmed_revenue_reduction_not_automatically_avoidable,105.0,gross_to_net_reduction,35,"Validate discount/refund authorization, business purpose and policy compliance.",90.8235294117647,71.32941176470587,high,3,316
1496,1512,3.Coffee160,160 Condensed Latte 16oz,1376.5,1361.09,LOW_MARGIN,profitability_result,margin_review_not_confirmed_loss,1361.09,associated_net_sales,35,Review price-cost relationship and whether discounts compressed the observed margin.,90.76923076923077,71.3076923076923,high,3,317
1430,1446,1.04 Can Products,La Costena Chipotle Peppers in Adobo Sauce - 11.2 oz / 319ml,934.83,934.83,CATALOG_ACTIONABLE,catalog_control,sales_associated_with_review_candidate,934.83,associated_positive_net_sales,35,"Validate SKU/UPC, presentation, duplicate status and pack-size configuration before any merge.",90.74074074074075,71.2962962962963,high,3,318
768,784,1.25 Sweets & Candies,Dulces Tipicos Jabalina Extreme 50ct,119.96,119.96,MISSING_PROFITABILITY,profitability_data_quality,sales_exposure_not_confirmed_loss,119.96,positive_net_sales_exposure,55,Load and validate COGS and Gross Profit; do not estimate loss until source cost is confirmed.,40.723981900452486,71.289592760181,high,3,319
41,57,2. Restaurant,Coca cola Zero 355ml lata Rest,3730.0,3625.13,REVENUE_REDUCTION,revenue_efficiency,confirmed_revenue_reduction_not_automatically_avoidable,104.86999999999989,gross_to_net_reduction,35,"Validate discount/refund authorization, business purpose and policy compliance.",90.70588235294117,71.28235294117647,high,3,320
454,470,1.03 Beverages,Electrolit Suero Hidratante Limon 625ml,687.85,583.1,REVENUE_REDUCTION,revenue_efficiency,confirmed_revenue_reduction_not_automatically_avoidable,104.75,gross_to_net_reduction,35,"Validate discount/refund authorization, business purpose and policy compliance.",90.58823529411765,71.23529411764706,high,3,321
742,758,1.25 Sweets & Candies,Ramo Cake Extrafino - 600 Gr,298.87,195.37,REVENUE_REDUCTION,revenue_efficiency,confirmed_revenue_reduction_not_automatically_avoidable,103.5,gross_to_net_reduction,35,"Validate discount/refund authorization, business purpose and policy compliance.",90.47058823529412,71.18823529411765,high,3,322
1120,1136,1.10 Dairy,Rumba Cheese Oaxaca Boule 200 Gr,395.67,293.67,REVENUE_REDUCTION,revenue_efficiency,confirmed_revenue_reduction_not_automatically_avoidable,102.0,gross_to_net_reduction,35,"Validate discount/refund authorization, business purpose and policy compliance.",90.3529411764706,71.14117647058823,high,3,323
548,564,1.03 Beverages,Frescolita Lata 330 ml x 6,119.92,119.92,MISSING_PROFITABILITY,profitability_data_quality,sales_exposure_not_confirmed_loss,119.92,positive_net_sales_exposure,55,Load and validate COGS and Gross Profit; do not estimate loss until source cost is confirmed.,40.27149321266968,71.10859728506787,high,3,324
38,54,2. Restaurant,Carne Sudada,5437.94,5338.94,REVENUE_REDUCTION,revenue_efficiency,confirmed_revenue_reduction_not_automatically_avoidable,99.0,gross_to_net_reduction,35,"Validate discount/refund authorization, business purpose and policy compliance.",90.23529411764706,71.09411764705882,high,3,325
99,115,2. Restaurant,Burridog & Fries,203.83,197.83,ZERO_COGS,profitability_data_quality,sales_exposure_not_confirmed_loss,197.83,positive_net_sales_exposure,55,"Confirm recipes, purchase cost or item cost mapping; zero COGS is not accepted as validated margin.",40.229885057471265,71.0919540229885,high,3,326
13,29,2. Restaurant,Carne Asada,14378.1,14279.13,REVENUE_REDUCTION,revenue_efficiency,confirmed_revenue_reduction_not_automatically_avoidable,98.97000000000116,gross_to_net_reduction,35,"Validate discount/refund authorization, business purpose and policy compliance.",90.11764705882352,71.04705882352941,high,3,327
754,770,1.25 Sweets & Candies,Las Nelas Choco Wow Cake 6 / 800 Gr Unit,253.98,156.09,REVENUE_REDUCTION,revenue_efficiency,confirmed_revenue_reduction_not_automatically_avoidable,97.88999999999999,gross_to_net_reduction,35,"Validate discount/refund authorization, business purpose and policy compliance.",90.0,71.0,high,3,328
49,65,2. Restaurant,Platano Maduro - Fried Plantain,2733.15,2637.91,REVENUE_REDUCTION,revenue_efficiency,confirmed_revenue_reduction_not_automatically_avoidable,95.24000000000024,gross_to_net_reduction,35,"Validate discount/refund authorization, business purpose and policy compliance.",89.88235294117646,70.95294117647059,high,3,329
770,786,1.25 Sweets & Candies,De La Rosa Pulparindots Mango 12.8Oz / 360g BOX,119.88,118.88,MISSING_PROFITABILITY,profitability_data_quality,sales_exposure_not_confirmed_loss,118.88,positive_net_sales_exposure,55,Load and validate COGS and Gross Profit; do not estimate loss until source cost is confirmed.,39.81900452488688,70.92760180995475,high,3,330
645,661,1.25 Sweets & Candies,Sonrics Rockaleta 20 Pack,888.75,888.75,CATALOG_ACTIONABLE,catalog_control,sales_associated_with_review_candidate,888.75,associated_positive_net_sales,35,"Validate SKU/UPC, presentation, duplicate status and pack-size configuration before any merge.",89.81481481481481,70.92592592592592,high,3,331
662,678,1.25 Sweets & Candies,Nestle Cri Cri 123g UNIT,656.47,561.97,REVENUE_REDUCTION,revenue_efficiency,confirmed_revenue_reduction_not_automatically_avoidable,94.5,gross_to_net_reduction,35,"Validate discount/refund authorization, business purpose and policy compliance.",89.76470588235294,70.90588235294118,high,3,332
83,99,2. Restaurant,Papas Fritas - French Fries,650.37,556.55,REVENUE_REDUCTION,revenue_efficiency,confirmed_revenue_reduction_not_automatically_avoidable,93.82000000000005,gross_to_net_reduction,35,"Validate discount/refund authorization, business purpose and policy compliance.",89.64705882352942,70.85882352941178,high,3,333
29,45,2. Restaurant,Meat Quesadilla,7311.28,7218.29,REVENUE_REDUCTION,revenue_efficiency,confirmed_revenue_reduction_not_automatically_avoidable,92.98999999999978,gross_to_net_reduction,35,"Validate discount/refund authorization, business purpose and policy compliance.",89.52941176470588,70.81176470588235,high,3,334
166,182,4.Bakery,160 Venezuelan Cheese Empanada,3762.57,3673.87,REVENUE_REDUCTION,revenue_efficiency,confirmed_revenue_reduction_not_automatically_avoidable,88.70000000000027,gross_to_net_reduction,35,"Validate discount/refund authorization, business purpose and policy compliance.",89.41176470588236,70.76470588235294,high,3,335
772,788,1.25 Sweets & Candies,Nestle Toronto Box 324g X36 - BOX,116.97,116.97,MISSING_PROFITABILITY,profitability_data_quality,sales_exposure_not_confirmed_loss,116.97,positive_net_sales_exposure,55,Load and validate COGS and Gross Profit; do not estimate loss until source cost is confirmed.,39.366515837104075,70.74660633484163,high,3,336
167,183,4.Bakery,160 Venezuelan Pabellon Empanada,3682.77,3594.22,REVENUE_REDUCTION,revenue_efficiency,confirmed_revenue_reduction_not_automatically_avoidable,88.55000000000018,gross_to_net_reduction,35,"Validate discount/refund authorization, business purpose and policy compliance.",89.29411764705883,70.71764705882353,high,3,337
934,950,1.05 Chips & Snacks,Sabritas Doritos Dinamita Chile Limon 200g 30,1437.57,1118.82,LOW_MARGIN,profitability_result,margin_review_not_confirmed_loss,1118.82,associated_net_sales,35,Review price-cost relationship and whether discounts compressed the observed margin.,89.23076923076924,70.6923076923077,high,3,338
1085,1101,1.26 Tortillas,"Don Pancho Corn Tortillas 5"" 40.23 oz Taquera",388.72,300.88,REVENUE_REDUCTION,revenue_efficiency,confirmed_revenue_reduction_not_automatically_avoidable,87.84000000000003,gross_to_net_reduction,35,"Validate discount/refund authorization, business purpose and policy compliance.",89.17647058823529,70.67058823529412,high,3,339
532,548,1.03 Beverages,Boing Mango 500ml x unit,171.47,171.47,ZERO_COGS,profitability_data_quality,sales_exposure_not_confirmed_loss,171.47,positive_net_sales_exposure,55,"Confirm recipes, purchase cost or item cost mapping; zero COGS is not accepted as validated margin.",39.08045977011494,70.63218390804597,high,3,340
30,46,2. Restaurant,Calentao Breakfast,7240.17,7152.51,REVENUE_REDUCTION,revenue_efficiency,confirmed_revenue_reduction_not_automatically_avoidable,87.65999999999985,gross_to_net_reduction,35,"Validate discount/refund authorization, business purpose and policy compliance.",89.05882352941177,70.62352941176471,high,3,341
40,56,2. Restaurant,Taco Unit,5185.0,5097.83,REVENUE_REDUCTION,revenue_efficiency,confirmed_revenue_reduction_not_automatically_avoidable,87.17000000000007,gross_to_net_reduction,35,"Validate discount/refund authorization, business purpose and policy compliance.",88.94117647058823,70.5764705882353,high,3,342
2017,2033,1.16 Miscelanea,Veladora Divino Nino,115.71,115.71,MISSING_PROFITABILITY,profitability_data_quality,sales_exposure_not_confirmed_loss,115.71,positive_net_sales_exposure,55,Load and validate COGS and Gross Profit; do not estimate loss until source cost is confirmed.,38.91402714932127,70.56561085972851,high,3,343
940,956,1.05 Chips & Snacks,Sabritas Tostitos salsa verde 175g,854.93,854.13,CATALOG_ACTIONABLE,catalog_control,sales_associated_with_review_candidate,854.13,associated_positive_net_sales,35,"Validate SKU/UPC, presentation, duplicate status and pack-size configuration before any merge.",88.88888888888889,70.55555555555556,high,3,344
807,823,1.25 Sweets & Candies,Nestle Toronto Box 324g Nestle Toronto unit,155.25,68.31,REVENUE_REDUCTION,revenue_efficiency,confirmed_revenue_reduction_not_automatically_avoidable,86.94,gross_to_net_reduction,35,"Validate discount/refund authorization, business purpose and policy compliance.",88.8235294117647,70.52941176470588,high,3,345
423,439,1.03 Beverages,Topo Chico Box 12 - 355ml UNIT,1440.41,1354.92,REVENUE_REDUCTION,revenue_efficiency,confirmed_revenue_reduction_not_automatically_avoidable,85.49000000000001,gross_to_net_reduction,35,"Validate discount/refund authorization, business purpose and policy compliance.",88.70588235294117,70.48235294117647,high,3,346
160,176,4.Bakery,160 Venezuelan Chicken Empanada,4253.34,4168.61,REVENUE_REDUCTION,revenue_efficiency,confirmed_revenue_reduction_not_automatically_avoidable,84.73000000000047,gross_to_net_reduction,35,"Validate discount/refund authorization, business purpose and policy compliance.",88.58823529411765,70.43529411764706,high,3,347
232,248,4.Bakery,160 LM White Chocolate Cake,473.93,389.69,REVENUE_REDUCTION,revenue_efficiency,confirmed_revenue_reduction_not_automatically_avoidable,84.24000000000001,gross_to_net_reduction,35,"Validate discount/refund authorization, business purpose and policy compliance.",88.47058823529412,70.38823529411764,high,3,348
775,791,1.25 Sweets & Candies,Chocolatina Chocobreak 150g X30,113.22,113.22,MISSING_PROFITABILITY,profitability_data_quality,sales_exposure_not_confirmed_loss,113.22,positive_net_sales_exposure,55,Load and validate COGS and Gross Profit; do not estimate loss until source cost is confirmed.,38.46153846153847,70.38461538461539,high,3,349
1498,1514,3.Coffee160,160 Chocolate 12oz,1105.23,1021.13,REVENUE_REDUCTION,revenue_efficiency,confirmed_revenue_reduction_not_automatically_avoidable,84.10000000000002,gross_to_net_reduction,35,"Validate discount/refund authorization, business purpose and policy compliance.",88.3529411764706,70.34117647058824,high,3,350
227,243,4.Bakery,160 Tequeno Promo  $1.00,485.0,480.09,NEGATIVE_MARGIN,profitability_result,reported_negative_gross_profit,4.91,absolute_reported_negative_gross_profit,60,"Validate selling price, unit cost, discount policy and transaction detail.",25.806451612903224,70.3225806451613,high,3,351
569,585,1.03 Beverages,Terma Cuyano Tea 1.35 Lt/46oz,167.86,83.86,REVENUE_REDUCTION,revenue_efficiency,confirmed_revenue_reduction_not_automatically_avoidable,84.00000000000001,gross_to_net_reduction,35,"Validate discount/refund authorization, business purpose and policy compliance.",88.23529411764706,70.29411764705883,high,3,352
174,190,4.Bakery,160 Fresas con Crema,2428.96,2347.58,REVENUE_REDUCTION,revenue_efficiency,confirmed_revenue_reduction_not_automatically_avoidable,81.38000000000011,gross_to_net_reduction,35,"Validate discount/refund authorization, business purpose and policy compliance.",88.11764705882354,70.24705882352941,high,3,353
1397,1413,1.07 Condiments & Spices,Goya Adobo con Comino 340 Gr - 12oz,112.5,112.5,MISSING_PROFITABILITY,profitability_data_quality,sales_exposure_not_confirmed_loss,112.5,positive_net_sales_exposure,55,Load and validate COGS and Gross Profit; do not estimate loss until source cost is confirmed.,38.009049773755656,70.20361990950227,high,3,354
165,181,4.Bakery,160 Chocoflan,3855.14,3774.65,REVENUE_REDUCTION,revenue_efficiency,confirmed_revenue_reduction_not_automatically_avoidable,80.48999999999978,gross_to_net_reduction,35,"Validate discount/refund authorization, business purpose and policy compliance.",88.0,70.2,high,3,355
648,664,1.25 Sweets & Candies,De La Rosa Mazapan Gigante 1000 g Unit 50g / 1.76 Oz,770.0,770.0,CATALOG_ACTIONABLE,catalog_control,sales_associated_with_review_candidate,770.0,associated_positive_net_sales,35,"Validate SKU/UPC, presentation, duplicate status and pack-size configuration before any merge.",87.96296296296296,70.18518518518519,high,3,356
537,553,1.03 Beverages,Jarritos Fresa 12.5oz x Unit,158.67,158.67,ZERO_COGS,profitability_data_quality,sales_exposure_not_confirmed_loss,158.67,positive_net_sales_exposure,55,"Confirm recipes, purchase cost or item cost mapping; zero COGS is not accepted as validated margin.",37.93103448275862,70.17241379310344,high,3,357
965,981,1.05 Chips & Snacks,Sabritas Cheetos Flamin Hot 145g 1310,559.2,482.2,REVENUE_REDUCTION,revenue_efficiency,confirmed_revenue_reduction_not_automatically_avoidable,77.00000000000006,gross_to_net_reduction,35,"Validate discount/refund authorization, business purpose and policy compliance.",87.88235294117646,70.15294117647059,high,3,358
1500,1516,3.Coffee160,160 Vanilla Latte 16oz,1007.66,931.27,REVENUE_REDUCTION,revenue_efficiency,confirmed_revenue_reduction_not_automatically_avoidable,76.38999999999999,gross_to_net_reduction,35,"Validate discount/refund authorization, business purpose and policy compliance.",87.76470588235294,70.10588235294118,high,3,359
1497,1513,3.Coffee160,160 Condensed Latte 12oz,1100.29,1079.88,LOW_MARGIN,profitability_result,margin_review_not_confirmed_loss,1079.88,associated_net_sales,35,Review price-cost relationship and whether discounts compressed the observed margin.,87.6923076923077,70.07692307692308,high,3,360
786,802,1.25 Sweets & Candies,Su Sabor Guava and Manjar Twist / Mermelada de Guava y Manjar  270g,175.78,101.78,REVENUE_REDUCTION,revenue_efficiency,confirmed_revenue_reduction_not_automatically_avoidable,74.0,gross_to_net_reduction,35,"Validate discount/refund authorization, business purpose and policy compliance.",87.6470588235294,70.05882352941177,high,3,361
778,794,1.25 Sweets & Candies,De La Rosa Pulparindots Original BOX,111.0,111.0,MISSING_PROFITABILITY,profitability_data_quality,sales_exposure_not_confirmed_loss,111.0,positive_net_sales_exposure,55,Load and validate COGS and Gross Profit; do not estimate loss until source cost is confirmed.,37.55656108597285,70.02262443438914,high,3,362
1363,1379,1.07 Condiments & Spices,Consomate 2.96oz,382.89,309.83,REVENUE_REDUCTION,revenue_efficiency,confirmed_revenue_reduction_not_automatically_avoidable,73.06,gross_to_net_reduction,35,"Validate discount/refund authorization, business purpose and policy compliance.",87.52941176470588,70.01176470588236,high,3,363
1993,2009,Uncategorized,Manual Transaction,0.0,-4.0,MANUAL_NEGATIVE_ADJUSTMENT,manual_adjustment_control,negative_balance_requires_transaction_validation,4.0,absolute_negative_net_sales,50,"Trace the manual transaction to user, date, reason, approval and original sale.",50.0,70.0,high,3,364
81,97,2. Restaurant,Torta de Churrasco,737.59,665.61,REVENUE_REDUCTION,revenue_efficiency,confirmed_revenue_reduction_not_automatically_avoidable,71.98000000000002,gross_to_net_reduction,35,"Validate discount/refund authorization, business purpose and policy compliance.",87.41176470588236,69.96470588235294,high,3,365
733,749,1.25 Sweets & Candies,Dulcor sweet potato vanilla and chocolate 700 gr,298.77,227.27,REVENUE_REDUCTION,revenue_efficiency,confirmed_revenue_reduction_not_automatically_avoidable,71.49999999999997,gross_to_net_reduction,35,"Validate discount/refund authorization, business purpose and policy compliance.",87.29411764705883,69.91764705882352,high,3,366
146,162,4.Bakery,160 Tres Leches Cake Sli,20582.24,20510.98,REVENUE_REDUCTION,revenue_efficiency,confirmed_revenue_reduction_not_automatically_avoidable,71.26000000000204,gross_to_net_reduction,35,"Validate discount/refund authorization, business purpose and policy compliance.",87.17647058823529,69.87058823529412,high,3,367
553,569,1.03 Beverages,Maltin Polar 12 oz X24,109.98,109.98,MISSING_PROFITABILITY,profitability_data_quality,sales_exposure_not_confirmed_loss,109.98,positive_net_sales_exposure,55,Load and validate COGS and Gross Profit; do not estimate loss until source cost is confirmed.,37.10407239819005,69.84162895927602,high,3,368
59,75,2. Restaurant,Arroz Blanco - White Rice,1867.32,1796.45,REVENUE_REDUCTION,revenue_efficiency,confirmed_revenue_reduction_not_automatically_avoidable,70.86999999999989,gross_to_net_reduction,35,"Validate discount/refund authorization, business purpose and policy compliance.",87.05882352941177,69.82352941176471,high,3,369
651,667,1.25 Sweets & Candies,Nestle Savoy Carre Leche y Avellanas 2.2lb / 1kg UNIT,719.1,719.1,CATALOG_ACTIONABLE,catalog_control,sales_associated_with_review_candidate,719.1,associated_positive_net_sales,35,"Validate SKU/UPC, presentation, duplicate status and pack-size configuration before any merge.",87.03703703703704,69.81481481481481,high,3,370
148,164,4.Bakery,160 Pandebono,10038.0,9968.99,REVENUE_REDUCTION,revenue_efficiency,confirmed_revenue_reduction_not_automatically_avoidable,69.01000000000022,gross_to_net_reduction,35,"Validate discount/refund authorization, business purpose and policy compliance.",86.94117647058823,69.7764705882353,high,3,371
33,49,2. Restaurant,Sopa de Tortillas con Pollo,6628.69,6560.44,REVENUE_REDUCTION,revenue_efficiency,confirmed_revenue_reduction_not_automatically_avoidable,68.25,gross_to_net_reduction,35,"Validate discount/refund authorization, business purpose and policy compliance.",86.82352941176471,69.72941176470589,high,3,372
251,267,4.Bakery,160 Chocoflan Grande,130.0,130.0,ZERO_COGS,profitability_data_quality,sales_exposure_not_confirmed_loss,130.0,positive_net_sales_exposure,55,"Confirm recipes, purchase cost or item cost mapping; zero COGS is not accepted as validated margin.",36.7816091954023,69.71264367816092,high,3,373
931,947,1.05 Chips & Snacks,"Sabritas Fritos Chile-Limon 170g ,",1335.09,1266.86,REVENUE_REDUCTION,revenue_efficiency,confirmed_revenue_reduction_not_automatically_avoidable,68.23000000000002,gross_to_net_reduction,35,"Validate discount/refund authorization, business purpose and policy compliance.",86.70588235294117,69.68235294117648,high,3,374
783,799,1.25 Sweets & Candies,Tamaroca Banderilla Con Chile X30,104.97,104.97,MISSING_PROFITABILITY,profitability_data_quality,sales_exposure_not_confirmed_loss,104.97,positive_net_sales_exposure,55,Load and validate COGS and Gross Profit; do not estimate loss until source cost is confirmed.,36.65158371040724,69.6606334841629,high,3,375
22,38,2. Restaurant,Chicken Colombian Empanada,10469.25,10404.2,REVENUE_REDUCTION,revenue_efficiency,confirmed_revenue_reduction_not_automatically_avoidable,65.04999999999927,gross_to_net_reduction,35,"Validate discount/refund authorization, business purpose and policy compliance.",86.58823529411764,69.63529411764705,high,3,376
294,310,1.12 Frozen Products,Ravi Frozen Yellow Sliced Plantain 3 LB,9469.71,9404.73,REVENUE_REDUCTION,revenue_efficiency,confirmed_revenue_reduction_not_automatically_avoidable,64.97999999999956,gross_to_net_reduction,35,"Validate discount/refund authorization, business purpose and policy compliance.",86.47058823529412,69.58823529411765,high,3,377
178,194,4.Bakery,160 Venezuela Plantain & Cheese Empanada,2154.6,2091.15,REVENUE_REDUCTION,revenue_efficiency,confirmed_revenue_reduction_not_automatically_avoidable,63.44999999999982,gross_to_net_reduction,35,"Validate discount/refund authorization, business purpose and policy compliance.",86.3529411764706,69.54117647058824,high,3,378
1202,1218,1.23 Sauces,Fritz Corn Sauce 240g,251.76,188.76,REVENUE_REDUCTION,revenue_efficiency,confirmed_revenue_reduction_not_automatically_avoidable,63.0,gross_to_net_reduction,35,"Validate discount/refund authorization, business purpose and policy compliance.",86.23529411764706,69.49411764705883,high,3,379
556,572,1.03 Beverages,Postobon Uva Soda Bottle - 14 Oz X24,103.92,103.92,MISSING_PROFITABILITY,profitability_data_quality,sales_exposure_not_confirmed_loss,103.92,positive_net_sales_exposure,55,Load and validate COGS and Gross Profit; do not estimate loss until source cost is confirmed.,36.199095022624434,69.47963800904978,high,3,380
333,349,1.12 Frozen Products,La Saltena Rotiseras Hojaldre 5.5 12 Pack 767 Gr,1175.99,977.53,LOW_MARGIN,profitability_result,margin_review_not_confirmed_loss,977.53,associated_net_sales,35,Review price-cost relationship and whether discounts compressed the observed margin.,86.15384615384616,69.46153846153847,high,3,381
245,261,4.Bakery,160 LM Copa Veneciana Frutos Rojos / Berry Cup,217.49,154.59,REVENUE_REDUCTION,revenue_efficiency,confirmed_revenue_reduction_not_automatically_avoidable,62.900000000000006,gross_to_net_reduction,35,"Validate discount/refund authorization, business purpose and policy compliance.",86.11764705882354,69.4470588235294,high,3,382
1117,1133,1.10 Dairy,Rumba Cheese Oaxaca Boule 200 Gr,707.41,707.41,CATALOG_ACTIONABLE,catalog_control,sales_associated_with_review_candidate,707.41,associated_positive_net_sales,35,"Validate SKU/UPC, presentation, duplicate status and pack-size configuration before any merge.",86.11111111111111,69.44444444444444,high,3,383
25,41,2. Restaurant,Sopa de Tortilla - Tortilla Soup,8215.51,8153.28,REVENUE_REDUCTION,revenue_efficiency,confirmed_revenue_reduction_not_automatically_avoidable,62.23000000000047,gross_to_net_reduction,35,"Validate discount/refund authorization, business purpose and policy compliance.",86.0,69.4,high,3,384
1183,1199,1.23 Sauces,Emperador Teloloapan Mole Almendrado  1k,371.88,309.9,REVENUE_REDUCTION,revenue_efficiency,confirmed_revenue_reduction_not_automatically_avoidable,61.98000000000002,gross_to_net_reduction,35,"Validate discount/refund authorization, business purpose and policy compliance.",85.88235294117646,69.35294117647058,high,3,385
1493,1509,3.Coffee160,160 Cafe con Leche 16oz,1955.1,1893.87,REVENUE_REDUCTION,revenue_efficiency,confirmed_revenue_reduction_not_automatically_avoidable,61.23000000000002,gross_to_net_reduction,35,"Validate discount/refund authorization, business purpose and policy compliance.",85.76470588235294,69.30588235294118,high,3,386
787,803,1.25 Sweets & Candies,Nestle Savoy Cri Cri 27 g / .95 oz X12,115.96,101.46,MISSING_PROFITABILITY,profitability_data_quality,sales_exposure_not_confirmed_loss,101.46,positive_net_sales_exposure,55,Load and validate COGS and Gross Profit; do not estimate loss until source cost is confirmed.,35.74660633484163,69.29864253393666,high,3,387
675,691,1.25 Sweets & Candies,Su Sabor Bocadillo de Guayaba regular 18 uni / 650g,550.19,489.79,REVENUE_REDUCTION,revenue_efficiency,confirmed_revenue_reduction_not_automatically_avoidable,60.400000000000034,gross_to_net_reduction,35,"Validate discount/refund authorization, business purpose and policy compliance.",85.6470588235294,69.25882352941176,high,3,388
1527,1543,3.Coffee160,Mint Lemonade,126.27,124.62,ZERO_COGS,profitability_data_quality,sales_exposure_not_confirmed_loss,124.62,positive_net_sales_exposure,55,"Confirm recipes, purchase cost or item cost mapping; zero COGS is not accepted as validated margin.",35.63218390804598,69.2528735632184,high,3,389
579,595,1.03 Beverages,Tiky Pinneaple soda Glass 12 oz /  350 ml,119.8,59.8,REVENUE_REDUCTION,revenue_efficiency,confirmed_revenue_reduction_not_automatically_avoidable,60.0,gross_to_net_reduction,35,"Validate discount/refund authorization, business purpose and policy compliance.",85.47058823529412,69.18823529411765,high,3,390
1092,1108,1.26 Tortillas,Don Pancho Thin Chip Tortilla 26oz,169.66,109.66,REVENUE_REDUCTION,revenue_efficiency,confirmed_revenue_reduction_not_automatically_avoidable,60.0,gross_to_net_reduction,35,"Validate discount/refund authorization, business purpose and policy compliance.",85.47058823529412,69.18823529411765,high,3,391
789,805,1.25 Sweets & Candies,Pelon Pelo Rico 28 Gr X12,99.9,99.9,MISSING_PROFITABILITY,profitability_data_quality,sales_exposure_not_confirmed_loss,99.9,positive_net_sales_exposure,55,Load and validate COGS and Gross Profit; do not estimate loss until source cost is confirmed.,35.294117647058826,69.11764705882354,high,3,392
159,175,4.Bakery,160 Venezuelan Beef Empanada,4831.89,4771.91,REVENUE_REDUCTION,revenue_efficiency,confirmed_revenue_reduction_not_automatically_avoidable,59.98000000000047,gross_to_net_reduction,35,"Validate discount/refund authorization, business purpose and policy compliance.",85.29411764705883,69.11764705882354,high,3,393
653,669,1.25 Sweets & Candies,Gamesa Marias box 19.7oz / 560g,719.36,682.19,CATALOG_ACTIONABLE,catalog_control,sales_associated_with_review_candidate,682.19,associated_positive_net_sales,35,"Validate SKU/UPC, presentation, duplicate status and pack-size configuration before any merge.",85.18518518518519,69.07407407407408,high,3,394
766,782,1.25 Sweets & Candies,Gummy Rock Sandia Watermelon Spicy lolly pop spacy candy 85g Gummy Rock Sandia Watermelon Spicy lolly pop spacy candy 85g unit,181.77,123.15,REVENUE_REDUCTION,revenue_efficiency,confirmed_revenue_reduction_not_automatically_avoidable,58.620000000000005,gross_to_net_reduction,35,"Validate discount/refund authorization, business purpose and policy compliance.",85.1764705882353,69.07058823529412,high,3,395
1092,1108,1.26 Tortillas,Don Pancho Thin Chip Tortilla 26oz,169.66,109.66,NEGATIVE_MARGIN,profitability_result,reported_negative_gross_profit,3.9,absolute_reported_negative_gross_profit,60,"Validate selling price, unit cost, discount policy and transaction detail.",22.58064516129032,69.03225806451613,high,3,396
442,458,1.03 Beverages,Jarritos Lime 12.5oz UNIT,794.03,735.54,REVENUE_REDUCTION,revenue_efficiency,confirmed_revenue_reduction_not_automatically_avoidable,58.49000000000001,gross_to_net_reduction,35,"Validate discount/refund authorization, business purpose and policy compliance.",85.05882352941177,69.02352941176471,high,3,397
951,967,1.05 Chips & Snacks,Sinha Batata Palha / Tradicional Potatoes 90g,694.26,635.86,REVENUE_REDUCTION,revenue_efficiency,confirmed_revenue_reduction_not_automatically_avoidable,58.39999999999998,gross_to_net_reduction,35,"Validate discount/refund authorization, business purpose and policy compliance.",84.94117647058823,68.97647058823529,high,3,398
790,806,1.25 Sweets & Candies,Sonrics Rockaleta X20,98.75,98.75,MISSING_PROFITABILITY,profitability_data_quality,sales_exposure_not_confirmed_loss,98.75,positive_net_sales_exposure,55,Load and validate COGS and Gross Profit; do not estimate loss until source cost is confirmed.,34.841628959276015,68.93665158371041,high,3,399
70,86,2. Restaurant,Frijoles Colombianos - Colombian Beans,1133.16,1074.86,REVENUE_REDUCTION,revenue_efficiency,confirmed_revenue_reduction_not_automatically_avoidable,58.30000000000018,gross_to_net_reduction,35,"Validate discount/refund authorization, business purpose and policy compliance.",84.82352941176471,68.92941176470589,high,3,400
203,219,4.Bakery,160 Pasabocas Pastel Guayaba,1317.25,1311.47,PROFIT_CONFIGURATION_ANOMALY,profitability_configuration,configuration_gap_not_confirmed_loss,5.499999999999943,absolute_cogs_configuration_gap,60,"Reconcile item COGS, reported Gross Profit and POS configuration against source transactions.",22.22222222222222,68.88888888888889,high,3,401
724,740,1.25 Sweets & Candies,Nestle Savoy Cri Cri 27 g / .95 oz UNIT,312.78,254.73,REVENUE_REDUCTION,revenue_efficiency,confirmed_revenue_reduction_not_automatically_avoidable,58.04999999999998,gross_to_net_reduction,35,"Validate discount/refund authorization, business purpose and policy compliance.",84.70588235294117,68.88235294117646,high,3,402
937,953,1.05 Chips & Snacks,Paketaxo Botanero Verde 255G S,1176.76,915.51,LOW_MARGIN,profitability_result,margin_review_not_confirmed_loss,915.51,associated_net_sales,35,Review price-cost relationship and whether discounts compressed the observed margin.,84.61538461538461,68.84615384615384,high,3,403
50,66,2. Restaurant,Tacos de Chicharron en Salsa Verde,2609.4,2552.92,REVENUE_REDUCTION,revenue_efficiency,confirmed_revenue_reduction_not_automatically_avoidable,56.48000000000002,gross_to_net_reduction,35,"Validate discount/refund authorization, business purpose and policy compliance.",84.58823529411764,68.83529411764707,high,3,404
253,269,4.Bakery,160 Milhojas Grande,120.0,120.0,ZERO_COGS,profitability_data_quality,sales_exposure_not_confirmed_loss,120.0,positive_net_sales_exposure,55,"Confirm recipes, purchase cost or item cost mapping; zero COGS is not accepted as validated margin.",34.48275862068966,68.79310344827586,high,3,405
170,186,4.Bakery,160 Venezuelan Chicken & Cheese Empanada,2960.58,2904.54,REVENUE_REDUCTION,revenue_efficiency,confirmed_revenue_reduction_not_automatically_avoidable,56.039999999999964,gross_to_net_reduction,35,"Validate discount/refund authorization, business purpose and policy compliance.",84.47058823529412,68.78823529411764,high,3,406
1224,1240,1.23 Sauces,M. Lycha Salsita de Tomate Sofrito criollo 8 oz / 227 g,97.72,97.72,MISSING_PROFITABILITY,profitability_data_quality,sales_exposure_not_confirmed_loss,97.72,positive_net_sales_exposure,55,Load and validate COGS and Gross Profit; do not estimate loss until source cost is confirmed.,34.38914027149321,68.7556561085973,high,3,407
23,39,2. Restaurant,UMS Lechona,10233.6,10177.63,REVENUE_REDUCTION,revenue_efficiency,confirmed_revenue_reduction_not_automatically_avoidable,55.970000000001164,gross_to_net_reduction,35,"Validate discount/refund authorization, business purpose and policy compliance.",84.29411764705883,68.71764705882353,high,3,408
293,309,1.12 Frozen Products,Caribe Yuca Frozen 4 LB,18830.54,18774.57,REVENUE_REDUCTION,revenue_efficiency,confirmed_revenue_reduction_not_automatically_avoidable,55.970000000001164,gross_to_net_reduction,35,"Validate discount/refund authorization, business purpose and policy compliance.",84.29411764705883,68.71764705882353,high,3,409
450,466,1.03 Beverages,Topo Chico Lime with Mint - Can - 12 Oz 8 PACK,637.0,637.0,CATALOG_ACTIONABLE,catalog_control,sales_associated_with_review_candidate,637.0,associated_positive_net_sales,35,"Validate SKU/UPC, presentation, duplicate status and pack-size configuration before any merge.",84.25925925925925,68.7037037037037,high,3,410
215,231,4.Bakery,160 Quesadilla Salvadorena,1054.22,999.24,REVENUE_REDUCTION,revenue_efficiency,confirmed_revenue_reduction_not_automatically_avoidable,54.98000000000002,gross_to_net_reduction,35,"Validate discount/refund authorization, business purpose and policy compliance.",84.11764705882354,68.64705882352942,high,3,411
422,438,1.03 Beverages,Topo Chico Mineral Water 355ml x Unit,1432.41,1377.66,REVENUE_REDUCTION,revenue_efficiency,confirmed_revenue_reduction_not_automatically_avoidable,54.75,gross_to_net_reduction,35,"Validate discount/refund authorization, business purpose and policy compliance.",83.94117647058823,68.5764705882353,high,3,412
444,460,1.03 Beverages,Topo Chico Lime Mineral Water - 12oz UNIT,770.07,715.32,REVENUE_REDUCTION,revenue_efficiency,confirmed_revenue_reduction_not_automatically_avoidable,54.75,gross_to_net_reduction,35,"Validate discount/refund authorization, business purpose and policy compliance.",83.94117647058823,68.5764705882353,high,3,413
1529,1545,3.Coffee160,Macadamia Nuts Milkshake,96.6,96.6,MISSING_PROFITABILITY,profitability_data_quality,sales_exposure_not_confirmed_loss,96.6,positive_net_sales_exposure,55,Load and validate COGS and Gross Profit; do not estimate loss until source cost is confirmed.,33.93665158371041,68.57466063348417,high,3,414
351,367,1.12 Frozen Products,TajaCol Frozen Fruit Pulp Tablet Mango 14 oz,556.76,502.15,REVENUE_REDUCTION,revenue_efficiency,confirmed_revenue_reduction_not_automatically_avoidable,54.610000000000014,gross_to_net_reduction,35,"Validate discount/refund authorization, business purpose and policy compliance.",83.76470588235294,68.50588235294117,high,3,415
814,830,1.25 Sweets & Candies,Aldor Frunas Original  352g x 32,113.81,59.81,REVENUE_REDUCTION,revenue_efficiency,confirmed_revenue_reduction_not_automatically_avoidable,54.0,gross_to_net_reduction,35,"Validate discount/refund authorization, business purpose and policy compliance.",83.6470588235294,68.45882352941176,high,3,416
46,62,2. Restaurant,Jugo Natural - Natural Juice Kiosk,3234.0,3181.04,REVENUE_REDUCTION,revenue_efficiency,confirmed_revenue_reduction_not_automatically_avoidable,52.960000000000036,gross_to_net_reduction,35,"Validate discount/refund authorization, business purpose and policy compliance.",83.52941176470588,68.41176470588235,high,3,417
794,810,1.25 Sweets & Candies,Lucas Skwinkles Salsagheti 10.2 oz / 288 g X12,92.75,92.75,MISSING_PROFITABILITY,profitability_data_quality,sales_exposure_not_confirmed_loss,92.75,positive_net_sales_exposure,55,Load and validate COGS and Gross Profit; do not estimate loss until source cost is confirmed.,33.4841628959276,68.39366515837104,high,3,418
61,77,2. Restaurant,Pork Milanesa - Chuleta de Cerdo,1742.17,1689.68,REVENUE_REDUCTION,revenue_efficiency,confirmed_revenue_reduction_not_automatically_avoidable,52.49000000000001,gross_to_net_reduction,35,"Validate discount/refund authorization, business purpose and policy compliance.",83.41176470588235,68.36470588235295,high,3,419
952,968,1.05 Chips & Snacks,Sabritas Tostitos Salsa Verde  - 175 Gr,623.56,623.56,CATALOG_ACTIONABLE,catalog_control,sales_associated_with_review_candidate,623.56,associated_positive_net_sales,35,"Validate SKU/UPC, presentation, duplicate status and pack-size configuration before any merge.",83.33333333333334,68.33333333333334,high,3,420
112,128,2. Restaurant,COLOMBIAN STEAK BREAKFAST,119.92,119.92,ZERO_COGS,profitability_data_quality,sales_exposure_not_confirmed_loss,119.92,positive_net_sales_exposure,55,"Confirm recipes, purchase cost or item cost mapping; zero COGS is not accepted as validated margin.",33.33333333333333,68.33333333333333,high,3,421
2018,2034,1.16 Miscelanea,Veladora Santisima Muerte Black,143.64,91.64,REVENUE_REDUCTION,revenue_efficiency,confirmed_revenue_reduction_not_automatically_avoidable,51.999999999999986,gross_to_net_reduction,35,"Validate discount/refund authorization, business purpose and policy compliance.",83.29411764705881,68.31764705882352,high,3,422
2049,2065,1.01 Aceites,La Espanola Extra Virgin Olive Oil 16.9 Oz - 500 ML,50.98,0.0,REVENUE_REDUCTION,revenue_efficiency,confirmed_revenue_reduction_not_automatically_avoidable,50.98,gross_to_net_reduction,35,"Validate discount/refund authorization, business purpose and policy compliance.",83.17647058823529,68.27058823529411,high,3,423
2005,2021,1.16 Miscelanea,Paper Bag,905.4,905.4,LOW_MARGIN,profitability_result,margin_review_not_confirmed_loss,905.4,associated_net_sales,35,Review price-cost relationship and whether discounts compressed the observed margin.,83.07692307692308,68.23076923076923,high,3,424
1368,1384,1.07 Condiments & Spices,Knorr Beef Flavor Bouillon 1.14 Kg - 2.53 LB,324.87,274.89,REVENUE_REDUCTION,revenue_efficiency,confirmed_revenue_reduction_not_automatically_avoidable,49.98000000000002,gross_to_net_reduction,35,"Validate discount/refund authorization, business purpose and policy compliance.",83.05882352941177,68.2235294117647,high,3,425
795,811,1.25 Sweets & Candies,Duvalin Fresa Vainilla BOX,90.67,90.67,MISSING_PROFITABILITY,profitability_data_quality,sales_exposure_not_confirmed_loss,90.67,positive_net_sales_exposure,55,Load and validate COGS and Gross Profit; do not estimate loss until source cost is confirmed.,33.03167420814479,68.21266968325791,high,3,426
1108,1124,1.10 Dairy,Rumba Crema Salvadoreña 375ml,2521.53,2471.68,REVENUE_REDUCTION,revenue_efficiency,confirmed_revenue_reduction_not_automatically_avoidable,49.850000000000364,gross_to_net_reduction,35,"Validate discount/refund authorization, business purpose and policy compliance.",82.94117647058825,68.1764705882353,high,3,427
418,434,1.03 Beverages,Coca Cola Mexicana  - T  - 355 ML UNIT,1710.69,1661.25,REVENUE_REDUCTION,revenue_efficiency,confirmed_revenue_reduction_not_automatically_avoidable,49.440000000000055,gross_to_net_reduction,35,"Validate discount/refund authorization, business purpose and policy compliance.",82.82352941176471,68.12941176470588,high,3,428
1304,1320,"1.06 Coffee, Cocoa, Panela, Butter",Caboclo Cafe 500 gr,140.94,91.64,REVENUE_REDUCTION,revenue_efficiency,confirmed_revenue_reduction_not_automatically_avoidable,49.3,gross_to_net_reduction,35,"Validate discount/refund authorization, business purpose and policy compliance.",82.70588235294117,68.08235294117647,high,3,429
47,63,2. Restaurant,Nestle Pure Life,3082.51,3033.37,REVENUE_REDUCTION,revenue_efficiency,confirmed_revenue_reduction_not_automatically_avoidable,49.14000000000033,gross_to_net_reduction,35,"Validate discount/refund authorization, business purpose and policy compliance.",82.58823529411765,68.03529411764706,high,3,430
1027,1043,1.05 Chips & Snacks,Super Ricas Todo Rico Original Unit,89.72,89.72,MISSING_PROFITABILITY,profitability_data_quality,sales_exposure_not_confirmed_loss,89.72,positive_net_sales_exposure,55,Load and validate COGS and Gross Profit; do not estimate loss until source cost is confirmed.,32.57918552036199,68.03167420814479,high,3,431
431,447,1.03 Beverages,Topo Chico Box 12 - 355ml X12,1029.81,980.82,REVENUE_REDUCTION,revenue_efficiency,confirmed_revenue_reduction_not_automatically_avoidable,48.989999999999895,gross_to_net_reduction,35,"Validate discount/refund authorization, business purpose and policy compliance.",82.47058823529412,67.98823529411764,high,3,432
663,679,1.25 Sweets & Candies,Nestle Savoy Carre Leche y Avellanas 2.2lb / 1kg UNIT,558.39,558.39,CATALOG_ACTIONABLE,catalog_control,sales_associated_with_review_candidate,558.39,associated_positive_net_sales,35,"Validate SKU/UPC, presentation, duplicate status and pack-size configuration before any merge.",82.4074074074074,67.96296296296296,high,3,433
536,552,1.03 Beverages,Frescolita Lata -  330 ml X6,207.87,159.9,REVENUE_REDUCTION,revenue_efficiency,confirmed_revenue_reduction_not_automatically_avoidable,47.97,gross_to_net_reduction,35,"Validate discount/refund authorization, business purpose and policy compliance.",82.35294117647058,67.94117647058823,high,3,434
1142,1158,1.23 Sauces,"Salsa Zaaschila Guacamole Habanero 265gr ,",1067.86,1020.36,REVENUE_REDUCTION,revenue_efficiency,confirmed_revenue_reduction_not_automatically_avoidable,47.499999999999886,gross_to_net_reduction,35,"Validate discount/refund authorization, business purpose and policy compliance.",82.23529411764706,67.89411764705883,high,3,435
255,271,4.Bakery,160 Conchas Unit,149.5,112.5,ZERO_COGS,profitability_data_quality,sales_exposure_not_confirmed_loss,112.5,positive_net_sales_exposure,55,"Confirm recipes, purchase cost or item cost mapping; zero COGS is not accepted as validated margin.",32.18390804597701,67.8735632183908,high,3,436
1604,1620,1.13 Flours,Pinduca Farofa de Mandioca Tradicional 400g,171.57,124.57,REVENUE_REDUCTION,revenue_efficiency,confirmed_revenue_reduction_not_automatically_avoidable,47.0,gross_to_net_reduction,35,"Validate discount/refund authorization, business purpose and policy compliance.",82.11764705882352,67.84705882352941,high,3,437
347,363,1.12 Frozen Products,TajaCol Frozen Fruit Pulp Guava 14 oz / 397 g,606.15,559.41,REVENUE_REDUCTION,revenue_efficiency,confirmed_revenue_reduction_not_automatically_avoidable,46.74000000000001,gross_to_net_reduction,35,"Validate discount/refund authorization, business purpose and policy compliance.",82.0,67.8,high,3,438
1398,1414,1.07 Condiments & Spices,Goya Adobo Sin Pimienta 12oz,87.89,87.89,MISSING_PROFITABILITY,profitability_data_quality,sales_exposure_not_confirmed_loss,87.89,positive_net_sales_exposure,55,Load and validate COGS and Gross Profit; do not estimate loss until source cost is confirmed.,31.90045248868778,67.76018099547511,high,3,439
1801,1817,1.28 Grains,Urbano Feijao Carioca / White Beans  1 Kg,87.89,87.89,MISSING_PROFITABILITY,profitability_data_quality,sales_exposure_not_confirmed_loss,87.89,positive_net_sales_exposure,55,Load and validate COGS and Gross Profit; do not estimate loss until source cost is confirmed.,31.90045248868778,67.76018099547511,high,3,440
39,55,2. Restaurant,Chilaquiles Eggs Verdes Breakfast,5261.49,5215.03,REVENUE_REDUCTION,revenue_efficiency,confirmed_revenue_reduction_not_automatically_avoidable,46.460000000000036,gross_to_net_reduction,35,"Validate discount/refund authorization, business purpose and policy compliance.",81.88235294117648,67.75294117647059,high,3,441
401,417,1.12 Frozen Products,Puro Verde sopa de verduras 400,15.98,7.98,NEGATIVE_MARGIN,profitability_result,reported_negative_gross_profit,3.14,absolute_reported_negative_gross_profit,60,"Validate selling price, unit cost, discount policy and transaction detail.",19.35483870967742,67.74193548387098,high,3,442
836,852,1.25 Sweets & Candies,Winter's Panetton Doypack 6/500Gr,89.94,44.94,REVENUE_REDUCTION,revenue_efficiency,confirmed_revenue_reduction_not_automatically_avoidable,45.0,gross_to_net_reduction,35,"Validate discount/refund authorization, business purpose and policy compliance.",81.76470588235294,67.70588235294117,high,3,443
93,109,2. Restaurant,Papa Criolla - Andean Potatoes,315.21,270.3,REVENUE_REDUCTION,revenue_efficiency,confirmed_revenue_reduction_not_automatically_avoidable,44.90999999999997,gross_to_net_reduction,35,"Validate discount/refund authorization, business purpose and policy compliance.",81.64705882352942,67.65882352941176,high,3,444
1282,1298,"1.06 Coffee, Cocoa, Panela, Butter",Pilao Cafe TRADICIONAL  500gr,1010.07,805.46,LOW_MARGIN,profitability_result,margin_review_not_confirmed_loss,805.46,associated_net_sales,35,Review price-cost relationship and whether discounts compressed the observed margin.,81.53846153846153,67.61538461538461,high,3,445
1494,1510,3.Coffee160,160 Americano 16oz,1734.3,1689.66,REVENUE_REDUCTION,revenue_efficiency,confirmed_revenue_reduction_not_automatically_avoidable,44.63999999999987,gross_to_net_reduction,35,"Validate discount/refund authorization, business purpose and policy compliance.",81.52941176470588,67.61176470588235,high,3,446
664,680,1.25 Sweets & Candies,De la Rosa pulparindo Mango 10 Oz / 280g UNIT,540.98,540.98,CATALOG_ACTIONABLE,catalog_control,sales_associated_with_review_candidate,540.98,associated_positive_net_sales,35,"Validate SKU/UPC, presentation, duplicate status and pack-size configuration before any merge.",81.48148148148148,67.59259259259258,high,3,447
21,37,2. Restaurant,Cheese Colombian Empanada,10623.25,10578.94,REVENUE_REDUCTION,revenue_efficiency,confirmed_revenue_reduction_not_automatically_avoidable,44.30999999999949,gross_to_net_reduction,35,"Validate discount/refund authorization, business purpose and policy compliance.",81.41176470588235,67.56470588235294,high,3,448
1268,1284,"1.06 Coffee, Cocoa, Panela, Butter",Juan Valdez Volcan - Whole Bean 16 oz,1739.4,1695.92,REVENUE_REDUCTION,revenue_efficiency,confirmed_revenue_reduction_not_automatically_avoidable,43.48000000000002,gross_to_net_reduction,35,"Validate discount/refund authorization, business purpose and policy compliance.",81.29411764705883,67.51764705882353,high,3,449
1992,2008,Uncategorized,Manual Transaction,0.0,-3.0,MANUAL_NEGATIVE_ADJUSTMENT,manual_adjustment_control,negative_balance_requires_transaction_validation,3.0,absolute_negative_net_sales,50,"Trace the manual transaction to user, date, reason, approval and original sale.",43.75,67.5,high,3,450
567,583,1.03 Beverages,Topo Chico Mineral Water Glass 750 ML - T Box X12,86.99,86.99,MISSING_PROFITABILITY,profitability_data_quality,sales_exposure_not_confirmed_loss,86.99,positive_net_sales_exposure,55,Load and validate COGS and Gross Profit; do not estimate loss until source cost is confirmed.,31.221719457013574,67.48868778280543,high,3,451
186,202,4.Bakery,160 Gelatina Mosaico,1975.0,1931.75,REVENUE_REDUCTION,revenue_efficiency,confirmed_revenue_reduction_not_automatically_avoidable,43.25,gross_to_net_reduction,35,"Validate discount/refund authorization, business purpose and policy compliance.",81.17647058823529,67.47058823529412,high,3,452
719,735,1.25 Sweets & Candies,Su Sabor Bocadillo Combinado 650g,309.38,266.38,REVENUE_REDUCTION,revenue_efficiency,confirmed_revenue_reduction_not_automatically_avoidable,43.0,gross_to_net_reduction,35,"Validate discount/refund authorization, business purpose and policy compliance.",81.05882352941177,67.42352941176472,high,3,453
1797,1813,1.28 Grains,Maiz Blanco Honeyville/ White Corn x 2 lb,107.88,107.88,ZERO_COGS,profitability_data_quality,sales_exposure_not_confirmed_loss,107.88,positive_net_sales_exposure,55,"Confirm recipes, purchase cost or item cost mapping; zero COGS is not accepted as validated margin.",31.03448275862069,67.41379310344827,high,3,454
1139,1155,1.23 Sauces,Zaaschila Guacamole & Serrano Sauce 265 g,1472.05,1429.06,REVENUE_REDUCTION,revenue_efficiency,confirmed_revenue_reduction_not_automatically_avoidable,42.99000000000001,gross_to_net_reduction,35,"Validate discount/refund authorization, business purpose and policy compliance.",80.94117647058823,67.37647058823529,high,3,455
1682,1698,1.09 Cookies & Crackers,Noel Cookies Christmas Plegadiza Holiday / 24 215 Gr,83.86,41.26,REVENUE_REDUCTION,revenue_efficiency,confirmed_revenue_reduction_not_automatically_avoidable,42.6,gross_to_net_reduction,35,"Validate discount/refund authorization, business purpose and policy compliance.",80.82352941176471,67.32941176470588,high,3,456
798,814,1.25 Sweets & Candies,Nestle Princesa Chocolate 30 g / 1.1oz,87.15,86.65,MISSING_PROFITABILITY,profitability_data_quality,sales_exposure_not_confirmed_loss,86.65,positive_net_sales_exposure,55,Load and validate COGS and Gross Profit; do not estimate loss until source cost is confirmed.,30.76923076923077,67.3076923076923,high,3,457
108,124,2. Restaurant,Empanada Vegana 15 pck,186.89,144.89,REVENUE_REDUCTION,revenue_efficiency,confirmed_revenue_reduction_not_automatically_avoidable,42.0,gross_to_net_reduction,35,"Validate discount/refund authorization, business purpose and policy compliance.",80.70588235294117,67.28235294117647,high,3,458
94,110,2. Restaurant,Ribeye Steak,296.91,254.97,REVENUE_REDUCTION,revenue_efficiency,confirmed_revenue_reduction_not_automatically_avoidable,41.940000000000026,gross_to_net_reduction,35,"Validate discount/refund authorization, business purpose and policy compliance.",80.58823529411765,67.23529411764706,high,3,459
85,101,2. Restaurant,Delivery fee,520.0,518.31,CATALOG_ACTIONABLE,catalog_control,sales_associated_with_review_candidate,518.31,associated_positive_net_sales,35,"Validate SKU/UPC, presentation, duplicate status and pack-size configuration before any merge.",80.55555555555556,67.22222222222223,high,3,460
24,40,2. Restaurant,Tamal Veracruzano,9184.57,9142.7,REVENUE_REDUCTION,revenue_efficiency,confirmed_revenue_reduction_not_automatically_avoidable,41.86999999999898,gross_to_net_reduction,35,"Validate discount/refund authorization, business purpose and policy compliance.",80.47058823529412,67.18823529411765,high,3,461
720,736,1.25 Sweets & Candies,Su Sabor Deli manjar,304.39,264.39,REVENUE_REDUCTION,revenue_efficiency,confirmed_revenue_reduction_not_automatically_avoidable,40.0,gross_to_net_reduction,35,"Validate discount/refund authorization, business purpose and policy compliance.",80.3529411764706,67.14117647058823,high,3,462
800,816,1.25 Sweets & Candies,Terrabussi Alfajor Glaseado - 228 Gr Unit,83.79,83.79,MISSING_PROFITABILITY,profitability_data_quality,sales_exposure_not_confirmed_loss,83.79,positive_net_sales_exposure,55,Load and validate COGS and Gross Profit; do not estimate loss until source cost is confirmed.,30.316742081447963,67.12669683257919,high,3,463
56,72,2. Restaurant,Caldo de Costilla,2014.74,1974.75,REVENUE_REDUCTION,revenue_efficiency,confirmed_revenue_reduction_not_automatically_avoidable,39.99000000000001,gross_to_net_reduction,35,"Validate discount/refund authorization, business purpose and policy compliance.",80.23529411764706,67.09411764705882,high,3,464
224,240,4.Bakery,160 LM Copa Veneciana Passion Fruit,612.71,573.01,REVENUE_REDUCTION,revenue_efficiency,confirmed_revenue_reduction_not_automatically_avoidable,39.700000000000045,gross_to_net_reduction,35,"Validate discount/refund authorization, business purpose and policy compliance.",80.11764705882352,67.04705882352941,high,3,465
946,962,1.05 Chips & Snacks,Sabritas Crujitos Queso y Chile  - 120 Gr,1096.86,703.56,LOW_MARGIN,profitability_result,margin_review_not_confirmed_loss,703.56,associated_net_sales,35,Review price-cost relationship and whether discounts compressed the observed margin.,80.0,67.0,high,3,466
456,472,1.03 Beverages,Postobon Hit Lulo Juice Drink 1 LT,616.97,577.43,REVENUE_REDUCTION,revenue_efficiency,confirmed_revenue_reduction_not_automatically_avoidable,39.54000000000008,gross_to_net_reduction,35,"Validate discount/refund authorization, business purpose and policy compliance.",80.0,67.0,high,3,467
558,574,1.03 Beverages,Fanta Naranja 355ml/12OZ x Unit,99.75,99.75,ZERO_COGS,profitability_data_quality,sales_exposure_not_confirmed_loss,99.75,positive_net_sales_exposure,55,"Confirm recipes, purchase cost or item cost mapping; zero COGS is not accepted as validated margin.",29.88505747126437,66.95402298850576,high,3,468
407,423,1.03 Beverages,Pony Malta 11.12 oz / 330 ml UNIT,3238.17,3198.63,REVENUE_REDUCTION,revenue_efficiency,confirmed_revenue_reduction_not_automatically_avoidable,39.539999999999964,gross_to_net_reduction,35,"Validate discount/refund authorization, business purpose and policy compliance.",79.88235294117646,66.95294117647059,high,3,469
802,818,1.25 Sweets & Candies,De La Rosa Pulparindots Sandia 12.8Oz / 360 BOX,80.91,80.91,MISSING_PROFITABILITY,profitability_data_quality,sales_exposure_not_confirmed_loss,80.91,positive_net_sales_exposure,55,Load and validate COGS and Gross Profit; do not estimate loss until source cost is confirmed.,29.86425339366516,66.94570135746606,high,3,470
152,168,4.Bakery,160 Papa Rellena Unidad / Stuffed Potato Unit,8648.0,8609.59,REVENUE_REDUCTION,revenue_efficiency,confirmed_revenue_reduction_not_automatically_avoidable,38.409999999999854,gross_to_net_reduction,35,"Validate discount/refund authorization, business purpose and policy compliance.",79.76470588235294,66.90588235294118,high,3,471
1589,1605,1.13 Flours,Tres Estrellas Churros 17.6 oz,426.39,388.19,REVENUE_REDUCTION,revenue_efficiency,confirmed_revenue_reduction_not_automatically_avoidable,38.19999999999999,gross_to_net_reduction,35,"Validate discount/refund authorization, business purpose and policy compliance.",79.64705882352942,66.85882352941177,high,3,472
673,689,1.25 Sweets & Candies,Duvalin Fresa Avellana BOX,522.41,511.49,CATALOG_ACTIONABLE,catalog_control,sales_associated_with_review_candidate,511.49,associated_positive_net_sales,35,"Validate SKU/UPC, presentation, duplicate status and pack-size configuration before any merge.",79.62962962962963,66.85185185185185,high,3,473
189,205,4.Bakery,160 Mini Roscon,1853.19,1815.22,REVENUE_REDUCTION,revenue_efficiency,confirmed_revenue_reduction_not_automatically_avoidable,37.97000000000003,gross_to_net_reduction,35,"Validate discount/refund authorization, business purpose and policy compliance.",79.52941176470588,66.81176470588235,high,3,474
570,586,1.03 Beverages,Postobon Manzana Lata 12oz / 355ml x 6,77.94,77.94,MISSING_PROFITABILITY,profitability_data_quality,sales_exposure_not_confirmed_loss,77.94,positive_net_sales_exposure,55,Load and validate COGS and Gross Profit; do not estimate loss until source cost is confirmed.,29.411764705882355,66.76470588235294,high,3,475
219,235,4.Bakery,160 Mini Rosca De Reyes,705.0,667.5,REVENUE_REDUCTION,revenue_efficiency,confirmed_revenue_reduction_not_automatically_avoidable,37.5,gross_to_net_reduction,35,"Validate discount/refund authorization, business purpose and policy compliance.",79.41176470588235,66.76470588235294,high,3,476
653,669,1.25 Sweets & Candies,Gamesa Marias box 19.7oz / 560g,719.36,682.19,REVENUE_REDUCTION,revenue_efficiency,confirmed_revenue_reduction_not_automatically_avoidable,37.16999999999996,gross_to_net_reduction,35,"Validate discount/refund authorization, business purpose and policy compliance.",79.29411764705883,66.71764705882353,high,3,477
845,861,1.25 Sweets & Candies,Las Negras Torta de Naranja con Semillas de Amapola y Miel 1200 g UNIT,74.25,37.22,REVENUE_REDUCTION,revenue_efficiency,confirmed_revenue_reduction_not_automatically_avoidable,37.03,gross_to_net_reduction,35,"Validate discount/refund authorization, business purpose and policy compliance.",79.17647058823529,66.67058823529412,high,3,478
255,271,4.Bakery,160 Conchas Unit,149.5,112.5,REVENUE_REDUCTION,revenue_efficiency,confirmed_revenue_reduction_not_automatically_avoidable,37.0,gross_to_net_reduction,35,"Validate discount/refund authorization, business purpose and policy compliance.",79.05882352941175,66.62352941176471,high,3,479
1031,1047,1.05 Chips & Snacks,Rebanaditas Paleta Chile 40 Pzas / 640 g unit,75.95,75.63,MISSING_PROFITABILITY,profitability_data_quality,sales_exposure_not_confirmed_loss,75.63,positive_net_sales_exposure,55,Load and validate COGS and Gross Profit; do not estimate loss until source cost is confirmed.,28.95927601809955,66.58371040723982,high,3,480
155,171,4.Bakery,160 Flan Unimarket,6248.39,6211.69,REVENUE_REDUCTION,revenue_efficiency,confirmed_revenue_reduction_not_automatically_avoidable,36.70000000000073,gross_to_net_reduction,35,"Validate discount/refund authorization, business purpose and policy compliance.",78.94117647058823,66.5764705882353,high,3,481
1853,1869,1.18 Pasta-Soups,Maggi Sopa de Mariscos 2.82oz,567.15,530.61,REVENUE_REDUCTION,revenue_efficiency,confirmed_revenue_reduction_not_automatically_avoidable,36.539999999999964,gross_to_net_reduction,35,"Validate discount/refund authorization, business purpose and policy compliance.",78.82352941176471,66.52941176470588,high,3,482
560,576,1.03 Beverages,Boing Guava 500ml x Unit,95.76,95.76,ZERO_COGS,profitability_data_quality,sales_exposure_not_confirmed_loss,95.76,positive_net_sales_exposure,55,"Confirm recipes, purchase cost or item cost mapping; zero COGS is not accepted as validated margin.",28.735632183908045,66.49425287356321,high,3,483
406,422,1.03 Beverages,Coca Cola Mexicana - 355 ML UNIT,3435.38,3399.13,REVENUE_REDUCTION,revenue_efficiency,confirmed_revenue_reduction_not_automatically_avoidable,36.25,gross_to_net_reduction,35,"Validate discount/refund authorization, business purpose and policy compliance.",78.70588235294119,66.48235294117647,high,3,484
1346,1362,1.07 Condiments & Spices,Knorr Tomato & Chicken Flavor Bouillon 7.9 oz - 450 Gr,504.39,504.39,CATALOG_ACTIONABLE,catalog_control,sales_associated_with_review_candidate,504.39,associated_positive_net_sales,35,"Validate SKU/UPC, presentation, duplicate status and pack-size configuration before any merge.",78.70370370370371,66.48148148148148,high,3,485
821,837,1.25 Sweets & Candies,Reserva Minas Doce Laranja Em Calda 650g,77.94,55.19,NEGATIVE_MARGIN,profitability_result,reported_negative_gross_profit,2.83,absolute_reported_negative_gross_profit,60,"Validate selling price, unit cost, discount policy and transaction detail.",16.129032258064516,66.45161290322581,high,3,486
1038,1054,1.05 Chips & Snacks,Seniorial chicharron chile limon 1.97oz,85.5,49.8,REVENUE_REDUCTION,revenue_efficiency,confirmed_revenue_reduction_not_automatically_avoidable,35.7,gross_to_net_reduction,35,"Validate discount/refund authorization, business purpose and policy compliance.",78.58823529411765,66.43529411764706,high,3,487
805,821,1.25 Sweets & Candies,BonBonBum Mango x  UNIT,72.57,72.33,MISSING_PROFITABILITY,profitability_data_quality,sales_exposure_not_confirmed_loss,72.33,positive_net_sales_exposure,55,Load and validate COGS and Gross Profit; do not estimate loss until source cost is confirmed.,28.50678733031674,66.4027149321267,high,3,488
809,825,1.25 Sweets & Candies,Cool Toons Paleta Dragon Puerqui X15,96.75,62.91,REVENUE_REDUCTION,revenue_efficiency,confirmed_revenue_reduction_not_automatically_avoidable,33.84,gross_to_net_reduction,35,"Validate discount/refund authorization, business purpose and policy compliance.",78.47058823529412,66.38823529411765,high,3,489
961,977,1.05 Chips & Snacks,Paketaxo Queso 208g c,809.19,534.19,LOW_MARGIN,profitability_result,margin_review_not_confirmed_loss,534.19,associated_net_sales,35,Review price-cost relationship and whether discounts compressed the observed margin.,78.46153846153847,66.38461538461539,high,3,490
1243,1259,1.23 Sauces,La Costena Mexican Hot Sauce 5oz,68.77,35.98,REVENUE_REDUCTION,revenue_efficiency,confirmed_revenue_reduction_not_automatically_avoidable,32.79,gross_to_net_reduction,35,"Validate discount/refund authorization, business purpose and policy compliance.",78.3529411764706,66.34117647058824,high,3,491
60,76,2. Restaurant,UMS Birria Kg,1818.61,1785.98,REVENUE_REDUCTION,revenue_efficiency,confirmed_revenue_reduction_not_automatically_avoidable,32.62999999999988,gross_to_net_reduction,35,"Validate discount/refund authorization, business purpose and policy compliance.",78.23529411764706,66.29411764705883,high,3,492
819,835,1.25 Sweets & Candies,Reserva Minas Doce Leite / Caramel 650g,89.94,57.47,REVENUE_REDUCTION,revenue_efficiency,confirmed_revenue_reduction_not_automatically_avoidable,32.47,gross_to_net_reduction,35,"Validate discount/refund authorization, business purpose and policy compliance.",78.11764705882352,66.24705882352941,high,3,493
806,822,1.25 Sweets & Candies,Pelon Pelo Rico Tamarindo - Mini 13Gr X12,71.88,71.88,MISSING_PROFITABILITY,profitability_data_quality,sales_exposure_not_confirmed_loss,71.88,positive_net_sales_exposure,55,Load and validate COGS and Gross Profit; do not estimate loss until source cost is confirmed.,28.054298642533936,66.22171945701358,high,3,494
1638,1654,1.09 Cookies & Crackers,Nestle Susy 4 Pack 200g / 7.04 oz UNIT,1014.64,982.24,REVENUE_REDUCTION,revenue_efficiency,confirmed_revenue_reduction_not_automatically_avoidable,32.39999999999998,gross_to_net_reduction,35,"Validate discount/refund authorization, business purpose and policy compliance.",78.0,66.2,high,3,495
362,378,1.12 Frozen Products,Fresh Bocado Mango Frozen Pulp Cojin 90gr / 10ct,329.7,297.7,REVENUE_REDUCTION,revenue_efficiency,confirmed_revenue_reduction_not_automatically_avoidable,32.0,gross_to_net_reduction,35,"Validate discount/refund authorization, business purpose and policy compliance.",77.88235294117646,66.15294117647059,high,3,496
1700,1716,1.19 Peppers,Chile Ancho 250g,494.67,494.67,CATALOG_ACTIONABLE,catalog_control,sales_associated_with_review_candidate,494.67,associated_positive_net_sales,35,"Validate SKU/UPC, presentation, duplicate status and pack-size configuration before any merge.",77.77777777777779,66.11111111111111,high,3,497
1270,1286,"1.06 Coffee, Cocoa, Panela, Butter",Juan Valdez Colina Whole Bean 16oz,1652.43,1620.54,REVENUE_REDUCTION,revenue_efficiency,confirmed_revenue_reduction_not_automatically_avoidable,31.8900000000001,gross_to_net_reduction,35,"Validate discount/refund authorization, business purpose and policy compliance.",77.76470588235294,66.10588235294118,high,3,498
181,197,4.Bakery,160 Venezuelan Pastelitos Pollo,2030.0,1998.5,REVENUE_REDUCTION,revenue_efficiency,confirmed_revenue_reduction_not_automatically_avoidable,31.5,gross_to_net_reduction,35,"Validate discount/refund authorization, business purpose and policy compliance.",77.64705882352942,66.05882352941177,high,3,499
1305,1321,"1.06 Coffee, Cocoa, Panela, Butter",Grace Azucar Morena 907 gr,71.37,71.37,MISSING_PROFITABILITY,profitability_data_quality,sales_exposure_not_confirmed_loss,71.37,positive_net_sales_exposure,55,Load and validate COGS and Gross Profit; do not estimate loss until source cost is confirmed.,27.601809954751133,66.04072398190046,high,3,500
793,809,1.25 Sweets & Candies,BonBonBum Maracuya unit,93.81,93.63,ZERO_COGS,profitability_data_quality,sales_exposure_not_confirmed_loss,93.63,positive_net_sales_exposure,55,"Confirm recipes, purchase cost or item cost mapping; zero COGS is not accepted as validated margin.",27.586206896551722,66.0344827586207,high,3,501
34,50,2. Restaurant,Fresh Bocado Empanada Coctelera Carne 15pack,6405.23,6373.79,REVENUE_REDUCTION,revenue_efficiency,confirmed_revenue_reduction_not_automatically_avoidable,31.4399999999996,gross_to_net_reduction,35,"Validate discount/refund authorization, business purpose and policy compliance.",77.52941176470588,66.01176470588236,high,3,502
190,206,4.Bakery,160 Brazo de Reina Unidad,1775.77,1744.48,REVENUE_REDUCTION,revenue_efficiency,confirmed_revenue_reduction_not_automatically_avoidable,31.289999999999964,gross_to_net_reduction,35,"Validate discount/refund authorization, business purpose and policy compliance.",77.41176470588236,65.96470588235294,high,3,503
1492,1508,3.Coffee160,160 Cafe con Leche  12oz,2121.92,2090.64,REVENUE_REDUCTION,revenue_efficiency,confirmed_revenue_reduction_not_automatically_avoidable,31.2800000000002,gross_to_net_reduction,35,"Validate discount/refund authorization, business purpose and policy compliance.",77.29411764705883,65.91764705882353,high,3,504
182,198,4.Bakery,160 Tres Leches con Fruta,2020.62,1989.44,REVENUE_REDUCTION,revenue_efficiency,confirmed_revenue_reduction_not_automatically_avoidable,31.179999999999836,gross_to_net_reduction,35,"Validate discount/refund authorization, business purpose and policy compliance.",77.17647058823529,65.87058823529412,high,3,505
2032,2048,Bakery Frozen Products,Choco Torta Argentina Unidad,76.5,70.12,MISSING_PROFITABILITY,profitability_data_quality,sales_exposure_not_confirmed_loss,70.12,positive_net_sales_exposure,55,Load and validate COGS and Gross Profit; do not estimate loss until source cost is confirmed.,27.149321266968325,65.85972850678733,high,3,506
415,431,1.03 Beverages,Maltin Polar 12 oz UNIT,2015.94,1984.78,REVENUE_REDUCTION,revenue_efficiency,confirmed_revenue_reduction_not_automatically_avoidable,31.160000000000082,gross_to_net_reduction,35,"Validate discount/refund authorization, business purpose and policy compliance.",77.05882352941177,65.82352941176471,high,3,507
147,163,4.Bakery,160 Tequenos Queso X3,13663.19,13632.38,REVENUE_REDUCTION,revenue_efficiency,confirmed_revenue_reduction_not_automatically_avoidable,30.81000000000131,gross_to_net_reduction,35,"Validate discount/refund authorization, business purpose and policy compliance.",76.94117647058823,65.7764705882353,high,3,508
1506,1522,3.Coffee160,160 Dark Roast Beans 300g ground,509.66,509.66,LOW_MARGIN,profitability_result,margin_review_not_confirmed_loss,509.66,associated_net_sales,35,Review price-cost relationship and whether discounts compressed the observed margin.,76.92307692307693,65.76923076923077,high,3,509
1646,1662,1.09 Cookies & Crackers,Nestle Cocosette Mini Wafer case 900g,1024.59,494.6,CATALOG_ACTIONABLE,catalog_control,sales_associated_with_review_candidate,494.6,associated_positive_net_sales,35,"Validate SKU/UPC, presentation, duplicate status and pack-size configuration before any merge.",76.85185185185185,65.74074074074073,high,3,510
173,189,4.Bakery,160 Venezuelan Pastelito Carne,2506.0,2475.2,REVENUE_REDUCTION,revenue_efficiency,confirmed_revenue_reduction_not_automatically_avoidable,30.800000000000182,gross_to_net_reduction,35,"Validate discount/refund authorization, business purpose and policy compliance.",76.8235294117647,65.72941176470587,high,3,511
298,314,1.12 Frozen Products,Fresh Bocado Passion Fruit 64oz,4548.39,4517.9,REVENUE_REDUCTION,revenue_efficiency,confirmed_revenue_reduction_not_automatically_avoidable,30.49000000000069,gross_to_net_reduction,35,"Validate discount/refund authorization, business purpose and policy compliance.",76.70588235294117,65.68235294117648,high,3,512
807,823,1.25 Sweets & Candies,Nestle Toronto Box 324g Nestle Toronto unit,155.25,68.31,MISSING_PROFITABILITY,profitability_data_quality,sales_exposure_not_confirmed_loss,68.31,positive_net_sales_exposure,55,Load and validate COGS and Gross Profit; do not estimate loss until source cost is confirmed.,26.69683257918552,65.67873303167421,high,3,513
20,36,2. Restaurant,Frijolada con Chicharron,10832.21,10801.83,REVENUE_REDUCTION,revenue_efficiency,confirmed_revenue_reduction_not_automatically_avoidable,30.3799999999992,gross_to_net_reduction,35,"Validate discount/refund authorization, business purpose and policy compliance.",76.58823529411765,65.63529411764706,high,3,514
472,488,1.03 Beverages,Jarritos Mineragua 12.5oz,495.51,465.35,REVENUE_REDUCTION,revenue_efficiency,confirmed_revenue_reduction_not_automatically_avoidable,30.159999999999968,gross_to_net_reduction,35,"Validate discount/refund authorization, business purpose and policy compliance.",76.47058823529412,65.58823529411765,high,3,515
564,580,1.03 Beverages,Hatsu Tea White Mangosteen  473ml x Unit,104.79,90.79,ZERO_COGS,profitability_data_quality,sales_exposure_not_confirmed_loss,90.79,positive_net_sales_exposure,55,"Confirm recipes, purchase cost or item cost mapping; zero COGS is not accepted as validated margin.",26.436781609195403,65.57471264367817,high,3,516
1226,1242,1.23 Sauces,Delicioso Foods Chipotle Sauce 4 L,119.98,89.98,REVENUE_REDUCTION,revenue_efficiency,confirmed_revenue_reduction_not_automatically_avoidable,30.0,gross_to_net_reduction,35,"Validate discount/refund authorization, business purpose and policy compliance.",76.3529411764706,65.54117647058824,high,3,517
1983,1999,Uncategorized,De La Rosa Pulparindots sandia 12.8Oz / 360 Unit,63.36,63.36,MISSING_PROFITABILITY,profitability_data_quality,sales_exposure_not_confirmed_loss,63.36,positive_net_sales_exposure,55,Load and validate COGS and Gross Profit; do not estimate loss until source cost is confirmed.,26.244343891402718,65.49773755656109,high,3,518
52,68,2. Restaurant,Breakfast Mexican Eggs Tacos,2458.36,2428.39,REVENUE_REDUCTION,revenue_efficiency,confirmed_revenue_reduction_not_automatically_avoidable,29.970000000000255,gross_to_net_reduction,35,"Validate discount/refund authorization, business purpose and policy compliance.",76.23529411764706,65.49411764705883,high,3,519
484,500,1.03 Beverages,Topo Chico Lime with Mint - Can - 12 Oz UNIT,415.61,385.65,REVENUE_REDUCTION,revenue_efficiency,confirmed_revenue_reduction_not_automatically_avoidable,29.960000000000036,gross_to_net_reduction,35,"Validate discount/refund authorization, business purpose and policy compliance.",76.11764705882354,65.44705882352942,high,3,520
576,592,1.03 Beverages,La Cascada Kolashanpan 20oz,95.83,65.93,REVENUE_REDUCTION,revenue_efficiency,confirmed_revenue_reduction_not_automatically_avoidable,29.89999999999999,gross_to_net_reduction,35,"Validate discount/refund authorization, business purpose and policy compliance.",76.0,65.4,high,3,521
1972,1988,Uncategorized,Nestle Savoy Cri Cri 27 g / .95 oz X unit,499.33,473.23,CATALOG_ACTIONABLE,catalog_control,sales_associated_with_review_candidate,473.23,associated_positive_net_sales,35,"Validate SKU/UPC, presentation, duplicate status and pack-size configuration before any merge.",75.92592592592592,65.37037037037037,high,3,522
1102,1118,1.10 Dairy,Rumba Cheese Cotija Kg,4835.18,4805.93,REVENUE_REDUCTION,revenue_efficiency,confirmed_revenue_reduction_not_automatically_avoidable,29.25,gross_to_net_reduction,35,"Validate discount/refund authorization, business purpose and policy compliance.",75.88235294117646,65.35294117647058,high,3,523
1407,1423,1.07 Condiments & Spices,Maggi Chicken Flavor Bouillon 6 - 2.43 oz,63.25,63.25,MISSING_PROFITABILITY,profitability_data_quality,sales_exposure_not_confirmed_loss,63.25,positive_net_sales_exposure,55,Load and validate COGS and Gross Profit; do not estimate loss until source cost is confirmed.,25.791855203619914,65.31674208144797,high,3,524
153,169,4.Bakery,160 Chilean Beef Empanada,8273.91,8244.9,REVENUE_REDUCTION,revenue_efficiency,confirmed_revenue_reduction_not_automatically_avoidable,29.01000000000022,gross_to_net_reduction,35,"Validate discount/refund authorization, business purpose and policy compliance.",75.76470588235294,65.30588235294118,high,3,525
31,47,2. Restaurant,Tamal Tolimense,6897.94,6869.05,REVENUE_REDUCTION,revenue_efficiency,confirmed_revenue_reduction_not_automatically_avoidable,28.889999999999418,gross_to_net_reduction,35,"Validate discount/refund authorization, business purpose and policy compliance.",75.6470588235294,65.25882352941176,high,3,526
440,456,1.03 Beverages,Coca Cola Mexicana - 500 ml UNIT,798.4,769.68,REVENUE_REDUCTION,revenue_efficiency,confirmed_revenue_reduction_not_automatically_avoidable,28.720000000000027,gross_to_net_reduction,35,"Validate discount/refund authorization, business purpose and policy compliance.",75.52941176470588,65.21176470588236,high,3,527
175,191,4.Bakery,160 Brazilian Coconut Cake,2362.5,2334.36,REVENUE_REDUCTION,revenue_efficiency,confirmed_revenue_reduction_not_automatically_avoidable,28.139999999999873,gross_to_net_reduction,35,"Validate discount/refund authorization, business purpose and policy compliance.",75.41176470588236,65.16470588235295,high,3,528
1417,1433,1.07 Condiments & Spices,Pampas Salt Templado para Churrasco  500g,26.94,13.5,NEGATIVE_MARGIN,profitability_result,reported_negative_gross_profit,2.1,absolute_reported_negative_gross_profit,60,"Validate selling price, unit cost, discount policy and transaction detail.",12.903225806451612,65.16129032258064,high,3,529
1901,1917,1.08 Brines,Su Sabor Brevas en Almibar 790g / 28oz,571.49,421.49,LOW_MARGIN,profitability_result,margin_review_not_confirmed_loss,421.49,associated_net_sales,35,Review price-cost relationship and whether discounts compressed the observed margin.,75.38461538461539,65.15384615384616,high,3,530
809,825,1.25 Sweets & Candies,Cool Toons Paleta Dragon Puerqui X15,96.75,62.91,MISSING_PROFITABILITY,profitability_data_quality,sales_exposure_not_confirmed_loss,62.91,positive_net_sales_exposure,55,Load and validate COGS and Gross Profit; do not estimate loss until source cost is confirmed.,25.339366515837103,65.13574660633483,high,3,531
206,222,4.Bakery,160 LM Passionfruit Cheesecake Unit,1295.34,1267.24,REVENUE_REDUCTION,revenue_efficiency,confirmed_revenue_reduction_not_automatically_avoidable,28.09999999999991,gross_to_net_reduction,35,"Validate discount/refund authorization, business purpose and policy compliance.",75.29411764705883,65.11764705882354,high,3,532
115,131,2. Restaurant,Delivery fee,90.0,90.0,ZERO_COGS,profitability_data_quality,sales_exposure_not_confirmed_loss,90.0,positive_net_sales_exposure,55,"Confirm recipes, purchase cost or item cost mapping; zero COGS is not accepted as validated margin.",25.287356321839084,65.11494252873564,high,3,533
14,30,2. Restaurant,Taco Kit,14032.36,14004.36,REVENUE_REDUCTION,revenue_efficiency,confirmed_revenue_reduction_not_automatically_avoidable,28.0,gross_to_net_reduction,35,"Validate discount/refund authorization, business purpose and policy compliance.",75.11764705882354,65.04705882352941,high,3,534
82,98,2. Restaurant,Croquettes Sweet plantain & Cheese 15 pack,607.68,579.68,REVENUE_REDUCTION,revenue_efficiency,confirmed_revenue_reduction_not_automatically_avoidable,28.0,gross_to_net_reduction,35,"Validate discount/refund authorization, business purpose and policy compliance.",75.11764705882354,65.04705882352941,high,3,535
1166,1182,1.23 Sauces,Salsa Zaaschila Chipotle Cremosa 265gr .,469.06,469.06,CATALOG_ACTIONABLE,catalog_control,sales_associated_with_review_candidate,469.06,associated_positive_net_sales,35,"Validate SKU/UPC, presentation, duplicate status and pack-size configuration before any merge.",75.0,65.0,high,3,536
1991,2007,Uncategorized,Manual Transaction,0.0,-2.49,MANUAL_NEGATIVE_ADJUSTMENT,manual_adjustment_control,negative_balance_requires_transaction_validation,2.49,absolute_negative_net_sales,50,"Trace the manual transaction to user, date, reason, approval and original sale.",37.5,65.0,high,3,537
212,228,4.Bakery,Tres Leches Cake Large,1199.85,1171.86,REVENUE_REDUCTION,revenue_efficiency,confirmed_revenue_reduction_not_automatically_avoidable,27.99000000000001,gross_to_net_reduction,35,"Validate discount/refund authorization, business purpose and policy compliance.",74.94117647058823,64.97647058823529,medium,2,538
265,281,4.Bakery,160 Passion Fruit Custard Cannoli,62.25,62.0,MISSING_PROFITABILITY,profitability_data_quality,sales_exposure_not_confirmed_loss,62.0,positive_net_sales_exposure,55,Load and validate COGS and Gross Profit; do not estimate loss until source cost is confirmed.,24.8868778280543,64.95475113122171,medium,2,539
1132,1148,1.23 Sauces,Incas Food Aji Amarillo 15.7oz,1916.63,1888.65,REVENUE_REDUCTION,revenue_efficiency,confirmed_revenue_reduction_not_automatically_avoidable,27.980000000000018,gross_to_net_reduction,35,"Validate discount/refund authorization, business purpose and policy compliance.",74.82352941176471,64.92941176470589,medium,2,540
1571,1587,1.13 Flours,Maseca Regular - 4 LB,2769.25,2741.42,REVENUE_REDUCTION,revenue_efficiency,confirmed_revenue_reduction_not_automatically_avoidable,27.829999999999927,gross_to_net_reduction,35,"Validate discount/refund authorization, business purpose and policy compliance.",74.70588235294117,64.88235294117646,medium,2,541
1491,1507,3.Coffee160,160 Cappuccino 12oz,2358.09,2330.35,REVENUE_REDUCTION,revenue_efficiency,confirmed_revenue_reduction_not_automatically_avoidable,27.740000000000236,gross_to_net_reduction,35,"Validate discount/refund authorization, business purpose and policy compliance.",74.58823529411764,64.83529411764705,medium,2,542
1490,1506,3.Coffee160,160 Latte 12oz,2875.32,2847.64,REVENUE_REDUCTION,revenue_efficiency,confirmed_revenue_reduction_not_automatically_avoidable,27.68000000000029,gross_to_net_reduction,35,"Validate discount/refund authorization, business purpose and policy compliance.",74.47058823529412,64.78823529411764,medium,2,543
1803,1819,1.28 Grains,Prato Fino Arroz 10 lb,59.98,59.98,MISSING_PROFITABILITY,profitability_data_quality,sales_exposure_not_confirmed_loss,59.98,positive_net_sales_exposure,55,Load and validate COGS and Gross Profit; do not estimate loss until source cost is confirmed.,24.43438914027149,64.77375565610859,medium,2,544
220,236,4.Bakery,160 Argentine Nutella & Brownie Empanada,693.61,665.95,REVENUE_REDUCTION,revenue_efficiency,confirmed_revenue_reduction_not_automatically_avoidable,27.659999999999968,gross_to_net_reduction,35,"Validate discount/refund authorization, business purpose and policy compliance.",74.3529411764706,64.74117647058824,medium,2,545
191,207,4.Bakery,Tres Leches Cake Medium,1760.0,1732.5,REVENUE_REDUCTION,revenue_efficiency,confirmed_revenue_reduction_not_automatically_avoidable,27.5,gross_to_net_reduction,35,"Validate discount/refund authorization, business purpose and policy compliance.",74.23529411764706,64.69411764705882,medium,2,546
260,276,4.Bakery,Extra Fruta,80.0,80.0,ZERO_COGS,profitability_data_quality,sales_exposure_not_confirmed_loss,80.0,positive_net_sales_exposure,55,"Confirm recipes, purchase cost or item cost mapping; zero COGS is not accepted as validated margin.",24.137931034482758,64.65517241379311,medium,2,547
539,555,1.03 Beverages,White Claw Zero - Assorted - 355 ML,176.25,148.83,REVENUE_REDUCTION,revenue_efficiency,confirmed_revenue_reduction_not_automatically_avoidable,27.419999999999987,gross_to_net_reduction,35,"Validate discount/refund authorization, business purpose and policy compliance.",74.11764705882354,64.64705882352942,medium,2,548
684,700,1.25 Sweets & Candies,Terrabussi Alfajor Glaseado - 228 Gr Pack,449.82,449.82,CATALOG_ACTIONABLE,catalog_control,sales_associated_with_review_candidate,449.82,associated_positive_net_sales,35,"Validate SKU/UPC, presentation, duplicate status and pack-size configuration before any merge.",74.07407407407408,64.62962962962963,medium,2,549
51,67,2. Restaurant,Tamal Mexicano - Pollo En Salsa Verde,2515.5,2488.84,REVENUE_REDUCTION,revenue_efficiency,confirmed_revenue_reduction_not_automatically_avoidable,26.659999999999854,gross_to_net_reduction,35,"Validate discount/refund authorization, business purpose and policy compliance.",74.0,64.6,medium,2,550
118,134,2. Restaurant,Empanada Coctelera X15 Esp,59.94,59.94,MISSING_PROFITABILITY,profitability_data_quality,sales_exposure_not_confirmed_loss,59.94,positive_net_sales_exposure,55,Load and validate COGS and Gross Profit; do not estimate loss until source cost is confirmed.,23.981900452488688,64.59276018099547,medium,2,551
1134,1150,1.23 Sauces,Dona Maria Mole Rojo 8.25 oz,1807.9,1781.65,REVENUE_REDUCTION,revenue_efficiency,confirmed_revenue_reduction_not_automatically_avoidable,26.25,gross_to_net_reduction,35,"Validate discount/refund authorization, business purpose and policy compliance.",73.88235294117646,64.55294117647058,medium,2,552
693,709,1.25 Sweets & Candies,Su Sabor Rollitos de Bocadillo con Arequipe 12oz /  340g,533.93,416.43,LOW_MARGIN,profitability_result,margin_review_not_confirmed_loss,416.43,associated_net_sales,35,Review price-cost relationship and whether discounts compressed the observed margin.,73.84615384615385,64.53846153846155,medium,2,553
1972,1988,Uncategorized,Nestle Savoy Cri Cri 27 g / .95 oz X unit,499.33,473.23,REVENUE_REDUCTION,revenue_efficiency,confirmed_revenue_reduction_not_automatically_avoidable,26.099999999999966,gross_to_net_reduction,35,"Validate discount/refund authorization, business purpose and policy compliance.",73.76470588235294,64.50588235294117,medium,2,554
459,475,1.03 Beverages,Jarritos Grapefruit  12.5oz UNIT,577.68,551.72,REVENUE_REDUCTION,revenue_efficiency,confirmed_revenue_reduction_not_automatically_avoidable,25.959999999999923,gross_to_net_reduction,35,"Validate discount/refund authorization, business purpose and policy compliance.",73.6470588235294,64.45882352941176,medium,2,555
672,688,1.25 Sweets & Candies,Marinela Gansitos - 50 Gr UNIT,514.44,512.73,PROFIT_CONFIGURATION_ANOMALY,profitability_configuration,configuration_gap_not_confirmed_loss,2.2400000000000375,absolute_cogs_configuration_gap,60,"Reconcile item COGS, reported Gross Profit and POS configuration against source transactions.",11.11111111111111,64.44444444444444,medium,2,556
815,831,1.25 Sweets & Candies,Las Negras Torta Negra Envinada 1500 g Unit 100g,59.8,58.82,MISSING_PROFITABILITY,profitability_data_quality,sales_exposure_not_confirmed_loss,58.82,positive_net_sales_exposure,55,Load and validate COGS and Gross Profit; do not estimate loss until source cost is confirmed.,23.52941176470588,64.41176470588235,medium,2,557
1912,1928,1.08 Brines,YaEsta! Huitlacoche 908g,98.45,72.84,REVENUE_REDUCTION,revenue_efficiency,confirmed_revenue_reduction_not_automatically_avoidable,25.61,gross_to_net_reduction,35,"Validate discount/refund authorization, business purpose and policy compliance.",73.52941176470588,64.41176470588235,medium,2,558
71,87,2. Restaurant,Eggs Bacon & Cassava Waffles Breakfast,899.4,873.93,REVENUE_REDUCTION,revenue_efficiency,confirmed_revenue_reduction_not_automatically_avoidable,25.470000000000027,gross_to_net_reduction,35,"Validate discount/refund authorization, business purpose and policy compliance.",73.41176470588235,64.36470588235294,medium,2,559
150,166,4.Bakery,160 Almojabana,9927.0,9901.79,REVENUE_REDUCTION,revenue_efficiency,confirmed_revenue_reduction_not_automatically_avoidable,25.209999999999127,gross_to_net_reduction,35,"Validate discount/refund authorization, business purpose and policy compliance.",73.29411764705883,64.31764705882352,medium,2,560
1495,1511,3.Coffee160,160 Latte 16oz,1599.63,1574.82,REVENUE_REDUCTION,revenue_efficiency,confirmed_revenue_reduction_not_automatically_avoidable,24.810000000000173,gross_to_net_reduction,35,"Validate discount/refund authorization, business purpose and policy compliance.",73.1764705882353,64.27058823529413,medium,2,561
691,707,1.25 Sweets & Candies,Duvalin  Avellana Vainilla BOX,417.95,417.95,CATALOG_ACTIONABLE,catalog_control,sales_associated_with_review_candidate,417.95,associated_positive_net_sales,35,"Validate SKU/UPC, presentation, duplicate status and pack-size configuration before any merge.",73.14814814814815,64.25925925925927,medium,2,562
818,834,1.25 Sweets & Candies,De La Rosa Pulparindots Original unit,58.41,58.31,MISSING_PROFITABILITY,profitability_data_quality,sales_exposure_not_confirmed_loss,58.31,positive_net_sales_exposure,55,Load and validate COGS and Gross Profit; do not estimate loss until source cost is confirmed.,23.076923076923077,64.23076923076923,medium,2,563
197,213,4.Bakery,160 Passionfruit Mousse,1497.0,1472.26,REVENUE_REDUCTION,revenue_efficiency,confirmed_revenue_reduction_not_automatically_avoidable,24.74000000000001,gross_to_net_reduction,35,"Validate discount/refund authorization, business purpose and policy compliance.",73.05882352941177,64.2235294117647,medium,2,564
808,824,1.25 Sweets & Candies,Lucas Muecas Cherry  25g X unit,66.75,66.75,ZERO_COGS,profitability_data_quality,sales_exposure_not_confirmed_loss,66.75,positive_net_sales_exposure,55,"Confirm recipes, purchase cost or item cost mapping; zero COGS is not accepted as validated margin.",22.988505747126435,64.19540229885058,medium,2,565
512,528,1.03 Beverages,Electrolit Suero Hidratante Mora Azul,230.98,206.25,REVENUE_REDUCTION,revenue_efficiency,confirmed_revenue_reduction_not_automatically_avoidable,24.72999999999999,gross_to_net_reduction,35,"Validate discount/refund authorization, business purpose and policy compliance.",72.94117647058823,64.17647058823529,medium,2,566
919,935,1.05 Chips & Snacks,Romero Tostadas Caseras 22ct,2869.62,2845.41,REVENUE_REDUCTION,revenue_efficiency,confirmed_revenue_reduction_not_automatically_avoidable,24.210000000000036,gross_to_net_reduction,35,"Validate discount/refund authorization, business purpose and policy compliance.",72.82352941176471,64.12941176470588,medium,2,567
1263,1279,"1.06 Coffee, Cocoa, Panela, Butter",Chocolate Corona Con Clavos y Canela 450g,4064.61,4040.63,REVENUE_REDUCTION,revenue_efficiency,confirmed_revenue_reduction_not_automatically_avoidable,23.980000000000018,gross_to_net_reduction,35,"Validate discount/refund authorization, business purpose and policy compliance.",72.70588235294117,64.08235294117647,medium,2,568
581,597,1.03 Beverages,Jarritos Mandarina 12.5oz X24,56.99,56.99,MISSING_PROFITABILITY,profitability_data_quality,sales_exposure_not_confirmed_loss,56.99,positive_net_sales_exposure,55,Load and validate COGS and Gross Profit; do not estimate loss until source cost is confirmed.,22.624434389140273,64.0497737556561,medium,2,569
526,542,1.03 Beverages,Topo Chico Raspberry Lemon - Can - 12 oz Unit,206.31,182.33,REVENUE_REDUCTION,revenue_efficiency,confirmed_revenue_reduction_not_automatically_avoidable,23.97999999999999,gross_to_net_reduction,35,"Validate discount/refund authorization, business purpose and policy compliance.",72.58823529411764,64.03529411764706,medium,2,570
432,448,1.03 Beverages,Jarritos Pina 12.5oz UNIT,978.57,954.6,REVENUE_REDUCTION,revenue_efficiency,confirmed_revenue_reduction_not_automatically_avoidable,23.970000000000027,gross_to_net_reduction,35,"Validate discount/refund authorization, business purpose and policy compliance.",72.47058823529412,63.98823529411764,medium,2,571
682,698,1.25 Sweets & Candies,Del Valle Cocadas 12/138 g,479.75,456.36,REVENUE_REDUCTION,revenue_efficiency,confirmed_revenue_reduction_not_automatically_avoidable,23.389999999999986,gross_to_net_reduction,35,"Validate discount/refund authorization, business purpose and policy compliance.",72.35294117647058,63.94117647058823,medium,2,572
1290,1306,"1.06 Coffee, Cocoa, Panela, Butter",Colcafe Café Clásico Instantáneo 85 g,550.09,405.44,LOW_MARGIN,profitability_result,margin_review_not_confirmed_loss,405.44,associated_net_sales,35,Review price-cost relationship and whether discounts compressed the observed margin.,72.3076923076923,63.92307692307692,medium,2,573
2001,2017,Uncategorized,Manual Transaction,0.0,-23.25,REVENUE_REDUCTION,revenue_efficiency,confirmed_revenue_reduction_not_automatically_avoidable,23.25,gross_to_net_reduction,35,"Validate discount/refund authorization, business purpose and policy compliance.",72.23529411764706,63.89411764705882,medium,2,574
353,369,1.12 Frozen Products,Goya Platanos Maduros Frozen 11oz,415.48,415.48,CATALOG_ACTIONABLE,catalog_control,sales_associated_with_review_candidate,415.48,associated_positive_net_sales,35,"Validate SKU/UPC, presentation, duplicate status and pack-size configuration before any merge.",72.22222222222221,63.888888888888886,medium,2,575
1843,1859,1.02 Beans,Herdez Refried Black Beans 454g,11.18,5.58,NEGATIVE_MARGIN,profitability_result,reported_negative_gross_profit,1.7,absolute_reported_negative_gross_profit,60,"Validate selling price, unit cost, discount policy and transaction detail.",9.67741935483871,63.87096774193549,medium,2,576
1984,2000,Uncategorized,Delivery Fee,55.0,55.0,MISSING_PROFITABILITY,profitability_data_quality,sales_exposure_not_confirmed_loss,55.0,positive_net_sales_exposure,55,Load and validate COGS and Gross Profit; do not estimate loss until source cost is confirmed.,22.171945701357465,63.86877828054298,medium,2,577
337,353,1.12 Frozen Products,Signo de Oro Tapas Hojaldre 600g,693.74,670.59,REVENUE_REDUCTION,revenue_efficiency,confirmed_revenue_reduction_not_automatically_avoidable,23.149999999999977,gross_to_net_reduction,35,"Validate discount/refund authorization, business purpose and policy compliance.",72.11764705882354,63.84705882352941,medium,2,578
468,484,1.03 Beverages,Postobon Bretana Soda Bottle - 14 Oz,496.34,473.27,REVENUE_REDUCTION,revenue_efficiency,confirmed_revenue_reduction_not_automatically_avoidable,23.069999999999993,gross_to_net_reduction,35,"Validate discount/refund authorization, business purpose and policy compliance.",72.0,63.8,medium,2,579
821,837,1.25 Sweets & Candies,Reserva Minas Doce Laranja Em Calda 650g,77.94,55.19,REVENUE_REDUCTION,revenue_efficiency,confirmed_revenue_reduction_not_automatically_avoidable,22.75,gross_to_net_reduction,35,"Validate discount/refund authorization, business purpose and policy compliance.",71.88235294117648,63.752941176470586,medium,2,580
264,280,4.Bakery,Tres Leches San Valentin Pequeno,62.93,62.93,ZERO_COGS,profitability_data_quality,sales_exposure_not_confirmed_loss,62.93,positive_net_sales_exposure,55,"Confirm recipes, purchase cost or item cost mapping; zero COGS is not accepted as validated margin.",21.839080459770116,63.735632183908045,medium,2,581
68,84,2. Restaurant,Breakfast Bowl,1154.23,1131.73,REVENUE_REDUCTION,revenue_efficiency,confirmed_revenue_reduction_not_automatically_avoidable,22.5,gross_to_net_reduction,35,"Validate discount/refund authorization, business purpose and policy compliance.",71.76470588235294,63.705882352941174,medium,2,582
822,838,1.25 Sweets & Candies,Las Negras Torta de Café 1350 g unit 90g,56.81,54.85,MISSING_PROFITABILITY,profitability_data_quality,sales_exposure_not_confirmed_loss,54.85,positive_net_sales_exposure,55,Load and validate COGS and Gross Profit; do not estimate loss until source cost is confirmed.,21.71945701357466,63.68778280542986,medium,2,583
116,132,2. Restaurant,Huevos Pericos con Arepa,104.93,82.44,REVENUE_REDUCTION,revenue_efficiency,confirmed_revenue_reduction_not_automatically_avoidable,22.49000000000001,gross_to_net_reduction,35,"Validate discount/refund authorization, business purpose and policy compliance.",71.6470588235294,63.65882352941176,medium,2,584
924,940,1.05 Chips & Snacks,Achiras del Huila 120gr,2152.74,2130.6,REVENUE_REDUCTION,revenue_efficiency,confirmed_revenue_reduction_not_automatically_avoidable,22.139999999999873,gross_to_net_reduction,35,"Validate discount/refund authorization, business purpose and policy compliance.",71.52941176470588,63.61176470588235,medium,2,585
635,651,1.25 Sweets & Candies,De La Rosa Mazapan Gigante 1000 g UNIT,1096.46,1074.47,REVENUE_REDUCTION,revenue_efficiency,confirmed_revenue_reduction_not_automatically_avoidable,21.99000000000001,gross_to_net_reduction,35,"Validate discount/refund authorization, business purpose and policy compliance.",71.41176470588235,63.56470588235294,medium,2,586
477,493,1.03 Beverages,Topo Chico Lime with Mint - Can - 12 Oz 8 Pack,409.5,409.5,CATALOG_ACTIONABLE,catalog_control,sales_associated_with_review_candidate,409.5,associated_positive_net_sales,35,"Validate SKU/UPC, presentation, duplicate status and pack-size configuration before any merge.",71.29629629629629,63.51851851851852,medium,2,587
78,94,2. Restaurant,Yuca Frita - Cassava Fries,734.16,712.21,REVENUE_REDUCTION,revenue_efficiency,confirmed_revenue_reduction_not_automatically_avoidable,21.949999999999932,gross_to_net_reduction,35,"Validate discount/refund authorization, business purpose and policy compliance.",71.29411764705881,63.51764705882353,medium,2,588
1037,1053,1.05 Chips & Snacks,Diana Corn Sticks-Palitos,54.6,54.6,MISSING_PROFITABILITY,profitability_data_quality,sales_exposure_not_confirmed_loss,54.6,positive_net_sales_exposure,55,Load and validate COGS and Gross Profit; do not estimate loss until source cost is confirmed.,21.266968325791854,63.50678733031674,medium,2,589
479,495,1.03 Beverages,Topo Chico Passionfruit Can - 12 Oz UNIT,427.57,405.7,REVENUE_REDUCTION,revenue_efficiency,confirmed_revenue_reduction_not_automatically_avoidable,21.870000000000005,gross_to_net_reduction,35,"Validate discount/refund authorization, business purpose and policy compliance.",71.17647058823529,63.470588235294116,medium,2,590
1148,1164,1.23 Sauces,Sibarita Amarillin 550 Gr,832.56,811.12,REVENUE_REDUCTION,revenue_efficiency,confirmed_revenue_reduction_not_automatically_avoidable,21.43999999999994,gross_to_net_reduction,35,"Validate discount/refund authorization, business purpose and policy compliance.",71.05882352941177,63.423529411764704,medium,2,591
161,177,4.Bakery,160 Empanada Criolla Carne,4147.2,4125.85,REVENUE_REDUCTION,revenue_efficiency,confirmed_revenue_reduction_not_automatically_avoidable,21.349999999999454,gross_to_net_reduction,35,"Validate discount/refund authorization, business purpose and policy compliance.",70.94117647058825,63.37647058823529,medium,2,592
1093,1109,1.26 Tortillas,Don Pancho White Corn Tortilla 7''/46 ct / 1.83 Kg,111.92,90.92,REVENUE_REDUCTION,revenue_efficiency,confirmed_revenue_reduction_not_automatically_avoidable,21.0,gross_to_net_reduction,35,"Validate discount/refund authorization, business purpose and policy compliance.",70.82352941176471,63.32941176470588,medium,2,593
827,843,1.25 Sweets & Candies,De la Rosa pulparindo Mango 10 Oz / 280g Unit,51.94,51.94,MISSING_PROFITABILITY,profitability_data_quality,sales_exposure_not_confirmed_loss,51.94,positive_net_sales_exposure,55,Load and validate COGS and Gross Profit; do not estimate loss until source cost is confirmed.,20.81447963800905,63.32579185520362,medium,2,594
978,994,1.05 Chips & Snacks,La Molienda Papa Casera Spicy Hot 170g/ 6 oz,503.28,398.28,LOW_MARGIN,profitability_result,margin_review_not_confirmed_loss,398.28,associated_net_sales,35,Review price-cost relationship and whether discounts compressed the observed margin.,70.76923076923077,63.30769230769231,medium,2,595
2030,2046,Bakery Frozen Products,FB Cheese & Guava Tequenos 9 Pack,527.66,506.67,REVENUE_REDUCTION,revenue_efficiency,confirmed_revenue_reduction_not_automatically_avoidable,20.989999999999952,gross_to_net_reduction,35,"Validate discount/refund authorization, business purpose and policy compliance.",70.70588235294117,63.28235294117647,medium,2,596
117,133,2. Restaurant,Delivery Fee,60.0,60.0,ZERO_COGS,profitability_data_quality,sales_exposure_not_confirmed_loss,60.0,positive_net_sales_exposure,55,"Confirm recipes, purchase cost or item cost mapping; zero COGS is not accepted as validated margin.",20.689655172413794,63.275862068965516,medium,2,597
1497,1513,3.Coffee160,160 Condensed Latte 12oz,1100.29,1079.88,REVENUE_REDUCTION,revenue_efficiency,confirmed_revenue_reduction_not_automatically_avoidable,20.409999999999854,gross_to_net_reduction,35,"Validate discount/refund authorization, business purpose and policy compliance.",70.58823529411765,63.23529411764706,medium,2,598
1502,1518,3.Coffee160,160 Vanilla Latte 12oz,825.0,804.61,REVENUE_REDUCTION,revenue_efficiency,confirmed_revenue_reduction_not_automatically_avoidable,20.389999999999986,gross_to_net_reduction,35,"Validate discount/refund authorization, business purpose and policy compliance.",70.47058823529412,63.188235294117646,medium,2,599
230,246,4.Bakery,160 Alfajor 4 Pack,409.59,408.59,CATALOG_ACTIONABLE,catalog_control,sales_associated_with_review_candidate,408.59,associated_positive_net_sales,35,"Validate SKU/UPC, presentation, duplicate status and pack-size configuration before any merge.",70.37037037037037,63.14814814814815,medium,2,600
828,844,1.25 Sweets & Candies,Terrabussi Alfajor Glaseado - 228 Gr X6,49.98,49.98,MISSING_PROFITABILITY,profitability_data_quality,sales_exposure_not_confirmed_loss,49.98,positive_net_sales_exposure,55,Load and validate COGS and Gross Profit; do not estimate loss until source cost is confirmed.,20.361990950226243,63.1447963800905,medium,2,601
1602,1618,1.13 Flours,Sinha Farofa Pronta Bacon / Toasted Cassava Flour Tocin Flavor 250g,162.0,141.67,REVENUE_REDUCTION,revenue_efficiency,confirmed_revenue_reduction_not_automatically_avoidable,20.330000000000013,gross_to_net_reduction,35,"Validate discount/refund authorization, business purpose and policy compliance.",70.35294117647058,63.141176470588235,medium,2,602
915,931,1.05 Chips & Snacks,Fresh Bocado Tortilla Chips 400 gr,7856.76,7836.45,REVENUE_REDUCTION,revenue_efficiency,confirmed_revenue_reduction_not_automatically_avoidable,20.3100000000004,gross_to_net_reduction,35,"Validate discount/refund authorization, business purpose and policy compliance.",70.23529411764706,63.09411764705882,medium,2,603
1712,1728,1.14 Herbal Teas,Rosamonte Yerba Mate 1 kg,1677.45,1657.2,REVENUE_REDUCTION,revenue_efficiency,confirmed_revenue_reduction_not_automatically_avoidable,20.25,gross_to_net_reduction,35,"Validate discount/refund authorization, business purpose and policy compliance.",70.11764705882354,63.04705882352941,medium,2,604
1273,1289,"1.06 Coffee, Cocoa, Panela, Butter",Juan Valdez Ground Volcan12oz,1563.32,1543.32,REVENUE_REDUCTION,revenue_efficiency,confirmed_revenue_reduction_not_automatically_avoidable,20.0,gross_to_net_reduction,35,"Validate discount/refund authorization, business purpose and policy compliance.",70.0,63.0,medium,2,605
833,849,1.25 Sweets & Candies,Nestle Savoy Samba Fresa X20,45.99,45.99,MISSING_PROFITABILITY,profitability_data_quality,sales_exposure_not_confirmed_loss,45.99,positive_net_sales_exposure,55,Load and validate COGS and Gross Profit; do not estimate loss until source cost is confirmed.,19.90950226244344,62.963800904977376,medium,2,606
1614,1630,1.13 Flours,Maseca Nixta Masa 20 KG,79.99,59.99,REVENUE_REDUCTION,revenue_efficiency,confirmed_revenue_reduction_not_automatically_avoidable,19.999999999999993,gross_to_net_reduction,35,"Validate discount/refund authorization, business purpose and policy compliance.",69.88235294117648,62.95294117647059,medium,2,607
27,43,2. Restaurant,Tacos 4 Pack,7883.07,7863.08,REVENUE_REDUCTION,revenue_efficiency,confirmed_revenue_reduction_not_automatically_avoidable,19.98999999999978,gross_to_net_reduction,35,"Validate discount/refund authorization, business purpose and policy compliance.",69.76470588235294,62.90588235294118,medium,2,608
1762,1778,1.28 Grains,Bunge Yellow Corn Grits Trillado 50 LB,474.0,454.25,REVENUE_REDUCTION,revenue_efficiency,confirmed_revenue_reduction_not_automatically_avoidable,19.75,gross_to_net_reduction,35,"Validate discount/refund authorization, business purpose and policy compliance.",69.6470588235294,62.858823529411765,medium,2,609
826,842,1.25 Sweets & Candies,Lucas Muecas Chamoy 25g X unit,52.51,52.42,ZERO_COGS,profitability_data_quality,sales_exposure_not_confirmed_loss,52.42,positive_net_sales_exposure,55,"Confirm recipes, purchase cost or item cost mapping; zero COGS is not accepted as validated margin.",19.54022988505747,62.81609195402299,medium,2,610
835,851,1.25 Sweets & Candies,Reserva Minas Doce Cidra Ralada  640g,64.95,45.45,REVENUE_REDUCTION,revenue_efficiency,confirmed_revenue_reduction_not_automatically_avoidable,19.5,gross_to_net_reduction,35,"Validate discount/refund authorization, business purpose and policy compliance.",69.52941176470588,62.811764705882354,medium,2,611
119,135,2. Restaurant,Canada Dry Can 355ml,47.5,45.0,MISSING_PROFITABILITY,profitability_data_quality,sales_exposure_not_confirmed_loss,45.0,positive_net_sales_exposure,55,Load and validate COGS and Gross Profit; do not estimate loss until source cost is confirmed.,19.457013574660635,62.782805429864254,medium,2,612
708,724,1.25 Sweets & Candies,Nestle Toronto Box 324g UNIT,340.29,340.29,CATALOG_ACTIONABLE,catalog_control,sales_associated_with_review_candidate,340.29,associated_positive_net_sales,35,"Validate SKU/UPC, presentation, duplicate status and pack-size configuration before any merge.",69.44444444444444,62.77777777777778,medium,2,613
2045,2061,1.01 Aceites,La Espanola Pure Avocado Oil - 16.9 Oz- 500 ML - Glass,155.92,136.43,REVENUE_REDUCTION,revenue_efficiency,confirmed_revenue_reduction_not_automatically_avoidable,19.48999999999998,gross_to_net_reduction,35,"Validate discount/refund authorization, business purpose and policy compliance.",69.41176470588235,62.76470588235294,medium,2,614
1265,1281,"1.06 Coffee, Cocoa, Panela, Butter",Nestle Abuelita Choc 19oz,3418.2,3399.21,REVENUE_REDUCTION,revenue_efficiency,confirmed_revenue_reduction_not_automatically_avoidable,18.98999999999978,gross_to_net_reduction,35,"Validate discount/refund authorization, business purpose and policy compliance.",69.29411764705883,62.71764705882353,medium,2,615
486,502,1.03 Beverages,Topo Chico Tropical Mango - 12 Oz Unit,609.96,380.39,LOW_MARGIN,profitability_result,margin_review_not_confirmed_loss,380.39,associated_net_sales,35,Review price-cost relationship and whether discounts compressed the observed margin.,69.23076923076923,62.69230769230769,medium,2,616
1059,1075,1.26 Tortillas,Romero White Corn Tortilla 6'' 70ct 58oz,10859.92,10841.03,REVENUE_REDUCTION,revenue_efficiency,confirmed_revenue_reduction_not_automatically_avoidable,18.889999999999418,gross_to_net_reduction,35,"Validate discount/refund authorization, business purpose and policy compliance.",69.17647058823529,62.67058823529412,medium,2,617
87,103,2. Restaurant,Chips & Salsa,467.64,448.76,REVENUE_REDUCTION,revenue_efficiency,confirmed_revenue_reduction_not_automatically_avoidable,18.879999999999995,gross_to_net_reduction,35,"Validate discount/refund authorization, business purpose and policy compliance.",69.05882352941177,62.62352941176471,medium,2,618
837,853,1.25 Sweets & Candies,Aldor Pin Pop Maracuya Unit,44.84,44.6,MISSING_PROFITABILITY,profitability_data_quality,sales_exposure_not_confirmed_loss,44.6,positive_net_sales_exposure,55,Load and validate COGS and Gross Profit; do not estimate loss until source cost is confirmed.,19.004524886877828,62.60180995475113,medium,2,619
285,301,4.Bakery,Mini Alfajor de Maizena Coco y Caramelo  175 gr,9.99,8.99,NEGATIVE_MARGIN,profitability_result,reported_negative_gross_profit,0.9,absolute_reported_negative_gross_profit,60,"Validate selling price, unit cost, discount policy and transaction detail.",6.451612903225806,62.58064516129032,medium,2,620
45,61,2. Restaurant,Fresh Bocado Empanada Coctelera Queso 15pack,3228.1,3209.41,REVENUE_REDUCTION,revenue_efficiency,confirmed_revenue_reduction_not_automatically_avoidable,18.690000000000055,gross_to_net_reduction,35,"Validate discount/refund authorization, business purpose and policy compliance.",68.94117647058823,62.576470588235296,medium,2,621
920,936,1.05 Chips & Snacks,Mayte Maduritos 3.2oz,2788.8,2770.36,REVENUE_REDUCTION,revenue_efficiency,confirmed_revenue_reduction_not_automatically_avoidable,18.440000000000055,gross_to_net_reduction,35,"Validate discount/refund authorization, business purpose and policy compliance.",68.82352941176471,62.529411764705884,medium,2,622
1990,2006,Uncategorized,Manual Transaction,0.0,-2.2,MANUAL_NEGATIVE_ADJUSTMENT,manual_adjustment_control,negative_balance_requires_transaction_validation,2.2,absolute_negative_net_sales,50,"Trace the manual transaction to user, date, reason, approval and original sale.",31.25,62.5,medium,2,623
1477,1493,1.04 Can Products,La Costena Fruit Cocktail 28.9oz,89.9,71.9,REVENUE_REDUCTION,revenue_efficiency,confirmed_revenue_reduction_not_automatically_avoidable,18.0,gross_to_net_reduction,35,"Validate discount/refund authorization, business purpose and policy compliance.",68.70588235294117,62.48235294117647,medium,2,624
73,89,2. Restaurant,Tostada,854.05,836.06,REVENUE_REDUCTION,revenue_efficiency,confirmed_revenue_reduction_not_automatically_avoidable,17.99000000000001,gross_to_net_reduction,35,"Validate discount/refund authorization, business purpose and policy compliance.",68.58823529411765,62.43529411764706,medium,2,625
838,854,1.25 Sweets & Candies,Pelon Pelo Rico 28 g / 1 oz unit,44.55,44.55,MISSING_PROFITABILITY,profitability_data_quality,sales_exposure_not_confirmed_loss,44.55,positive_net_sales_exposure,55,Load and validate COGS and Gross Profit; do not estimate loss until source cost is confirmed.,18.552036199095024,62.42081447963801,medium,2,626
494,510,1.03 Beverages,Topo Chico Tangerine Ginger - Can - 12 Oz 8 Pack,318.5,318.5,CATALOG_ACTIONABLE,catalog_control,sales_associated_with_review_candidate,318.5,associated_positive_net_sales,35,"Validate SKU/UPC, presentation, duplicate status and pack-size configuration before any merge.",68.51851851851852,62.407407407407405,medium,2,627
54,70,2. Restaurant,Tacos de Tripa - Tripe Tacos,2262.74,2244.75,REVENUE_REDUCTION,revenue_efficiency,confirmed_revenue_reduction_not_automatically_avoidable,17.98999999999978,gross_to_net_reduction,35,"Validate discount/refund authorization, business purpose and policy compliance.",68.41176470588235,62.364705882352936,medium,2,628
1061,1077,1.26 Tortillas,Maxi Foods Yellow corn Tortilla 5.5'' 1Kg,5014.98,4996.99,REVENUE_REDUCTION,revenue_efficiency,confirmed_revenue_reduction_not_automatically_avoidable,17.98999999999978,gross_to_net_reduction,35,"Validate discount/refund authorization, business purpose and policy compliance.",68.41176470588235,62.364705882352936,medium,2,629
1531,1547,3.Coffee160,160 Artisan Brewed Coffee 12oz,51.87,51.87,ZERO_COGS,profitability_data_quality,sales_exposure_not_confirmed_loss,51.87,positive_net_sales_exposure,55,"Confirm recipes, purchase cost or item cost mapping; zero COGS is not accepted as validated margin.",18.39080459770115,62.35632183908046,medium,2,630
247,263,4.Bakery,Beso de Angel - Slice,167.79,149.81,REVENUE_REDUCTION,revenue_efficiency,confirmed_revenue_reduction_not_automatically_avoidable,17.97999999999999,gross_to_net_reduction,35,"Validate discount/refund authorization, business purpose and policy compliance.",68.23529411764706,62.294117647058826,medium,2,631
154,170,4.Bakery,160 Galleta Gourmet Churro,6259.5,6241.8,REVENUE_REDUCTION,revenue_efficiency,confirmed_revenue_reduction_not_automatically_avoidable,17.699999999999818,gross_to_net_reduction,35,"Validate discount/refund authorization, business purpose and policy compliance.",68.11764705882352,62.247058823529414,medium,2,632
1411,1427,1.07 Condiments & Spices,Achiote Polvo 150 Gr,43.89,43.89,MISSING_PROFITABILITY,profitability_data_quality,sales_exposure_not_confirmed_loss,43.89,positive_net_sales_exposure,55,Load and validate COGS and Gross Profit; do not estimate loss until source cost is confirmed.,18.099547511312217,62.23981900452489,medium,2,633
238,254,4.Bakery,160 LM Berry Cheesecake,299.29,281.69,REVENUE_REDUCTION,revenue_efficiency,confirmed_revenue_reduction_not_automatically_avoidable,17.600000000000023,gross_to_net_reduction,35,"Validate discount/refund authorization, business purpose and policy compliance.",68.0,62.2,medium,2,634
1675,1691,1.09 Cookies & Crackers,Delicias de la Nona Pepas Batata 180 gr,110.93,93.43,REVENUE_REDUCTION,revenue_efficiency,confirmed_revenue_reduction_not_automatically_avoidable,17.5,gross_to_net_reduction,35,"Validate discount/refund authorization, business purpose and policy compliance.",67.88235294117648,62.15294117647059,medium,2,635
1549,1565,1.22 Refrigerated,The Real Mexican Carne al Pastor 500g,4145.56,4128.56,REVENUE_REDUCTION,revenue_efficiency,confirmed_revenue_reduction_not_automatically_avoidable,17.0,gross_to_net_reduction,35,"Validate discount/refund authorization, business purpose and policy compliance.",67.76470588235294,62.10588235294118,medium,2,636
1363,1379,1.07 Condiments & Spices,Consomate 2.96oz,382.89,309.83,LOW_MARGIN,profitability_result,margin_review_not_confirmed_loss,309.83,associated_net_sales,35,Review price-cost relationship and whether discounts compressed the observed margin.,67.6923076923077,62.07692307692308,medium,2,637
274,290,4.Bakery,160 Tarta de coco y dulce de leche unidad,49.9,43.65,MISSING_PROFITABILITY,profitability_data_quality,sales_exposure_not_confirmed_loss,43.65,positive_net_sales_exposure,55,Load and validate COGS and Gross Profit; do not estimate loss until source cost is confirmed.,17.647058823529413,62.05882352941177,medium,2,638
1143,1159,1.23 Sauces,Inca's Food Aji Amarillo Paste Especial Sin Picante 15 oz,951.44,934.45,REVENUE_REDUCTION,revenue_efficiency,confirmed_revenue_reduction_not_automatically_avoidable,16.99000000000001,gross_to_net_reduction,35,"Validate discount/refund authorization, business purpose and policy compliance.",67.64705882352942,62.05882352941177,medium,2,639
1182,1198,1.23 Sauces,"Salsa Zaaschila Chipotle Cremosa 265gr ,",314.37,314.37,CATALOG_ACTIONABLE,catalog_control,sales_associated_with_review_candidate,314.37,associated_positive_net_sales,35,"Validate SKU/UPC, presentation, duplicate status and pack-size configuration before any merge.",67.5925925925926,62.03703703703704,medium,2,640
310,326,1.12 Frozen Products,Caribe Yuca Sliced - 4 LB,2154.46,2137.67,REVENUE_REDUCTION,revenue_efficiency,confirmed_revenue_reduction_not_automatically_avoidable,16.789999999999964,gross_to_net_reduction,35,"Validate discount/refund authorization, business purpose and policy compliance.",67.52941176470588,62.01176470588236,medium,2,641
1505,1521,3.Coffee160,160 Chocolate 16oz,529.82,513.16,REVENUE_REDUCTION,revenue_efficiency,confirmed_revenue_reduction_not_automatically_avoidable,16.660000000000082,gross_to_net_reduction,35,"Validate discount/refund authorization, business purpose and policy compliance.",67.41176470588235,61.96470588235294,medium,2,642
831,847,1.25 Sweets & Candies,Lucas Polvos Mango 200 g x unit,49.5,49.5,ZERO_COGS,profitability_data_quality,sales_exposure_not_confirmed_loss,49.5,positive_net_sales_exposure,55,"Confirm recipes, purchase cost or item cost mapping; zero COGS is not accepted as validated margin.",17.24137931034483,61.89655172413793,medium,2,643
844,860,1.25 Sweets & Candies,Aldor Pin Pop Mango 15 / 24ct / 408gr / 14.39oz unit,38.94,38.88,MISSING_PROFITABILITY,profitability_data_quality,sales_exposure_not_confirmed_loss,38.88,positive_net_sales_exposure,55,Load and validate COGS and Gross Profit; do not estimate loss until source cost is confirmed.,17.194570135746606,61.87782805429865,medium,2,644
210,226,4.Bakery,160 Tres Leches Small,1200.0,1183.5,REVENUE_REDUCTION,revenue_efficiency,confirmed_revenue_reduction_not_automatically_avoidable,16.5,gross_to_net_reduction,35,"Validate discount/refund authorization, business purpose and policy compliance.",67.17647058823529,61.87058823529412,medium,2,645
1548,1564,1.22 Refrigerated,The Real Mexican Chorizo 500g,7060.29,7043.79,REVENUE_REDUCTION,revenue_efficiency,confirmed_revenue_reduction_not_automatically_avoidable,16.5,gross_to_net_reduction,35,"Validate discount/refund authorization, business purpose and policy compliance.",67.17647058823529,61.87058823529412,medium,2,646
1935,1951,1.15 Instant Powder,JGB Kola Granulada Fresa 11.6 oz,517.72,501.22,REVENUE_REDUCTION,revenue_efficiency,confirmed_revenue_reduction_not_automatically_avoidable,16.5,gross_to_net_reduction,35,"Validate discount/refund authorization, business purpose and policy compliance.",67.17647058823529,61.87058823529412,medium,2,647
983,999,1.05 Chips & Snacks,Sabritas Tostitos sabor a salsa Verde 57 g,337.74,321.69,REVENUE_REDUCTION,revenue_efficiency,confirmed_revenue_reduction_not_automatically_avoidable,16.05000000000001,gross_to_net_reduction,35,"Validate discount/refund authorization, business purpose and policy compliance.",66.94117647058823,61.7764705882353,medium,2,648
763,779,1.25 Sweets & Candies,Del Valle Manjar Blanco  250 g,144.34,128.34,REVENUE_REDUCTION,revenue_efficiency,confirmed_revenue_reduction_not_automatically_avoidable,16.0,gross_to_net_reduction,35,"Validate discount/refund authorization, business purpose and policy compliance.",66.82352941176471,61.72941176470589,medium,2,649
1413,1429,1.07 Condiments & Spices,El Yucateco Achiote Pasta 100g,35.88,35.88,MISSING_PROFITABILITY,profitability_data_quality,sales_exposure_not_confirmed_loss,35.88,positive_net_sales_exposure,55,Load and validate COGS and Gross Profit; do not estimate loss until source cost is confirmed.,16.7420814479638,61.69683257918552,medium,2,650
1756,1772,1.28 Grains,Verde Valle Frijol Pinto 4lbs,671.58,655.59,REVENUE_REDUCTION,revenue_efficiency,confirmed_revenue_reduction_not_automatically_avoidable,15.990000000000009,gross_to_net_reduction,35,"Validate discount/refund authorization, business purpose and policy compliance.",66.70588235294119,61.682352941176475,medium,2,651
1977,1993,Uncategorized,De La Rosa Mazapan Original 840g Box 30 unit 28g / 1 Oz,294.52,294.32,CATALOG_ACTIONABLE,catalog_control,sales_associated_with_review_candidate,294.32,associated_positive_net_sales,35,"Validate SKU/UPC, presentation, duplicate status and pack-size configuration before any merge.",66.66666666666666,61.66666666666666,medium,2,652
413,429,1.03 Beverages,Coca Cola Mexicana - 500 ml x Unit,2165.66,2149.68,REVENUE_REDUCTION,revenue_efficiency,confirmed_revenue_reduction_not_automatically_avoidable,15.980000000000018,gross_to_net_reduction,35,"Validate discount/refund authorization, business purpose and policy compliance.",66.58823529411765,61.635294117647064,medium,2,653
1090,1106,1.26 Tortillas,Fresh Bocado White Tortilla 5.5 - 1 Kg - Gluten Free,151.81,135.83,REVENUE_REDUCTION,revenue_efficiency,confirmed_revenue_reduction_not_automatically_avoidable,15.97999999999999,gross_to_net_reduction,35,"Validate discount/refund authorization, business purpose and policy compliance.",66.47058823529412,61.588235294117645,medium,2,654
1825,1841,1.02 Beans,La Costena Whole Pinto Beans 19oz,430.92,414.96,REVENUE_REDUCTION,revenue_efficiency,confirmed_revenue_reduction_not_automatically_avoidable,15.960000000000036,gross_to_net_reduction,35,"Validate discount/refund authorization, business purpose and policy compliance.",66.3529411764706,61.54117647058824,medium,2,655
1683,1699,1.09 Cookies & Crackers,Nestle Cocosette Mini Wafer unit,34.65,34.65,MISSING_PROFITABILITY,profitability_data_quality,sales_exposure_not_confirmed_loss,34.65,positive_net_sales_exposure,55,Load and validate COGS and Gross Profit; do not estimate loss until source cost is confirmed.,16.289592760180994,61.515837104072396,medium,2,656
240,256,4.Bakery,160 Lemon Cheesecake,239.6,224.0,REVENUE_REDUCTION,revenue_efficiency,confirmed_revenue_reduction_not_automatically_avoidable,15.599999999999994,gross_to_net_reduction,35,"Validate discount/refund authorization, business purpose and policy compliance.",66.23529411764706,61.49411764705882,medium,2,657
1085,1101,1.26 Tortillas,"Don Pancho Corn Tortillas 5"" 40.23 oz Taquera",388.72,300.88,LOW_MARGIN,profitability_result,margin_review_not_confirmed_loss,300.88,associated_net_sales,35,Review price-cost relationship and whether discounts compressed the observed margin.,66.15384615384615,61.46153846153845,medium,2,658
172,188,4.Bakery,160 Guava and Cheese Tequenos 3pack,2725.45,2709.87,REVENUE_REDUCTION,revenue_efficiency,confirmed_revenue_reduction_not_automatically_avoidable,15.579999999999927,gross_to_net_reduction,35,"Validate discount/refund authorization, business purpose and policy compliance.",66.11764705882352,61.44705882352941,medium,2,659
582,598,1.03 Beverages,Boing Naranja Juice 500 ml Tetra xUnit,47.84,47.84,ZERO_COGS,profitability_data_quality,sales_exposure_not_confirmed_loss,47.84,positive_net_sales_exposure,55,"Confirm recipes, purchase cost or item cost mapping; zero COGS is not accepted as validated margin.",16.091954022988507,61.4367816091954,medium,2,660
1496,1512,3.Coffee160,160 Condensed Latte 16oz,1376.5,1361.09,REVENUE_REDUCTION,revenue_efficiency,confirmed_revenue_reduction_not_automatically_avoidable,15.410000000000082,gross_to_net_reduction,35,"Validate discount/refund authorization, business purpose and policy compliance.",66.0,61.400000000000006,medium,2,661
1607,1623,1.13 Flours,Pinduca Farofa Picanha/ Seasoning Corn 250 g,124.83,109.63,REVENUE_REDUCTION,revenue_efficiency,confirmed_revenue_reduction_not_automatically_avoidable,15.200000000000003,gross_to_net_reduction,35,"Validate discount/refund authorization, business purpose and policy compliance.",65.88235294117646,61.35294117647058,medium,2,662
847,863,1.25 Sweets & Candies,Las Negras Torta de Naranja con semillas de amapola y miel 1200 g Unit 80g,35.88,33.92,MISSING_PROFITABILITY,profitability_data_quality,sales_exposure_not_confirmed_loss,33.92,positive_net_sales_exposure,55,Load and validate COGS and Gross Profit; do not estimate loss until source cost is confirmed.,15.837104072398189,61.334841628959275,medium,2,663
356,372,1.12 Frozen Products,Fresh Bocado Blackberry Pulp 10/900 gr,393.33,378.21,REVENUE_REDUCTION,revenue_efficiency,confirmed_revenue_reduction_not_automatically_avoidable,15.120000000000005,gross_to_net_reduction,35,"Validate discount/refund authorization, business purpose and policy compliance.",65.76470588235294,61.30588235294118,medium,2,664
1120,1136,1.10 Dairy,Rumba Cheese Oaxaca Boule 200 Gr,395.67,293.67,CATALOG_ACTIONABLE,catalog_control,sales_associated_with_review_candidate,293.67,associated_positive_net_sales,35,"Validate SKU/UPC, presentation, duplicate status and pack-size configuration before any merge.",65.74074074074075,61.2962962962963,medium,2,665
2018,2034,1.16 Miscelanea,Veladora Santisima Muerte Black,143.64,91.64,NEGATIVE_MARGIN,profitability_result,reported_negative_gross_profit,0.16,absolute_reported_negative_gross_profit,60,"Validate selling price, unit cost, discount policy and transaction detail.",3.225806451612903,61.29032258064516,medium,2,666
76,92,2. Restaurant,Huevos Pericos Breakfast,809.46,794.46,REVENUE_REDUCTION,revenue_efficiency,confirmed_revenue_reduction_not_automatically_avoidable,15.0,gross_to_net_reduction,35,"Validate discount/refund authorization, business purpose and policy compliance.",65.64705882352942,61.25882352941177,medium,2,667
1328,1344,1.07 Condiments & Spices,Goya Naranja Agria 24 oz,1011.17,996.18,REVENUE_REDUCTION,revenue_efficiency,confirmed_revenue_reduction_not_automatically_avoidable,14.990000000000009,gross_to_net_reduction,35,"Validate discount/refund authorization, business purpose and policy compliance.",65.52941176470588,61.21176470588235,medium,2,668
850,866,1.25 Sweets & Candies,BonBonBum Sandia UNIT,29.5,29.32,MISSING_PROFITABILITY,profitability_data_quality,sales_exposure_not_confirmed_loss,29.32,positive_net_sales_exposure,55,Load and validate COGS and Gross Profit; do not estimate loss until source cost is confirmed.,15.384615384615385,61.15384615384615,medium,2,669
1690,1706,1.19 Peppers,Chile Ancho  250 Gr,7210.19,7195.2,REVENUE_REDUCTION,revenue_efficiency,confirmed_revenue_reduction_not_automatically_avoidable,14.989999999999782,gross_to_net_reduction,35,"Validate discount/refund authorization, business purpose and policy compliance.",65.3529411764706,61.141176470588235,medium,2,670
1918,1934,1.11 Fresh Products,Corn Husk 1Lb / Los 3 Campesinos o Tijuanas,2840.95,2825.96,REVENUE_REDUCTION,revenue_efficiency,confirmed_revenue_reduction_not_automatically_avoidable,14.989999999999782,gross_to_net_reduction,35,"Validate discount/refund authorization, business purpose and policy compliance.",65.3529411764706,61.141176470588235,medium,2,671
409,425,1.03 Beverages,Pony Malta 330 mL,2523.56,2508.58,REVENUE_REDUCTION,revenue_efficiency,confirmed_revenue_reduction_not_automatically_avoidable,14.980000000000018,gross_to_net_reduction,35,"Validate discount/refund authorization, business purpose and policy compliance.",65.11764705882352,61.04705882352941,medium,2,672
518,534,1.03 Beverages,Topo Chico Blueberry Hibiscus Can - 12 Oz Unit,218.27,203.29,REVENUE_REDUCTION,revenue_efficiency,confirmed_revenue_reduction_not_automatically_avoidable,14.980000000000018,gross_to_net_reduction,35,"Validate discount/refund authorization, business purpose and policy compliance.",65.11764705882352,61.04705882352941,medium,2,673
272,288,4.Bakery,Passionfruit Cheesecake Entero,45.0,45.0,ZERO_COGS,profitability_data_quality,sales_exposure_not_confirmed_loss,45.0,positive_net_sales_exposure,55,"Confirm recipes, purchase cost or item cost mapping; zero COGS is not accepted as validated margin.",14.942528735632186,60.97701149425288,medium,2,674
834,850,1.25 Sweets & Candies,Las Negras Torta de Café 1350 Gr UNIT,60.75,45.91,REVENUE_REDUCTION,revenue_efficiency,confirmed_revenue_reduction_not_automatically_avoidable,14.840000000000003,gross_to_net_reduction,35,"Validate discount/refund authorization, business purpose and policy compliance.",64.94117647058823,60.976470588235294,medium,2,675
282,298,4.Bakery,160 Mix Mexican Sweets,25.98,25.98,MISSING_PROFITABILITY,profitability_data_quality,sales_exposure_not_confirmed_loss,25.98,positive_net_sales_exposure,55,Load and validate COGS and Gross Profit; do not estimate loss until source cost is confirmed.,14.93212669683258,60.97285067873303,medium,2,676
1720,1736,1.14 Herbal Teas,Nobleza Gaucha Yerba Mate 1kg,413.18,398.42,REVENUE_REDUCTION,revenue_efficiency,confirmed_revenue_reduction_not_automatically_avoidable,14.759999999999991,gross_to_net_reduction,35,"Validate discount/refund authorization, business purpose and policy compliance.",64.8235294117647,60.929411764705875,medium,2,677
1780,1796,1.28 Grains,Iberia Rice with Red Beans Box - 8 Oz,275.31,275.31,CATALOG_ACTIONABLE,catalog_control,sales_associated_with_review_candidate,275.31,associated_positive_net_sales,35,"Validate SKU/UPC, presentation, duplicate status and pack-size configuration before any merge.",64.81481481481481,60.925925925925924,medium,2,678
1579,1595,1.13 Flours,Amafil Pao de Queijo 1 kg,575.25,560.61,REVENUE_REDUCTION,revenue_efficiency,confirmed_revenue_reduction_not_automatically_avoidable,14.639999999999986,gross_to_net_reduction,35,"Validate discount/refund authorization, business purpose and policy compliance.",64.70588235294117,60.882352941176464,medium,2,679
1120,1136,1.10 Dairy,Rumba Cheese Oaxaca Boule 200 Gr,395.67,293.67,LOW_MARGIN,profitability_result,margin_review_not_confirmed_loss,293.67,associated_net_sales,35,Review price-cost relationship and whether discounts compressed the observed margin.,64.61538461538461,60.84615384615384,medium,2,680
745,761,1.25 Sweets & Candies,Marinela Sponch - 1.59 oz X24,202.93,188.43,REVENUE_REDUCTION,revenue_efficiency,confirmed_revenue_reduction_not_automatically_avoidable,14.5,gross_to_net_reduction,35,"Validate discount/refund authorization, business purpose and policy compliance.",64.52941176470588,60.811764705882354,medium,2,681
787,803,1.25 Sweets & Candies,Nestle Savoy Cri Cri 27 g / .95 oz X12,115.96,101.46,REVENUE_REDUCTION,revenue_efficiency,confirmed_revenue_reduction_not_automatically_avoidable,14.5,gross_to_net_reduction,35,"Validate discount/refund authorization, business purpose and policy compliance.",64.52941176470588,60.811764705882354,medium,2,682
855,871,1.25 Sweets & Candies,Aldor Frunas Original  352g x unit,24.25,24.25,MISSING_PROFITABILITY,profitability_data_quality,sales_exposure_not_confirmed_loss,24.25,positive_net_sales_exposure,55,Load and validate COGS and Gross Profit; do not estimate loss until source cost is confirmed.,14.479638009049776,60.79185520361991,medium,2,683
1456,1472,1.04 Can Products,Teasdale Mexican Hominy 108oz,304.29,289.8,REVENUE_REDUCTION,revenue_efficiency,confirmed_revenue_reduction_not_automatically_avoidable,14.490000000000009,gross_to_net_reduction,35,"Validate discount/refund authorization, business purpose and policy compliance.",64.3529411764706,60.741176470588236,medium,2,684
564,580,1.03 Beverages,Hatsu Tea White Mangosteen  473ml x Unit,104.79,90.79,REVENUE_REDUCTION,revenue_efficiency,confirmed_revenue_reduction_not_automatically_avoidable,14.0,gross_to_net_reduction,35,"Validate discount/refund authorization, business purpose and policy compliance.",64.17647058823529,60.67058823529412,medium,2,685
595,611,1.03 Beverages,Gloria Mango Juice 1lt,43.89,29.89,REVENUE_REDUCTION,revenue_efficiency,confirmed_revenue_reduction_not_automatically_avoidable,14.0,gross_to_net_reduction,35,"Validate discount/refund authorization, business purpose and policy compliance.",64.17647058823529,60.67058823529412,medium,2,686
856,872,1.25 Sweets & Candies,Lucas Gusano Chamoy 36g X10,23.98,23.98,MISSING_PROFITABILITY,profitability_data_quality,sales_exposure_not_confirmed_loss,23.98,positive_net_sales_exposure,55,Load and validate COGS and Gross Profit; do not estimate loss until source cost is confirmed.,14.027149321266968,60.61085972850679,medium,2,687
1573,1589,1.13 Flours,Harina PAN - Amarilla 1 KG,1501.99,1488.01,REVENUE_REDUCTION,revenue_efficiency,confirmed_revenue_reduction_not_automatically_avoidable,13.980000000000018,gross_to_net_reduction,35,"Validate discount/refund authorization, business purpose and policy compliance.",64.0,60.6,medium,2,688
717,733,1.25 Sweets & Candies,De La Rosa Pulparindo Original 20/10oz - 280gr X20,278.69,274.2,CATALOG_ACTIONABLE,catalog_control,sales_associated_with_review_candidate,274.2,associated_positive_net_sales,35,"Validate SKU/UPC, presentation, duplicate status and pack-size configuration before any merge.",63.888888888888886,60.55555555555556,medium,2,689
1063,1079,1.26 Tortillas,Romero White Corn Tortilla Super King Size 7'' / 50ct / 2.13kg,3727.11,3713.51,REVENUE_REDUCTION,revenue_efficiency,confirmed_revenue_reduction_not_automatically_avoidable,13.599999999999909,gross_to_net_reduction,35,"Validate discount/refund authorization, business purpose and policy compliance.",63.88235294117647,60.55294117647058,medium,2,690
841,857,1.25 Sweets & Candies,De La Rosa Pulparindots Mango 12.8Oz / 360g unit,41.58,41.48,ZERO_COGS,profitability_data_quality,sales_exposure_not_confirmed_loss,41.48,positive_net_sales_exposure,55,"Confirm recipes, purchase cost or item cost mapping; zero COGS is not accepted as validated margin.",13.793103448275861,60.51724137931035,medium,2,691
98,114,2. Restaurant,Morcilla - Colombian Blood Sausage,229.5,216.0,REVENUE_REDUCTION,revenue_efficiency,confirmed_revenue_reduction_not_automatically_avoidable,13.5,gross_to_net_reduction,35,"Validate discount/refund authorization, business purpose and policy compliance.",63.76470588235294,60.50588235294118,medium,2,692
1417,1433,1.07 Condiments & Spices,Pampas Salt Templado para Churrasco  500g,26.94,13.5,REVENUE_REDUCTION,revenue_efficiency,confirmed_revenue_reduction_not_automatically_avoidable,13.440000000000001,gross_to_net_reduction,35,"Validate discount/refund authorization, business purpose and policy compliance.",63.64705882352941,60.45882352941177,medium,2,693
858,874,1.25 Sweets & Candies,Lucas Muecas Tamarindo  25g X10,23.5,23.5,MISSING_PROFITABILITY,profitability_data_quality,sales_exposure_not_confirmed_loss,23.5,positive_net_sales_exposure,55,Load and validate COGS and Gross Profit; do not estimate loss until source cost is confirmed.,13.574660633484163,60.42986425339367,medium,2,694
320,336,1.12 Frozen Products,Norley's Arepas  White  Small 10 pack,1556.36,1543.07,REVENUE_REDUCTION,revenue_efficiency,confirmed_revenue_reduction_not_automatically_avoidable,13.289999999999964,gross_to_net_reduction,35,"Validate discount/refund authorization, business purpose and policy compliance.",63.52941176470588,60.41176470588235,medium,2,695
689,705,1.25 Sweets & Candies,Miguelito Chamoy  Original 250g,441.45,428.26,REVENUE_REDUCTION,revenue_efficiency,confirmed_revenue_reduction_not_automatically_avoidable,13.189999999999998,gross_to_net_reduction,35,"Validate discount/refund authorization, business purpose and policy compliance.",63.411764705882355,60.36470588235294,medium,2,696
1691,1707,1.19 Peppers,Guajillo sin cola  250 Gr,4406.99,4393.8,REVENUE_REDUCTION,revenue_efficiency,confirmed_revenue_reduction_not_automatically_avoidable,13.1899999999996,gross_to_net_reduction,35,"Validate discount/refund authorization, business purpose and policy compliance.",63.294117647058826,60.317647058823525,medium,2,697
1886,1902,1.18 Pasta-Soups,Maggi Sopas Casera Vegetales con Pollo y Fideos - 21 Gr,22.5,22.5,MISSING_PROFITABILITY,profitability_data_quality,sales_exposure_not_confirmed_loss,22.5,positive_net_sales_exposure,55,Load and validate COGS and Gross Profit; do not estimate loss until source cost is confirmed.,13.122171945701359,60.248868778280546,medium,2,698
18,34,2. Restaurant,Chicharron Super especial - Pork Belly Special,12753.5,12740.5,REVENUE_REDUCTION,revenue_efficiency,confirmed_revenue_reduction_not_automatically_avoidable,13.0,gross_to_net_reduction,35,"Validate discount/refund authorization, business purpose and policy compliance.",63.117647058823536,60.247058823529414,medium,2,699
843,859,1.25 Sweets & Candies,Reserva Minas Doce Mamao Ralado  640g,51.96,38.96,REVENUE_REDUCTION,revenue_efficiency,confirmed_revenue_reduction_not_automatically_avoidable,13.0,gross_to_net_reduction,35,"Validate discount/refund authorization, business purpose and policy compliance.",63.117647058823536,60.247058823529414,medium,2,700
238,254,4.Bakery,160 LM Berry Cheesecake,299.29,281.69,LOW_MARGIN,profitability_result,margin_review_not_confirmed_loss,281.69,associated_net_sales,35,Review price-cost relationship and whether discounts compressed the observed margin.,63.07692307692307,60.230769230769226,medium,2,701
988,1004,1.05 Chips & Snacks,Rosquillas Calenas 1.06 oz / 30 g  x 6pzas Pack,269.82,269.82,CATALOG_ACTIONABLE,catalog_control,sales_associated_with_review_candidate,269.82,associated_positive_net_sales,35,"Validate SKU/UPC, presentation, duplicate status and pack-size configuration before any merge.",62.96296296296296,60.18518518518519,medium,2,702
75,91,2. Restaurant,Chorizo & Mini Arepa,811.25,798.27,REVENUE_REDUCTION,revenue_efficiency,confirmed_revenue_reduction_not_automatically_avoidable,12.980000000000018,gross_to_net_reduction,35,"Validate discount/refund authorization, business purpose and policy compliance.",62.94117647058823,60.17647058823529,medium,2,703
739,755,1.25 Sweets & Candies,La Molienda Cacahuate con Chile Paketon 180 Gr,231.42,218.44,REVENUE_REDUCTION,revenue_efficiency,confirmed_revenue_reduction_not_automatically_avoidable,12.97999999999999,gross_to_net_reduction,35,"Validate discount/refund authorization, business purpose and policy compliance.",62.82352941176471,60.129411764705885,medium,2,704
453,469,1.03 Beverages,Maltin Polar 7oz UNIT,603.97,591.28,REVENUE_REDUCTION,revenue_efficiency,confirmed_revenue_reduction_not_automatically_avoidable,12.690000000000055,gross_to_net_reduction,35,"Validate discount/refund authorization, business purpose and policy compliance.",62.70588235294118,60.08235294117647,medium,2,705
860,876,1.25 Sweets & Candies,Gummy Rock Tamarindo Chile Spicy 85g / 3oz Gummy Rock Tamarindo Chile Spicy  UNIT,22.41,22.41,MISSING_PROFITABILITY,profitability_data_quality,sales_exposure_not_confirmed_loss,22.41,positive_net_sales_exposure,55,Load and validate COGS and Gross Profit; do not estimate loss until source cost is confirmed.,12.669683257918551,60.06787330316742,medium,2,706
1532,1548,3.Coffee160,160 Artisan Brewed Coffee 16oz,40.41,40.41,ZERO_COGS,profitability_data_quality,sales_exposure_not_confirmed_loss,40.41,positive_net_sales_exposure,55,"Confirm recipes, purchase cost or item cost mapping; zero COGS is not accepted as validated margin.",12.643678160919542,60.05747126436782,medium,2,707
1058,1074,1.26 Tortillas,Romero Yellow Corn Tortilla 6.5'' 70ct 58oz,10985.78,10973.18,REVENUE_REDUCTION,revenue_efficiency,confirmed_revenue_reduction_not_automatically_avoidable,12.600000000000364,gross_to_net_reduction,35,"Validate discount/refund authorization, business purpose and policy compliance.",62.588235294117645,60.035294117647055,medium,2,708
628,644,1.25 Sweets & Candies,Su Sabor Bocadillo Veleno  guava paste x 18 Units / 850 g,1869.92,1869.92,LABEL_STANDARDIZATION,catalog_standardization,label_cleanup_no_loss_claim,1869.92,associated_positive_net_sales,20,Standardize UNIT/PACK wording without changing the commercial presentation.,100.0,60.0,medium,2,709
1989,2005,Uncategorized,Manual Transaction,0.0,-1.14,MANUAL_NEGATIVE_ADJUSTMENT,manual_adjustment_control,negative_balance_requires_transaction_validation,1.14,absolute_negative_net_sales,50,"Trace the manual transaction to user, date, reason, approval and original sale.",25.0,60.0,medium,2,710
466,482,1.03 Beverages,Postobon Kola Soda Bottle 14 Oz,508.3,495.72,REVENUE_REDUCTION,revenue_efficiency,confirmed_revenue_reduction_not_automatically_avoidable,12.579999999999984,gross_to_net_reduction,35,"Validate discount/refund authorization, business purpose and policy compliance.",62.47058823529412,59.98823529411765,medium,2,711
1933,1949,1.15 Instant Powder,BB Horchata 28.05oz,696.58,684.29,REVENUE_REDUCTION,revenue_efficiency,confirmed_revenue_reduction_not_automatically_avoidable,12.290000000000077,gross_to_net_reduction,35,"Validate discount/refund authorization, business purpose and policy compliance.",62.35294117647059,59.94117647058823,medium,2,712
1633,1649,1.09 Cookies & Crackers,Nestle Cocosette  8pack UNIT,2466.2,2453.91,REVENUE_REDUCTION,revenue_efficiency,confirmed_revenue_reduction_not_automatically_avoidable,12.289999999999964,gross_to_net_reduction,35,"Validate discount/refund authorization, business purpose and policy compliance.",62.23529411764706,59.89411764705882,medium,2,713
861,877,1.25 Sweets & Candies,Duvalin Fresa Avellana Duvalin Fresa Avellana unid,22.0,22.0,MISSING_PROFITABILITY,profitability_data_quality,sales_exposure_not_confirmed_loss,22.0,positive_net_sales_exposure,55,Load and validate COGS and Gross Profit; do not estimate loss until source cost is confirmed.,12.217194570135746,59.886877828054295,medium,2,714
1504,1520,3.Coffee160,160 Mocha 16oz,530.25,518.06,REVENUE_REDUCTION,revenue_efficiency,confirmed_revenue_reduction_not_automatically_avoidable,12.190000000000055,gross_to_net_reduction,35,"Validate discount/refund authorization, business purpose and policy compliance.",62.117647058823536,59.84705882352941,medium,2,715
507,523,1.03 Beverages,Topo Chico Mineral Water Glass 750 ML - T BOX 12,260.97,260.97,CATALOG_ACTIONABLE,catalog_control,sales_associated_with_review_candidate,260.97,associated_positive_net_sales,35,"Validate SKU/UPC, presentation, duplicate status and pack-size configuration before any merge.",62.03703703703704,59.81481481481481,medium,2,716
169,185,4.Bakery,160 Empanada Criolla Pollo,2998.23,2986.08,REVENUE_REDUCTION,revenue_efficiency,confirmed_revenue_reduction_not_automatically_avoidable,12.150000000000091,gross_to_net_reduction,35,"Validate discount/refund authorization, business purpose and policy compliance.",62.0,59.8,medium,2,717
304,320,1.12 Frozen Products,Pan Pa Ya Pandebonos  Sencillos 270g / 9.5oz,2876.42,2864.33,REVENUE_REDUCTION,revenue_efficiency,confirmed_revenue_reduction_not_automatically_avoidable,12.090000000000146,gross_to_net_reduction,35,"Validate discount/refund authorization, business purpose and policy compliance.",61.882352941176464,59.752941176470586,medium,2,718
862,878,1.25 Sweets & Candies,Vero Paleta Elote con Chile lollypop,20.58,20.48,MISSING_PROFITABILITY,profitability_data_quality,sales_exposure_not_confirmed_loss,20.48,positive_net_sales_exposure,55,Load and validate COGS and Gross Profit; do not estimate loss until source cost is confirmed.,11.76470588235294,59.705882352941174,medium,2,719
65,81,2. Restaurant,Bacon Egg & Cheese Breakfast Sandwich,1284.0,1272.0,REVENUE_REDUCTION,revenue_efficiency,confirmed_revenue_reduction_not_automatically_avoidable,12.0,gross_to_net_reduction,35,"Validate discount/refund authorization, business purpose and policy compliance.",61.705882352941174,59.682352941176475,medium,2,720
633,649,1.25 Sweets & Candies,Ramo Chocoramo Mini Bolsa 20u bag x 20,1151.04,1139.04,REVENUE_REDUCTION,revenue_efficiency,confirmed_revenue_reduction_not_automatically_avoidable,12.0,gross_to_net_reduction,35,"Validate discount/refund authorization, business purpose and policy compliance.",61.705882352941174,59.682352941176475,medium,2,721
989,1005,1.05 Chips & Snacks,La Molienda Papa Salada 6oz,396.97,265.22,LOW_MARGIN,profitability_result,margin_review_not_confirmed_loss,265.22,associated_net_sales,35,Review price-cost relationship and whether discounts compressed the observed margin.,61.53846153846154,59.61538461538461,medium,2,722
309,325,1.12 Frozen Products,Dona Emilia Yuca Francesa,2517.48,2505.49,REVENUE_REDUCTION,revenue_efficiency,confirmed_revenue_reduction_not_automatically_avoidable,11.990000000000236,gross_to_net_reduction,35,"Validate discount/refund authorization, business purpose and policy compliance.",61.52941176470588,59.61176470588235,medium,2,723
842,858,1.25 Sweets & Candies,Lucas Muecas Pepino  25g X UNIT,40.05,40.05,ZERO_COGS,profitability_data_quality,sales_exposure_not_confirmed_loss,40.05,positive_net_sales_exposure,55,"Confirm recipes, purchase cost or item cost mapping; zero COGS is not accepted as validated margin.",11.494252873563218,59.59770114942529,medium,2,724
348,364,1.12 Frozen Products,Belmont Aji Amarillo Frozen - 430 Gr,551.54,539.55,REVENUE_REDUCTION,revenue_efficiency,confirmed_revenue_reduction_not_automatically_avoidable,11.990000000000009,gross_to_net_reduction,35,"Validate discount/refund authorization, business purpose and policy compliance.",61.411764705882355,59.56470588235294,medium,2,725
1888,1904,1.18 Pasta-Soups,Maggi Sopas Caseras Vegetales y Fideos - 21 Gr,18.75,18.75,MISSING_PROFITABILITY,profitability_data_quality,sales_exposure_not_confirmed_loss,18.75,positive_net_sales_exposure,55,Load and validate COGS and Gross Profit; do not estimate loss until source cost is confirmed.,11.312217194570136,59.52488687782805,medium,2,726
620,636,1.25 Sweets & Candies,Kellogs Choco Krispies 540g,3597.6,3585.61,REVENUE_REDUCTION,revenue_efficiency,confirmed_revenue_reduction_not_automatically_avoidable,11.989999999999782,gross_to_net_reduction,35,"Validate discount/refund authorization, business purpose and policy compliance.",61.29411764705882,59.51764705882353,medium,2,727
535,551,1.03 Beverages,Electrolit Suero Hidratante Uva,176.19,164.24,REVENUE_REDUCTION,revenue_efficiency,confirmed_revenue_reduction_not_automatically_avoidable,11.949999999999989,gross_to_net_reduction,35,"Validate discount/refund authorization, business purpose and policy compliance.",61.1764705882353,59.470588235294116,medium,2,728
1460,1476,1.04 Can Products,La Costeña Whole Jalapeño 200 ml - 7oz,265.7,259.52,CATALOG_ACTIONABLE,catalog_control,sales_associated_with_review_candidate,259.52,associated_positive_net_sales,35,"Validate SKU/UPC, presentation, duplicate status and pack-size configuration before any merge.",61.111111111111114,59.44444444444444,medium,2,729
1612,1628,1.13 Flours,Maseca Premium Yellow Corn Flour #10 50 LBS,78.99,67.14,REVENUE_REDUCTION,revenue_efficiency,confirmed_revenue_reduction_not_automatically_avoidable,11.849999999999994,gross_to_net_reduction,35,"Validate discount/refund authorization, business purpose and policy compliance.",61.05882352941177,59.423529411764704,medium,2,730
482,498,1.03 Beverages,Postobon Uva Soda Bottle - 14 Oz UNIT,413.02,401.18,REVENUE_REDUCTION,revenue_efficiency,confirmed_revenue_reduction_not_automatically_avoidable,11.839999999999975,gross_to_net_reduction,35,"Validate discount/refund authorization, business purpose and policy compliance.",60.94117647058823,59.37647058823529,medium,2,731
866,882,1.25 Sweets & Candies,Duvalin  Avellana Vainilla Duvalin  Avellana Vainilla  unid,19.11,18.62,MISSING_PROFITABILITY,profitability_data_quality,sales_exposure_not_confirmed_loss,18.62,positive_net_sales_exposure,55,Load and validate COGS and Gross Profit; do not estimate loss until source cost is confirmed.,10.85972850678733,59.34389140271493,medium,2,732
1116,1132,1.10 Dairy,RUMBA  Kumis Latino 250 ml,989.69,978.01,REVENUE_REDUCTION,revenue_efficiency,confirmed_revenue_reduction_not_automatically_avoidable,11.680000000000064,gross_to_net_reduction,35,"Validate discount/refund authorization, business purpose and policy compliance.",60.82352941176471,59.32941176470588,medium,2,733
489,505,1.03 Beverages,Electrolit Suero Hidratante Fresa-kiwi,374.52,362.98,REVENUE_REDUCTION,revenue_efficiency,confirmed_revenue_reduction_not_automatically_avoidable,11.539999999999964,gross_to_net_reduction,35,"Validate discount/refund authorization, business purpose and policy compliance.",60.705882352941174,59.28235294117647,medium,2,734
669,685,1.25 Sweets & Candies,BonBonBum Maracuya x 24,538.02,526.49,REVENUE_REDUCTION,revenue_efficiency,confirmed_revenue_reduction_not_automatically_avoidable,11.529999999999973,gross_to_net_reduction,35,"Validate discount/refund authorization, business purpose and policy compliance.",60.588235294117645,59.23529411764706,medium,2,735
1970,1986,Uncategorized,Jarritos Grapefruit  12.5oz x Unit,565.26,553.89,REVENUE_REDUCTION,revenue_efficiency,confirmed_revenue_reduction_not_automatically_avoidable,11.370000000000005,gross_to_net_reduction,35,"Validate discount/refund authorization, business purpose and policy compliance.",60.47058823529412,59.188235294117646,medium,2,736
867,883,1.25 Sweets & Candies,Lucas Polvos Mango 200 g X10,17.98,17.98,MISSING_PROFITABILITY,profitability_data_quality,sales_exposure_not_confirmed_loss,17.98,positive_net_sales_exposure,55,Load and validate COGS and Gross Profit; do not estimate loss until source cost is confirmed.,10.407239819004525,59.16289592760181,medium,2,737
1426,1442,1.04 Can Products,Nestle La Lechera Leche condensada Lata 375g,1330.45,1319.09,REVENUE_REDUCTION,revenue_efficiency,confirmed_revenue_reduction_not_automatically_avoidable,11.360000000000127,gross_to_net_reduction,35,"Validate discount/refund authorization, business purpose and policy compliance.",60.35294117647059,59.141176470588235,medium,2,738
590,606,1.03 Beverages,Boing Manzana Juice 500 ml x Unit,35.89,35.89,ZERO_COGS,profitability_data_quality,sales_exposure_not_confirmed_loss,35.89,positive_net_sales_exposure,55,"Confirm recipes, purchase cost or item cost mapping; zero COGS is not accepted as validated margin.",10.344827586206897,59.13793103448276,medium,2,739
921,937,1.05 Chips & Snacks,Charras Tostadas Regular 12.3oz,2749.41,2738.32,REVENUE_REDUCTION,revenue_efficiency,confirmed_revenue_reduction_not_automatically_avoidable,11.08999999999969,gross_to_net_reduction,35,"Validate discount/refund authorization, business purpose and policy compliance.",60.23529411764705,59.09411764705882,medium,2,740
1782,1798,1.28 Grains,Ducal Red Beans Doy Pack - 14.1 oz,256.47,256.47,CATALOG_ACTIONABLE,catalog_control,sales_associated_with_review_candidate,256.47,associated_positive_net_sales,35,"Validate SKU/UPC, presentation, duplicate status and pack-size configuration before any merge.",60.18518518518518,59.074074074074076,medium,2,741
1569,1585,1.13 Flours,Harina PAN - Blanca 5 LB,4047.15,4036.16,REVENUE_REDUCTION,revenue_efficiency,confirmed_revenue_reduction_not_automatically_avoidable,10.990000000000236,gross_to_net_reduction,35,"Validate discount/refund authorization, business purpose and policy compliance.",60.11764705882353,59.04705882352941,medium,2,742
720,736,1.25 Sweets & Candies,Su Sabor Deli manjar,304.39,264.39,LOW_MARGIN,profitability_result,margin_review_not_confirmed_loss,264.39,associated_net_sales,35,Review price-cost relationship and whether discounts compressed the observed margin.,60.0,59.0,medium,2,743
359,375,1.12 Frozen Products,Jaks Choclo Entero 2 ct,339.66,328.67,REVENUE_REDUCTION,revenue_efficiency,confirmed_revenue_reduction_not_automatically_avoidable,10.990000000000009,gross_to_net_reduction,35,"Validate discount/refund authorization, business purpose and policy compliance.",60.0,59.0,medium,2,744
1047,1063,1.05 Chips & Snacks,Rosquillas Calenas 1.06 oz / 30 g  x 6pzas Unit,17.94,17.94,MISSING_PROFITABILITY,profitability_data_quality,sales_exposure_not_confirmed_loss,17.94,positive_net_sales_exposure,55,Load and validate COGS and Gross Profit; do not estimate loss until source cost is confirmed.,9.95475113122172,58.98190045248869,medium,2,745
673,689,1.25 Sweets & Candies,Duvalin Fresa Avellana BOX,522.41,511.49,REVENUE_REDUCTION,revenue_efficiency,confirmed_revenue_reduction_not_automatically_avoidable,10.919999999999959,gross_to_net_reduction,35,"Validate discount/refund authorization, business purpose and policy compliance.",59.88235294117648,58.95294117647059,medium,2,746
1292,1308,"1.06 Coffee, Cocoa, Panela, Butter",Mexquisita Concentrado Horchata 12/700 ml,386.57,375.78,REVENUE_REDUCTION,revenue_efficiency,confirmed_revenue_reduction_not_automatically_avoidable,10.79000000000002,gross_to_net_reduction,35,"Validate discount/refund authorization, business purpose and policy compliance.",59.76470588235294,58.90588235294118,medium,2,747
1724,1740,1.14 Herbal Teas,CBSe Mate Pomelo 500g,269.7,258.91,REVENUE_REDUCTION,revenue_efficiency,confirmed_revenue_reduction_not_automatically_avoidable,10.789999999999964,gross_to_net_reduction,35,"Validate discount/refund authorization, business purpose and policy compliance.",59.647058823529406,58.858823529411765,medium,2,748
1511,1527,3.Coffee160,Passion Fruit-Mango Lemonade,345.87,335.16,REVENUE_REDUCTION,revenue_efficiency,confirmed_revenue_reduction_not_automatically_avoidable,10.70999999999998,gross_to_net_reduction,35,"Validate discount/refund authorization, business purpose and policy compliance.",59.529411764705884,58.811764705882354,medium,2,749
872,888,1.25 Sweets & Candies,Aldor Pin Pop Mix Assorted 15/24 und Unit,17.11,16.99,MISSING_PROFITABILITY,profitability_data_quality,sales_exposure_not_confirmed_loss,16.99,positive_net_sales_exposure,55,Load and validate COGS and Gross Profit; do not estimate loss until source cost is confirmed.,9.502262443438914,58.800904977375566,medium,2,750
185,201,4.Bakery,160 Pan de Yuca,1962.17,1951.53,REVENUE_REDUCTION,revenue_efficiency,confirmed_revenue_reduction_not_automatically_avoidable,10.6400000000001,gross_to_net_reduction,35,"Validate discount/refund authorization, business purpose and policy compliance.",59.411764705882355,58.76470588235294,medium,2,751
1719,1735,1.14 Herbal Teas,Yerba Mate Pampa Organica 500 Gr,489.65,479.15,REVENUE_REDUCTION,revenue_efficiency,confirmed_revenue_reduction_not_automatically_avoidable,10.5,gross_to_net_reduction,35,"Validate discount/refund authorization, business purpose and policy compliance.",59.29411764705882,58.71764705882353,medium,2,752
723,739,1.25 Sweets & Candies,De la Rosa Mazapan 11.8 oz BOX,259.74,254.75,CATALOG_ACTIONABLE,catalog_control,sales_associated_with_review_candidate,254.75,associated_positive_net_sales,35,"Validate SKU/UPC, presentation, duplicate status and pack-size configuration before any merge.",59.25925925925925,58.7037037037037,medium,2,753
278,294,4.Bakery,160 Guava and Cheese Roscon,31.96,31.96,ZERO_COGS,profitability_data_quality,sales_exposure_not_confirmed_loss,31.96,positive_net_sales_exposure,55,"Confirm recipes, purchase cost or item cost mapping; zero COGS is not accepted as validated margin.",9.195402298850574,58.67816091954023,medium,2,754
1570,1586,1.13 Flours,Harina PAN - Blanca 1 KG .,3862.26,3851.77,REVENUE_REDUCTION,revenue_efficiency,confirmed_revenue_reduction_not_automatically_avoidable,10.490000000000236,gross_to_net_reduction,35,"Validate discount/refund authorization, business purpose and policy compliance.",59.1764705882353,58.67058823529412,medium,2,755
508,524,1.03 Beverages,Topo Chico Tangerine Ginger - Can - 12 Oz Unit,266.11,255.62,REVENUE_REDUCTION,revenue_efficiency,confirmed_revenue_reduction_not_automatically_avoidable,10.490000000000009,gross_to_net_reduction,35,"Validate discount/refund authorization, business purpose and policy compliance.",59.05882352941176,58.62352941176471,medium,2,756
603,619,1.03 Beverages,Inca Kola Diet Soda - 12 oz - CAN X6,15.99,15.99,MISSING_PROFITABILITY,profitability_data_quality,sales_exposure_not_confirmed_loss,15.99,positive_net_sales_exposure,55,Load and validate COGS and Gross Profit; do not estimate loss until source cost is confirmed.,9.049773755656108,58.619909502262445,medium,2,757
55,71,2. Restaurant,Chilaquiles Eggs Rojos Breakfast,2248.5,2238.02,REVENUE_REDUCTION,revenue_efficiency,confirmed_revenue_reduction_not_automatically_avoidable,10.480000000000018,gross_to_net_reduction,35,"Validate discount/refund authorization, business purpose and policy compliance.",58.94117647058823,58.576470588235296,medium,2,758
493,509,1.03 Beverages,Jarritos Mandarina 1.5 lt,341.15,330.77,REVENUE_REDUCTION,revenue_efficiency,confirmed_revenue_reduction_not_automatically_avoidable,10.379999999999995,gross_to_net_reduction,35,"Validate discount/refund authorization, business purpose and policy compliance.",58.82352941176471,58.529411764705884,medium,2,759
1503,1519,3.Coffee160,Coffee Frappe,569.05,558.85,REVENUE_REDUCTION,revenue_efficiency,confirmed_revenue_reduction_not_automatically_avoidable,10.199999999999932,gross_to_net_reduction,35,"Validate discount/refund authorization, business purpose and policy compliance.",58.705882352941174,58.48235294117647,medium,2,760
880,896,1.25 Sweets & Candies,Cool Toons Paleta Dragon Puerqui 1/15ct unit,14.85,14.85,MISSING_PROFITABILITY,profitability_data_quality,sales_exposure_not_confirmed_loss,14.85,positive_net_sales_exposure,55,Load and validate COGS and Gross Profit; do not estimate loss until source cost is confirmed.,8.597285067873303,58.43891402714932,medium,2,761
414,430,1.03 Beverages,Coca Cola 12oz / 355ml x Unit,2058.84,2048.65,REVENUE_REDUCTION,revenue_efficiency,confirmed_revenue_reduction_not_automatically_avoidable,10.190000000000055,gross_to_net_reduction,35,"Validate discount/refund authorization, business purpose and policy compliance.",58.58823529411765,58.43529411764706,medium,2,762
364,380,1.12 Frozen Products,Tajacol Frozen Tostones - 2 LB,296.0,285.82,REVENUE_REDUCTION,revenue_efficiency,confirmed_revenue_reduction_not_automatically_avoidable,10.180000000000007,gross_to_net_reduction,35,"Validate discount/refund authorization, business purpose and policy compliance.",58.470588235294116,58.38823529411765,medium,2,763
724,740,1.25 Sweets & Candies,Nestle Savoy Cri Cri 27 g / .95 oz UNIT,312.78,254.73,LOW_MARGIN,profitability_result,margin_review_not_confirmed_loss,254.73,associated_net_sales,35,Review price-cost relationship and whether discounts compressed the observed margin.,58.46153846153847,58.38461538461539,medium,2,764
2000,2016,Uncategorized,Manual Transaction,0.0,-10.18,REVENUE_REDUCTION,revenue_efficiency,confirmed_revenue_reduction_not_automatically_avoidable,10.18,gross_to_net_reduction,35,"Validate discount/refund authorization, business purpose and policy compliance.",58.35294117647059,58.34117647058824,medium,2,765
724,740,1.25 Sweets & Candies,Nestle Savoy Cri Cri 27 g / .95 oz UNIT,312.78,254.73,CATALOG_ACTIONABLE,catalog_control,sales_associated_with_review_candidate,254.73,associated_positive_net_sales,35,"Validate SKU/UPC, presentation, duplicate status and pack-size configuration before any merge.",58.333333333333336,58.333333333333336,medium,2,766
188,204,4.Bakery,160 Pandebono Valluno con guava,1929.0,1918.96,REVENUE_REDUCTION,revenue_efficiency,confirmed_revenue_reduction_not_automatically_avoidable,10.039999999999964,gross_to_net_reduction,35,"Validate discount/refund authorization, business purpose and policy compliance.",58.235294117647065,58.294117647058826,medium,2,767
666,682,1.25 Sweets & Candies,Pelon Pelo Rico 28 Gr UNIT,542.33,532.34,REVENUE_REDUCTION,revenue_efficiency,confirmed_revenue_reduction_not_automatically_avoidable,9.990000000000009,gross_to_net_reduction,35,"Validate discount/refund authorization, business purpose and policy compliance.",58.11764705882353,58.247058823529414,medium,2,768
279,295,4.Bakery,160 Strawberry Cheesecake,29.95,29.95,ZERO_COGS,profitability_data_quality,sales_exposure_not_confirmed_loss,29.95,positive_net_sales_exposure,55,"Confirm recipes, purchase cost or item cost mapping; zero COGS is not accepted as validated margin.",8.045977011494253,58.2183908045977,medium,2,769
205,221,4.Bakery,160 Argentine Guava & Cheese Empanada,1277.44,1267.46,REVENUE_REDUCTION,revenue_efficiency,confirmed_revenue_reduction_not_automatically_avoidable,9.980000000000018,gross_to_net_reduction,35,"Validate discount/refund authorization, business purpose and policy compliance.",57.94117647058824,58.1764705882353,medium,2,770
1444,1460,1.04 Can Products,La Costena Whole Black Beans 19oz,502.74,492.76,REVENUE_REDUCTION,revenue_efficiency,confirmed_revenue_reduction_not_automatically_avoidable,9.980000000000018,gross_to_net_reduction,35,"Validate discount/refund authorization, business purpose and policy compliance.",57.94117647058824,58.1764705882353,medium,2,771
130,146,2. Restaurant,Postobon Colombiana 10oz - Kiosk,11.96,11.96,MISSING_PROFITABILITY,profitability_data_quality,sales_exposure_not_confirmed_loss,11.96,positive_net_sales_exposure,55,Load and validate COGS and Gross Profit; do not estimate loss until source cost is confirmed.,7.918552036199094,58.16742081447964,medium,2,772
1049,1065,1.05 Chips & Snacks,Besitos  Calenos / Cassava Snack 30g T x6 Unit,11.96,11.96,MISSING_PROFITABILITY,profitability_data_quality,sales_exposure_not_confirmed_loss,11.96,positive_net_sales_exposure,55,Load and validate COGS and Gross Profit; do not estimate loss until source cost is confirmed.,7.918552036199094,58.16742081447964,medium,2,773
66,82,2. Restaurant,Tamal Mexicano - Chile & Queso,1241.5,1231.75,REVENUE_REDUCTION,revenue_efficiency,confirmed_revenue_reduction_not_automatically_avoidable,9.75,gross_to_net_reduction,35,"Validate discount/refund authorization, business purpose and policy compliance.",57.705882352941174,58.08235294117647,medium,2,774
852,868,1.25 Sweets & Candies,Reserva Minas Doce Abobora com Coco 650g,38.97,29.22,REVENUE_REDUCTION,revenue_efficiency,confirmed_revenue_reduction_not_automatically_avoidable,9.75,gross_to_net_reduction,35,"Validate discount/refund authorization, business purpose and policy compliance.",57.705882352941174,58.08235294117647,medium,2,775
187,203,4.Bakery,160 Empanada Criolla Jamon y Queso,1938.48,1928.84,REVENUE_REDUCTION,revenue_efficiency,confirmed_revenue_reduction_not_automatically_avoidable,9.6400000000001,gross_to_net_reduction,35,"Validate discount/refund authorization, business purpose and policy compliance.",57.529411764705884,58.01176470588236,medium,2,776
1184,1200,1.23 Sauces,Mexico Lindo Salsa Chiltepin 5 oz,309.38,299.88,REVENUE_REDUCTION,revenue_efficiency,confirmed_revenue_reduction_not_automatically_avoidable,9.5,gross_to_net_reduction,35,"Validate discount/refund authorization, business purpose and policy compliance.",57.41176470588235,57.964705882352945,medium,2,777
1940,1956,1.15 Instant Powder,Zuko Family PK Horchata - 14.1 oz,251.72,251.72,CATALOG_ACTIONABLE,catalog_control,sales_associated_with_review_candidate,251.72,associated_positive_net_sales,35,"Validate SKU/UPC, presentation, duplicate status and pack-size configuration before any merge.",57.407407407407405,57.96296296296296,medium,2,778
1816,1832,1.02 Beans,Ducal Frijol Negro Refrito 29oz,836.23,826.88,REVENUE_REDUCTION,revenue_efficiency,confirmed_revenue_reduction_not_automatically_avoidable,9.350000000000023,gross_to_net_reduction,35,"Validate discount/refund authorization, business purpose and policy compliance.",57.294117647058826,57.91764705882353,medium,2,779
889,905,1.25 Sweets & Candies,Aldor Pin Pop Strawberry 15/24 und Unit,11.21,11.15,MISSING_PROFITABILITY,profitability_data_quality,sales_exposure_not_confirmed_loss,11.15,positive_net_sales_exposure,55,Load and validate COGS and Gross Profit; do not estimate loss until source cost is confirmed.,7.239819004524888,57.89592760180996,medium,2,780
424,440,1.03 Beverages,Maltin Polar 12 oz Maltin Polar 12 oz unit,1333.54,1324.25,REVENUE_REDUCTION,revenue_efficiency,confirmed_revenue_reduction_not_automatically_avoidable,9.289999999999964,gross_to_net_reduction,35,"Validate discount/refund authorization, business purpose and policy compliance.",57.1764705882353,57.87058823529412,medium,2,781
1043,1059,1.05 Chips & Snacks,Frito Lay Crujitos Queso y Chile 1.13 oz,44.2,35.1,REVENUE_REDUCTION,revenue_efficiency,confirmed_revenue_reduction_not_automatically_avoidable,9.100000000000001,gross_to_net_reduction,35,"Validate discount/refund authorization, business purpose and policy compliance.",57.05882352941176,57.8235294117647,medium,2,782
1999,2015,Uncategorized,Manual Transaction,0.0,-9.1,REVENUE_REDUCTION,revenue_efficiency,confirmed_revenue_reduction_not_automatically_avoidable,9.1,gross_to_net_reduction,35,"Validate discount/refund authorization, business purpose and policy compliance.",56.94117647058824,57.7764705882353,medium,2,783
733,749,1.25 Sweets & Candies,Dulcor sweet potato vanilla and chocolate 700 gr,298.77,227.27,LOW_MARGIN,profitability_result,margin_review_not_confirmed_loss,227.27,associated_net_sales,35,Review price-cost relationship and whether discounts compressed the observed margin.,56.92307692307692,57.76923076923077,medium,2,784
851,867,1.25 Sweets & Candies,Lucas Muecas Tamarindo  25g X unit,29.37,29.28,ZERO_COGS,profitability_data_quality,sales_exposure_not_confirmed_loss,29.28,positive_net_sales_exposure,55,"Confirm recipes, purchase cost or item cost mapping; zero COGS is not accepted as validated margin.",6.896551724137931,57.758620689655174,medium,2,785
894,910,1.25 Sweets & Candies,Lucas Muecas Pepino  25g X10,8.99,8.99,MISSING_PROFITABILITY,profitability_data_quality,sales_exposure_not_confirmed_loss,8.99,positive_net_sales_exposure,55,Load and validate COGS and Gross Profit; do not estimate loss until source cost is confirmed.,6.787330316742081,57.71493212669683,medium,2,786
88,104,2. Restaurant,Huevo Frito,428.0,419.0,REVENUE_REDUCTION,revenue_efficiency,confirmed_revenue_reduction_not_automatically_avoidable,9.0,gross_to_net_reduction,35,"Validate discount/refund authorization, business purpose and policy compliance.",56.705882352941174,57.68235294117647,medium,2,787
268,284,4.Bakery,160 Croissant Roll 2 Pack,66.36,57.36,REVENUE_REDUCTION,revenue_efficiency,confirmed_revenue_reduction_not_automatically_avoidable,9.0,gross_to_net_reduction,35,"Validate discount/refund authorization, business purpose and policy compliance.",56.705882352941174,57.68235294117647,medium,2,788
273,289,4.Bakery,160 Walnut & Cranberry Bread,52.91,43.91,REVENUE_REDUCTION,revenue_efficiency,confirmed_revenue_reduction_not_automatically_avoidable,9.0,gross_to_net_reduction,35,"Validate discount/refund authorization, business purpose and policy compliance.",56.705882352941174,57.68235294117647,medium,2,789
1783,1799,1.28 Grains,Ducal Black Beans Doy Pack - 11.16 oz,250.99,250.99,CATALOG_ACTIONABLE,catalog_control,sales_associated_with_review_candidate,250.99,associated_positive_net_sales,35,"Validate SKU/UPC, presentation, duplicate status and pack-size configuration before any merge.",56.481481481481474,57.592592592592595,medium,2,790
58,74,2. Restaurant,Tamal Mexicano  - Cerdo en Salsa Roja,1915.33,1906.81,REVENUE_REDUCTION,revenue_efficiency,confirmed_revenue_reduction_not_automatically_avoidable,8.519999999999982,gross_to_net_reduction,35,"Validate discount/refund authorization, business purpose and policy compliance.",56.470588235294116,57.588235294117645,medium,2,791
1998,2014,Uncategorized,Manual Transaction,0.0,-8.49,REVENUE_REDUCTION,revenue_efficiency,confirmed_revenue_reduction_not_automatically_avoidable,8.49,gross_to_net_reduction,35,"Validate discount/refund authorization, business purpose and policy compliance.",56.35294117647058,57.54117647058823,medium,2,792
896,912,1.25 Sweets & Candies,Dulce Especial,8.33,8.33,MISSING_PROFITABILITY,profitability_data_quality,sales_exposure_not_confirmed_loss,8.33,positive_net_sales_exposure,55,Load and validate COGS and Gross Profit; do not estimate loss until source cost is confirmed.,6.334841628959276,57.53393665158371,medium,2,793
1988,2004,Uncategorized,Manual Transaction,0.0,-1.0,MANUAL_NEGATIVE_ADJUSTMENT,manual_adjustment_control,negative_balance_requires_transaction_validation,1.0,absolute_negative_net_sales,50,"Trace the manual transaction to user, date, reason, approval and original sale.",18.75,57.5,medium,2,794
430,446,1.03 Beverages,Postobon Colombiana Glass 300ml Unit,1075.95,1067.55,REVENUE_REDUCTION,revenue_efficiency,confirmed_revenue_reduction_not_automatically_avoidable,8.400000000000091,gross_to_net_reduction,35,"Validate discount/refund authorization, business purpose and policy compliance.",56.23529411764706,57.49411764705883,medium,2,795
1507,1523,3.Coffee160,160 Mocha 12oz,462.47,454.12,REVENUE_REDUCTION,revenue_efficiency,confirmed_revenue_reduction_not_automatically_avoidable,8.350000000000023,gross_to_net_reduction,35,"Validate discount/refund authorization, business purpose and policy compliance.",56.11764705882353,57.44705882352941,medium,2,796
503,519,1.03 Beverages,Electrolit Suero Hidratante Coco 625g,298.86,290.62,REVENUE_REDUCTION,revenue_efficiency,confirmed_revenue_reduction_not_automatically_avoidable,8.240000000000009,gross_to_net_reduction,35,"Validate discount/refund authorization, business purpose and policy compliance.",56.00000000000001,57.400000000000006,medium,2,797
897,913,1.25 Sweets & Candies,Pelon Pelo Rico Tamarindo Mini 13 g x Unit,8.26,8.26,MISSING_PROFITABILITY,profitability_data_quality,sales_exposure_not_confirmed_loss,8.26,positive_net_sales_exposure,55,Load and validate COGS and Gross Profit; do not estimate loss until source cost is confirmed.,5.88235294117647,57.35294117647059,medium,2,798
101,117,2. Restaurant,Avocado Extra,202.64,194.44,REVENUE_REDUCTION,revenue_efficiency,confirmed_revenue_reduction_not_automatically_avoidable,8.199999999999989,gross_to_net_reduction,35,"Validate discount/refund authorization, business purpose and policy compliance.",55.88235294117647,57.35294117647059,medium,2,799
401,417,1.12 Frozen Products,Puro Verde sopa de verduras 400,15.98,7.98,REVENUE_REDUCTION,revenue_efficiency,confirmed_revenue_reduction_not_automatically_avoidable,8.0,gross_to_net_reduction,35,"Validate discount/refund authorization, business purpose and policy compliance.",55.76470588235294,57.305882352941175,medium,2,800
598,614,1.03 Beverages,Boing  Guava 349 ml x Unit,23.94,23.94,ZERO_COGS,profitability_data_quality,sales_exposure_not_confirmed_loss,23.94,positive_net_sales_exposure,55,"Confirm recipes, purchase cost or item cost mapping; zero COGS is not accepted as validated margin.",5.747126436781609,57.298850574712645,medium,2,801
982,998,1.05 Chips & Snacks,Don Pancho Mexican Style Chips 21oz,364.57,356.58,REVENUE_REDUCTION,revenue_efficiency,confirmed_revenue_reduction_not_automatically_avoidable,7.990000000000009,gross_to_net_reduction,35,"Validate discount/refund authorization, business purpose and policy compliance.",55.58823529411765,57.23529411764706,medium,2,802
1650,1666,1.09 Cookies & Crackers,Gamesa Chokis - 9.1 oz,417.1,409.11,REVENUE_REDUCTION,revenue_efficiency,confirmed_revenue_reduction_not_automatically_avoidable,7.990000000000009,gross_to_net_reduction,35,"Validate discount/refund authorization, business purpose and policy compliance.",55.58823529411765,57.23529411764706,medium,2,803
728,744,1.25 Sweets & Candies,De La Rosa Pulparindots Original UNIT,244.74,244.74,CATALOG_ACTIONABLE,catalog_control,sales_associated_with_review_candidate,244.74,associated_positive_net_sales,35,"Validate SKU/UPC, presentation, duplicate status and pack-size configuration before any merge.",55.55555555555556,57.22222222222222,medium,2,804
901,917,1.25 Sweets & Candies,Alpina Dulce de Leche arequipito x Unit,7.45,7.45,MISSING_PROFITABILITY,profitability_data_quality,sales_exposure_not_confirmed_loss,7.45,positive_net_sales_exposure,55,Load and validate COGS and Gross Profit; do not estimate loss until source cost is confirmed.,5.429864253393665,57.171945701357465,medium,2,805
1997,2013,Uncategorized,Manual Transaction,0.0,-7.99,REVENUE_REDUCTION,revenue_efficiency,confirmed_revenue_reduction_not_automatically_avoidable,7.99,gross_to_net_reduction,35,"Validate discount/refund authorization, business purpose and policy compliance.",55.41176470588235,57.16470588235294,medium,2,806
241,257,4.Bakery,160 LM Small Passionfruit Cheesecake,218.93,218.93,LOW_MARGIN,profitability_result,margin_review_not_confirmed_loss,218.93,associated_net_sales,35,Review price-cost relationship and whether discounts compressed the observed margin.,55.38461538461539,57.15384615384615,medium,2,807
1067,1083,1.26 Tortillas,Romero White Corn Tortilla KS 6.5'' 30ct / 40oz,2410.17,2402.19,REVENUE_REDUCTION,revenue_efficiency,confirmed_revenue_reduction_not_automatically_avoidable,7.980000000000018,gross_to_net_reduction,35,"Validate discount/refund authorization, business purpose and policy compliance.",55.294117647058826,57.11764705882353,medium,2,808
2028,2044,Bakery Frozen Products,160 Almojabana congelada x6,1133.19,1125.25,REVENUE_REDUCTION,revenue_efficiency,confirmed_revenue_reduction_not_automatically_avoidable,7.940000000000055,gross_to_net_reduction,35,"Validate discount/refund authorization, business purpose and policy compliance.",55.17647058823529,57.07058823529412,medium,2,809
784,800,1.25 Sweets & Candies,La Molienda Comalitos Peanut Patty  100g/ 3.5 oz,110.63,102.83,REVENUE_REDUCTION,revenue_efficiency,confirmed_revenue_reduction_not_automatically_avoidable,7.799999999999997,gross_to_net_reduction,35,"Validate discount/refund authorization, business purpose and policy compliance.",55.05882352941176,57.023529411764706,medium,2,810
2022,2038,1.16 Miscelanea,Cesta de Mimbre,5.99,5.99,MISSING_PROFITABILITY,profitability_data_quality,sales_exposure_not_confirmed_loss,5.99,positive_net_sales_exposure,55,Load and validate COGS and Gross Profit; do not estimate loss until source cost is confirmed.,4.97737556561086,56.990950226244344,medium,2,811
1302,1318,"1.06 Coffee, Cocoa, Panela, Butter",Luker Clavos y Canela Sin azucar 250 g,194.85,187.05,REVENUE_REDUCTION,revenue_efficiency,confirmed_revenue_reduction_not_automatically_avoidable,7.799999999999983,gross_to_net_reduction,35,"Validate discount/refund authorization, business purpose and policy compliance.",54.94117647058824,56.976470588235294,medium,2,812
308,324,1.12 Frozen Products,Fresh Bocado Passion Fruit 14 oz,2607.27,2599.58,REVENUE_REDUCTION,revenue_efficiency,confirmed_revenue_reduction_not_automatically_avoidable,7.690000000000055,gross_to_net_reduction,35,"Validate discount/refund authorization, business purpose and policy compliance.",54.8235294117647,56.92941176470588,medium,2,813
849,865,1.25 Sweets & Candies,De La Rosa Marshmallows 12oz,37.5,29.98,REVENUE_REDUCTION,revenue_efficiency,confirmed_revenue_reduction_not_automatically_avoidable,7.52,gross_to_net_reduction,35,"Validate discount/refund authorization, business purpose and policy compliance.",54.70588235294118,56.88235294117647,medium,2,814
994,1010,1.05 Chips & Snacks,Besitos  Calenos / Cassava Snack 30g T x6 PACK,239.84,239.84,CATALOG_ACTIONABLE,catalog_control,sales_associated_with_review_candidate,239.84,associated_positive_net_sales,35,"Validate SKU/UPC, presentation, duplicate status and pack-size configuration before any merge.",54.629629629629626,56.85185185185185,medium,2,815
131,147,2. Restaurant,Platano con Queso,10.5,8.75,ZERO_COGS,profitability_data_quality,sales_exposure_not_confirmed_loss,8.75,positive_net_sales_exposure,55,"Confirm recipes, purchase cost or item cost mapping; zero COGS is not accepted as validated margin.",4.597701149425287,56.839080459770116,medium,2,816
275,291,4.Bakery,Tarta Pasta Frola de Membrillo Display 1248 g UNIT,49.9,42.4,REVENUE_REDUCTION,revenue_efficiency,confirmed_revenue_reduction_not_automatically_avoidable,7.5,gross_to_net_reduction,35,"Validate discount/refund authorization, business purpose and policy compliance.",54.58823529411765,56.83529411764706,medium,2,817
288,304,4.Bakery,160 Choripan,4.99,4.99,MISSING_PROFITABILITY,profitability_data_quality,sales_exposure_not_confirmed_loss,4.99,positive_net_sales_exposure,55,Load and validate COGS and Gross Profit; do not estimate loss until source cost is confirmed.,4.524886877828054,56.80995475113122,medium,2,818
471,487,1.03 Beverages,Postobon Kola Champagne Colombiana CAN - 10.5 oz UNIT,474.16,466.7,REVENUE_REDUCTION,revenue_efficiency,confirmed_revenue_reduction_not_automatically_avoidable,7.460000000000036,gross_to_net_reduction,35,"Validate discount/refund authorization, business purpose and policy compliance.",54.470588235294116,56.78823529411765,medium,2,819
461,477,1.03 Beverages,Postobon Apple Can - 10.5 Oz UNIT,537.31,529.93,REVENUE_REDUCTION,revenue_efficiency,confirmed_revenue_reduction_not_automatically_avoidable,7.3799999999999955,gross_to_net_reduction,35,"Validate discount/refund authorization, business purpose and policy compliance.",54.352941176470594,56.741176470588236,medium,2,820
1813,1829,1.02 Beans,Isadora Refried Black Beans 15.2oz,1737.63,1730.44,REVENUE_REDUCTION,revenue_efficiency,confirmed_revenue_reduction_not_automatically_avoidable,7.190000000000055,gross_to_net_reduction,35,"Validate discount/refund authorization, business purpose and policy compliance.",54.23529411764706,56.694117647058825,medium,2,821
1129,1145,1.23 Sauces,Herdez Guacamole Sauce 15.7oz,3046.29,3039.17,REVENUE_REDUCTION,revenue_efficiency,confirmed_revenue_reduction_not_automatically_avoidable,7.119999999999891,gross_to_net_reduction,35,"Validate discount/refund authorization, business purpose and policy compliance.",54.11764705882353,56.647058823529406,medium,2,822
1541,1557,3.Coffee160,Natural Lemonade,5.49,4.94,MISSING_PROFITABILITY,profitability_data_quality,sales_exposure_not_confirmed_loss,4.94,positive_net_sales_exposure,55,Load and validate COGS and Gross Profit; do not estimate loss until source cost is confirmed.,4.072398190045249,56.6289592760181,medium,2,823
120,136,2. Restaurant,Empanada Cheese and Potato 15 pck,47.97,40.97,REVENUE_REDUCTION,revenue_efficiency,confirmed_revenue_reduction_not_automatically_avoidable,7.0,gross_to_net_reduction,35,"Validate discount/refund authorization, business purpose and policy compliance.",54.0,56.6,medium,2,824
89,105,2. Restaurant,Bofe & Arepa,391.72,384.73,REVENUE_REDUCTION,revenue_efficiency,confirmed_revenue_reduction_not_automatically_avoidable,6.990000000000009,gross_to_net_reduction,35,"Validate discount/refund authorization, business purpose and policy compliance.",53.88235294117647,56.55294117647059,medium,2,825
1520,1536,3.Coffee160,160 Dark Roast Beans 300g whole,209.86,209.86,LOW_MARGIN,profitability_result,margin_review_not_confirmed_loss,209.86,associated_net_sales,35,Review price-cost relationship and whether discounts compressed the observed margin.,53.84615384615385,56.53846153846153,medium,2,826
1054,1070,1.05 Chips & Snacks,M. Lycha Rosquilla de Maiz 5.6 oz,6.99,0.0,REVENUE_REDUCTION,revenue_efficiency,confirmed_revenue_reduction_not_automatically_avoidable,6.99,gross_to_net_reduction,35,"Validate discount/refund authorization, business purpose and policy compliance.",53.70588235294118,56.48235294117647,medium,2,827
1996,2012,Uncategorized,Manual Transaction,0.0,-6.99,REVENUE_REDUCTION,revenue_efficiency,confirmed_revenue_reduction_not_automatically_avoidable,6.99,gross_to_net_reduction,35,"Validate discount/refund authorization, business purpose and policy compliance.",53.70588235294118,56.48235294117647,medium,2,828
1704,1720,1.19 Peppers,Chile Pasilla Negro 150g,239.76,239.76,CATALOG_ACTIONABLE,catalog_control,sales_associated_with_review_candidate,239.76,associated_positive_net_sales,35,"Validate SKU/UPC, presentation, duplicate status and pack-size configuration before any merge.",53.70370370370371,56.48148148148148,medium,2,829
907,923,1.25 Sweets & Candies,Duvalin Fresa Vainilla Duvalin Fresa Vainilla unid,4.5,4.5,MISSING_PROFITABILITY,profitability_data_quality,sales_exposure_not_confirmed_loss,4.5,positive_net_sales_exposure,55,Load and validate COGS and Gross Profit; do not estimate loss until source cost is confirmed.,3.619909502262444,56.44796380090498,medium,2,830
1225,1241,1.23 Sauces,Botanera Classic Sauce 1 LT,97.86,90.87,REVENUE_REDUCTION,revenue_efficiency,confirmed_revenue_reduction_not_automatically_avoidable,6.989999999999995,gross_to_net_reduction,35,"Validate discount/refund authorization, business purpose and policy compliance.",53.529411764705884,56.41176470588235,medium,2,831
135,151,2. Restaurant,Aquafina Water 500ml,4.98,4.98,ZERO_COGS,profitability_data_quality,sales_exposure_not_confirmed_loss,4.98,positive_net_sales_exposure,55,"Confirm recipes, purchase cost or item cost mapping; zero COGS is not accepted as validated margin.",3.4482758620689653,56.37931034482759,medium,2,832
701,717,1.25 Sweets & Candies,De La Rosa Pulparindo Squeeze Tamarindo 300 Grs / 10.5oz,377.37,370.47,REVENUE_REDUCTION,revenue_efficiency,confirmed_revenue_reduction_not_automatically_avoidable,6.899999999999977,gross_to_net_reduction,35,"Validate discount/refund authorization, business purpose and policy compliance.",53.41176470588235,56.364705882352936,medium,2,833
96,112,2. Restaurant,Fresh Bocado Empanada Coctelera Papa y Queso 15pack,237.86,231.06,REVENUE_REDUCTION,revenue_efficiency,confirmed_revenue_reduction_not_automatically_avoidable,6.800000000000011,gross_to_net_reduction,35,"Validate discount/refund authorization, business purpose and policy compliance.",53.294117647058826,56.31764705882353,medium,2,834
1995,2011,Uncategorized,Manual Transaction,0.0,-6.79,REVENUE_REDUCTION,revenue_efficiency,confirmed_revenue_reduction_not_automatically_avoidable,6.79,gross_to_net_reduction,35,"Validate discount/refund authorization, business purpose and policy compliance.",53.17647058823529,56.27058823529411,medium,2,835
1519,1535,3.Coffee160,160 Herbal Tea 12oz,224.87,218.08,REVENUE_REDUCTION,revenue_efficiency,confirmed_revenue_reduction_not_automatically_avoidable,6.789999999999992,gross_to_net_reduction,35,"Validate discount/refund authorization, business purpose and policy compliance.",53.05882352941177,56.22352941176471,medium,2,836
136,152,2. Restaurant,Postobon Manzana - Apple Soda 10oz Kiosk,2.99,2.99,MISSING_PROFITABILITY,profitability_data_quality,sales_exposure_not_confirmed_loss,2.99,positive_net_sales_exposure,55,Load and validate COGS and Gross Profit; do not estimate loss until source cost is confirmed.,2.941176470588235,56.1764705882353,medium,2,837
289,305,4.Bakery,Pan Dulce/ Sweet Bread,2.99,2.99,MISSING_PROFITABILITY,profitability_data_quality,sales_exposure_not_confirmed_loss,2.99,positive_net_sales_exposure,55,Load and validate COGS and Gross Profit; do not estimate loss until source cost is confirmed.,2.941176470588235,56.1764705882353,medium,2,838
1717,1733,1.14 Herbal Teas,Yerba Mate Canarias - 1 Kg,728.73,721.98,REVENUE_REDUCTION,revenue_efficiency,confirmed_revenue_reduction_not_automatically_avoidable,6.75,gross_to_net_reduction,35,"Validate discount/refund authorization, business purpose and policy compliance.",52.94117647058824,56.17647058823529,medium,2,839
1832,1848,1.02 Beans,Iberia Roman Cranberry Cargamanto Beans,211.03,204.29,REVENUE_REDUCTION,revenue_efficiency,confirmed_revenue_reduction_not_automatically_avoidable,6.740000000000009,gross_to_net_reduction,35,"Validate discount/refund authorization, business purpose and policy compliance.",52.8235294117647,56.12941176470588,medium,2,840
1599,1615,1.13 Flours,Maizena Atole Sabor vainilla 47 g / 1.5oz,234.33,234.11,CATALOG_ACTIONABLE,catalog_control,sales_associated_with_review_candidate,234.11,associated_positive_net_sales,35,"Validate SKU/UPC, presentation, duplicate status and pack-size configuration before any merge.",52.77777777777778,56.111111111111114,medium,2,841
211,227,4.Bakery,160 Argentine Chicken Empanada,1182.63,1175.95,REVENUE_REDUCTION,revenue_efficiency,confirmed_revenue_reduction_not_automatically_avoidable,6.680000000000064,gross_to_net_reduction,35,"Validate discount/refund authorization, business purpose and policy compliance.",52.70588235294118,56.082352941176474,medium,2,842
410,426,1.03 Beverages,Pony Malta 11.12 oz / 330 ml Pony Malta unit,2469.74,2463.14,REVENUE_REDUCTION,revenue_efficiency,confirmed_revenue_reduction_not_automatically_avoidable,6.599999999999909,gross_to_net_reduction,35,"Validate discount/refund authorization, business purpose and policy compliance.",52.52941176470588,56.01176470588236,medium,2,843
416,432,1.03 Beverages,Postobon Colombiana Glass 300ml Case,1836.0,1829.4,REVENUE_REDUCTION,revenue_efficiency,confirmed_revenue_reduction_not_automatically_avoidable,6.599999999999909,gross_to_net_reduction,35,"Validate discount/refund authorization, business purpose and policy compliance.",52.52941176470588,56.01176470588236,medium,2,844
1592,1608,1.13 Flours,Maizena Natilla Arequipe 300 gr,342.68,336.09,REVENUE_REDUCTION,revenue_efficiency,confirmed_revenue_reduction_not_automatically_avoidable,6.590000000000032,gross_to_net_reduction,35,"Validate discount/refund authorization, business purpose and policy compliance.",52.352941176470594,55.94117647058823,medium,2,845
742,758,1.25 Sweets & Candies,Ramo Cake Extrafino - 600 Gr,298.87,195.37,LOW_MARGIN,profitability_result,margin_review_not_confirmed_loss,195.37,associated_net_sales,35,Review price-cost relationship and whether discounts compressed the observed margin.,52.307692307692314,55.92307692307692,medium,2,846
1542,1558,3.Coffee160,160 Hot Milk,3.96,3.96,ZERO_COGS,profitability_data_quality,sales_exposure_not_confirmed_loss,3.96,positive_net_sales_exposure,55,"Confirm recipes, purchase cost or item cost mapping; zero COGS is not accepted as validated margin.",2.2988505747126435,55.91954022988506,medium,2,847
1582,1598,1.13 Flours,La FE Powder Mix Pan de Bono 400g,473.21,466.62,REVENUE_REDUCTION,revenue_efficiency,confirmed_revenue_reduction_not_automatically_avoidable,6.589999999999975,gross_to_net_reduction,35,"Validate discount/refund authorization, business purpose and policy compliance.",52.23529411764706,55.89411764705882,medium,2,848
64,80,2. Restaurant,Unimarket Pico de Gallo Salsa 8 oz,1509.48,1502.91,REVENUE_REDUCTION,revenue_efficiency,confirmed_revenue_reduction_not_automatically_avoidable,6.569999999999936,gross_to_net_reduction,35,"Validate discount/refund authorization, business purpose and policy compliance.",52.11764705882352,55.84705882352941,medium,2,849
615,631,1.03 Beverages,Jumex Guava Nectar 11.3oz x Unit,1.99,1.99,MISSING_PROFITABILITY,profitability_data_quality,sales_exposure_not_confirmed_loss,1.99,positive_net_sales_exposure,55,Load and validate COGS and Gross Profit; do not estimate loss until source cost is confirmed.,2.0361990950226243,55.81447963800905,medium,2,850
1927,1943,1.11 Fresh Products,Elote Mexicano Fresco UNIT,1.99,1.99,MISSING_PROFITABILITY,profitability_data_quality,sales_exposure_not_confirmed_loss,1.99,positive_net_sales_exposure,55,Load and validate COGS and Gross Profit; do not estimate loss until source cost is confirmed.,2.0361990950226243,55.81447963800905,medium,2,851
677,693,1.25 Sweets & Candies,Su Sabor Bocadillo de Guayaba Combinado 500g,480.43,473.93,REVENUE_REDUCTION,revenue_efficiency,confirmed_revenue_reduction_not_automatically_avoidable,6.5,gross_to_net_reduction,35,"Validate discount/refund authorization, business purpose and policy compliance.",52.0,55.8,medium,2,852
1772,1788,1.28 Grains,Frijol Negro UMS 2LB,337.48,330.99,REVENUE_REDUCTION,revenue_efficiency,confirmed_revenue_reduction_not_automatically_avoidable,6.490000000000009,gross_to_net_reduction,35,"Validate discount/refund authorization, business purpose and policy compliance.",51.88235294117647,55.752941176470586,medium,2,853
1660,1676,1.09 Cookies & Crackers,Nestle Susy 4 Pack 200g / 7.04 oz X4,223.72,223.72,CATALOG_ACTIONABLE,catalog_control,sales_associated_with_review_candidate,223.72,associated_positive_net_sales,35,"Validate SKU/UPC, presentation, duplicate status and pack-size configuration before any merge.",51.85185185185185,55.74074074074074,medium,2,854
2032,2048,Bakery Frozen Products,Choco Torta Argentina Unidad,76.5,70.12,REVENUE_REDUCTION,revenue_efficiency,confirmed_revenue_reduction_not_automatically_avoidable,6.3799999999999955,gross_to_net_reduction,35,"Validate discount/refund authorization, business purpose and policy compliance.",51.76470588235295,55.705882352941174,medium,2,855
274,290,4.Bakery,160 Tarta de coco y dulce de leche unidad,49.9,43.65,REVENUE_REDUCTION,revenue_efficiency,confirmed_revenue_reduction_not_automatically_avoidable,6.25,gross_to_net_reduction,35,"Validate discount/refund authorization, business purpose and policy compliance.",51.588235294117645,55.63529411764706,medium,2,856
546,562,1.03 Beverages,Cuzcatlan Cola Champagne 12oz UNIT,131.97,125.72,REVENUE_REDUCTION,revenue_efficiency,confirmed_revenue_reduction_not_automatically_avoidable,6.25,gross_to_net_reduction,35,"Validate discount/refund authorization, business purpose and policy compliance.",51.588235294117645,55.63529411764706,medium,2,857
1460,1476,1.04 Can Products,La Costeña Whole Jalapeño 200 ml - 7oz,265.7,259.52,REVENUE_REDUCTION,revenue_efficiency,confirmed_revenue_reduction_not_automatically_avoidable,6.180000000000007,gross_to_net_reduction,35,"Validate discount/refund authorization, business purpose and policy compliance.",51.411764705882355,55.56470588235294,medium,2,858
1686,1702,1.09 Cookies & Crackers,Marinela Barritas Fresa 14.18oz/ 402g unit,0.99,0.99,MISSING_PROFITABILITY,profitability_data_quality,sales_exposure_not_confirmed_loss,0.99,positive_net_sales_exposure,55,Load and validate COGS and Gross Profit; do not estimate loss until source cost is confirmed.,1.3574660633484164,55.542986425339365,medium,2,859
342,358,1.12 Frozen Products,Fresh Bocado Blackberry Pulp 14oz,632.25,626.21,REVENUE_REDUCTION,revenue_efficiency,confirmed_revenue_reduction_not_automatically_avoidable,6.039999999999964,gross_to_net_reduction,35,"Validate discount/refund authorization, business purpose and policy compliance.",51.294117647058826,55.51764705882353,medium,2,860
99,115,2. Restaurant,Burridog & Fries,203.83,197.83,REVENUE_REDUCTION,revenue_efficiency,confirmed_revenue_reduction_not_automatically_avoidable,6.0,gross_to_net_reduction,35,"Validate discount/refund authorization, business purpose and policy compliance.",51.17647058823529,55.470588235294116,medium,2,861
1543,1559,3.Coffee160,Vaso Desechable Cafe,0.25,0.25,ZERO_COGS,profitability_data_quality,sales_exposure_not_confirmed_loss,0.25,positive_net_sales_exposure,55,"Confirm recipes, purchase cost or item cost mapping; zero COGS is not accepted as validated margin.",1.1494252873563218,55.45977011494253,medium,2,862
354,370,1.12 Frozen Products,Fresh Bocado Soursop Chunks pulp 14oz,401.33,395.34,REVENUE_REDUCTION,revenue_efficiency,confirmed_revenue_reduction_not_automatically_avoidable,5.990000000000009,gross_to_net_reduction,35,"Validate discount/refund authorization, business purpose and policy compliance.",51.05882352941177,55.423529411764704,medium,2,863
1636,1652,1.09 Cookies & Crackers,Noel Festival Strawberry 403g,1045.62,1039.63,REVENUE_REDUCTION,revenue_efficiency,confirmed_revenue_reduction_not_automatically_avoidable,5.989999999999782,gross_to_net_reduction,35,"Validate discount/refund authorization, business purpose and policy compliance.",50.94117647058823,55.37647058823529,medium,2,864
734,750,1.25 Sweets & Candies,De la Rosa Pulparindo Sandia 10 oz/ 280g BOX,223.68,223.68,CATALOG_ACTIONABLE,catalog_control,sales_associated_with_review_candidate,223.68,associated_positive_net_sales,35,"Validate SKU/UPC, presentation, duplicate status and pack-size configuration before any merge.",50.92592592592593,55.370370370370374,medium,2,865
910,926,1.25 Sweets & Candies,De La Rosa Pulparindo Extra Spicy 280g / 10oz unit,0.98,0.98,MISSING_PROFITABILITY,profitability_data_quality,sales_exposure_not_confirmed_loss,0.98,positive_net_sales_exposure,55,Load and validate COGS and Gross Profit; do not estimate loss until source cost is confirmed.,0.904977375565611,55.36199095022624,medium,2,866
80,96,2. Restaurant,Frijoles Refritos - Refried Beans,694.26,688.28,REVENUE_REDUCTION,revenue_efficiency,confirmed_revenue_reduction_not_automatically_avoidable,5.980000000000018,gross_to_net_reduction,35,"Validate discount/refund authorization, business purpose and policy compliance.",50.8235294117647,55.32941176470588,medium,2,867
1202,1218,1.23 Sauces,Fritz Corn Sauce 240g,251.76,188.76,LOW_MARGIN,profitability_result,margin_review_not_confirmed_loss,188.76,associated_net_sales,35,Review price-cost relationship and whether discounts compressed the observed margin.,50.76923076923077,55.30769230769231,medium,2,868
203,219,4.Bakery,160 Pasabocas Pastel Guayaba,1317.25,1311.47,REVENUE_REDUCTION,revenue_efficiency,confirmed_revenue_reduction_not_automatically_avoidable,5.779999999999973,gross_to_net_reduction,35,"Validate discount/refund authorization, business purpose and policy compliance.",50.70588235294118,55.28235294117647,medium,2,869
625,641,1.25 Sweets & Candies,Ramo Cake Chocorramo 5pack,1999.26,1993.51,REVENUE_REDUCTION,revenue_efficiency,confirmed_revenue_reduction_not_automatically_avoidable,5.75,gross_to_net_reduction,35,"Validate discount/refund authorization, business purpose and policy compliance.",50.588235294117645,55.23529411764706,medium,2,870
1068,1084,1.26 Tortillas,"Don Pancho Street Tacos Flour Tortilla 5"" 11.85oz",1859.78,1854.09,REVENUE_REDUCTION,revenue_efficiency,confirmed_revenue_reduction_not_automatically_avoidable,5.690000000000055,gross_to_net_reduction,35,"Validate discount/refund authorization, business purpose and policy compliance.",50.47058823529412,55.188235294117646,medium,2,871
911,927,1.25 Sweets & Candies,De la Rosa Pulparindo Sandia 10 oz/ 280g unit,0.49,0.49,MISSING_PROFITABILITY,profitability_data_quality,sales_exposure_not_confirmed_loss,0.49,positive_net_sales_exposure,55,Load and validate COGS and Gross Profit; do not estimate loss until source cost is confirmed.,0.4524886877828055,55.18099547511312,medium,2,872
936,952,1.05 Chips & Snacks,Sabritas Crujiente Flamint Hot 100 g,974.78,969.18,REVENUE_REDUCTION,revenue_efficiency,confirmed_revenue_reduction_not_automatically_avoidable,5.600000000000023,gross_to_net_reduction,35,"Validate discount/refund authorization, business purpose and policy compliance.",50.35294117647059,55.141176470588235,medium,2,873
1843,1859,1.02 Beans,Herdez Refried Black Beans 454g,11.18,5.58,REVENUE_REDUCTION,revenue_efficiency,confirmed_revenue_reduction_not_automatically_avoidable,5.6,gross_to_net_reduction,35,"Validate discount/refund authorization, business purpose and policy compliance.",50.23529411764706,55.09411764705882,medium,2,874
1643,1659,1.09 Cookies & Crackers,Noel Festival Coconut Cookies 12 pack / 403 g,661.08,655.49,REVENUE_REDUCTION,revenue_efficiency,confirmed_revenue_reduction_not_automatically_avoidable,5.590000000000032,gross_to_net_reduction,35,"Validate discount/refund authorization, business purpose and policy compliance.",50.117647058823536,55.04705882352941,medium,2,875
514,530,1.03 Beverages,Topo Chico Tangerine Ginger - Can - 12 Oz 8 PACK,204.75,204.75,CATALOG_ACTIONABLE,catalog_control,sales_associated_with_review_candidate,204.75,associated_positive_net_sales,35,"Validate SKU/UPC, presentation, duplicate status and pack-size configuration before any merge.",50.0,55.0,medium,2,876
441,457,1.03 Beverages,Jarritos Mandarina 12.5oz UNIT,744.51,738.95,REVENUE_REDUCTION,revenue_efficiency,confirmed_revenue_reduction_not_automatically_avoidable,5.559999999999945,gross_to_net_reduction,35,"Validate discount/refund authorization, business purpose and policy compliance.",50.0,55.0,medium,2,877
1987,2003,Uncategorized,Manual Transaction,0.0,-0.7,MANUAL_NEGATIVE_ADJUSTMENT,manual_adjustment_control,negative_balance_requires_transaction_validation,0.7,absolute_negative_net_sales,50,"Trace the manual transaction to user, date, reason, approval and original sale.",12.5,55.0,medium,2,878
1510,1526,3.Coffee160,Passion Fruit Milkshake,365.7,360.18,REVENUE_REDUCTION,revenue_efficiency,confirmed_revenue_reduction_not_automatically_avoidable,5.519999999999982,gross_to_net_reduction,35,"Validate discount/refund authorization, business purpose and policy compliance.",49.8235294117647,54.92941176470588,medium,2,879
1517,1533,3.Coffee160,Cookies & Cream Milkshake,262.2,256.68,REVENUE_REDUCTION,revenue_efficiency,confirmed_revenue_reduction_not_automatically_avoidable,5.519999999999982,gross_to_net_reduction,35,"Validate discount/refund authorization, business purpose and policy compliance.",49.8235294117647,54.92941176470588,medium,2,880
194,210,4.Bakery,160 Argentine Gourmet Empanada,1631.73,1626.23,REVENUE_REDUCTION,revenue_efficiency,confirmed_revenue_reduction_not_automatically_avoidable,5.5,gross_to_net_reduction,35,"Validate discount/refund authorization, business purpose and policy compliance.",49.58823529411765,54.83529411764706,medium,2,881
1823,1839,1.02 Beans,Ducal Frijol Rojo Refrito 29oz,538.51,533.01,REVENUE_REDUCTION,revenue_efficiency,confirmed_revenue_reduction_not_automatically_avoidable,5.5,gross_to_net_reduction,35,"Validate discount/refund authorization, business purpose and policy compliance.",49.58823529411765,54.83529411764706,medium,2,882
1610,1626,1.13 Flours,Pinduca Farofa Calabresa 250 g,81.59,76.19,REVENUE_REDUCTION,revenue_efficiency,confirmed_revenue_reduction_not_automatically_avoidable,5.400000000000006,gross_to_net_reduction,35,"Validate discount/refund authorization, business purpose and policy compliance.",49.35294117647059,54.741176470588236,medium,2,883
1735,1751,1.14 Herbal Teas,CBSE Yerba Mate Lemon 500g,152.83,147.43,REVENUE_REDUCTION,revenue_efficiency,confirmed_revenue_reduction_not_automatically_avoidable,5.400000000000006,gross_to_net_reduction,35,"Validate discount/refund authorization, business purpose and policy compliance.",49.35294117647059,54.741176470588236,medium,2,884
244,260,4.Bakery,160 LM Medium Passion Fruit Cheesecake,164.95,164.95,LOW_MARGIN,profitability_result,margin_review_not_confirmed_loss,164.95,associated_net_sales,35,Review price-cost relationship and whether discounts compressed the observed margin.,49.23076923076923,54.69230769230769,medium,2,885
1722,1738,1.14 Herbal Teas,CBSe Mate Guarana 500g,377.58,372.18,REVENUE_REDUCTION,revenue_efficiency,confirmed_revenue_reduction_not_automatically_avoidable,5.399999999999977,gross_to_net_reduction,35,"Validate discount/refund authorization, business purpose and policy compliance.",49.1764705882353,54.67058823529412,medium,2,886
516,532,1.03 Beverages,Fanta Fresa 355 ML / 16.91oz UNIT,203.49,203.49,CATALOG_ACTIONABLE,catalog_control,sales_associated_with_review_candidate,203.49,associated_positive_net_sales,35,"Validate SKU/UPC, presentation, duplicate status and pack-size configuration before any merge.",49.074074074074076,54.62962962962963,medium,2,887
1632,1648,1.09 Cookies & Crackers,Nestle Cocosette  8pack X8 PACK,3395.91,3390.51,REVENUE_REDUCTION,revenue_efficiency,confirmed_revenue_reduction_not_automatically_avoidable,5.399999999999636,gross_to_net_reduction,35,"Validate discount/refund authorization, business purpose and policy compliance.",49.05882352941177,54.62352941176471,medium,2,888
451,467,1.03 Beverages,Coca Cola Mexicana  - T  - 355 ML,628.6,623.21,REVENUE_REDUCTION,revenue_efficiency,confirmed_revenue_reduction_not_automatically_avoidable,5.389999999999986,gross_to_net_reduction,35,"Validate discount/refund authorization, business purpose and policy compliance.",48.94117647058824,54.576470588235296,medium,2,889
107,123,2. Restaurant,Mini Arepa Cocina,153.0,147.75,REVENUE_REDUCTION,revenue_efficiency,confirmed_revenue_reduction_not_automatically_avoidable,5.25,gross_to_net_reduction,35,"Validate discount/refund authorization, business purpose and policy compliance.",48.58823529411765,54.43529411764706,medium,2,890
202,218,4.Bakery,160 Venezuelan Pastelitos Papa y Queso,1326.5,1321.25,REVENUE_REDUCTION,revenue_efficiency,confirmed_revenue_reduction_not_automatically_avoidable,5.25,gross_to_net_reduction,35,"Validate discount/refund authorization, business purpose and policy compliance.",48.58823529411765,54.43529411764706,medium,2,891
357,373,1.12 Frozen Products,Jack's Food Choclo desgranado Frozen 1lb,377.64,372.39,REVENUE_REDUCTION,revenue_efficiency,confirmed_revenue_reduction_not_automatically_avoidable,5.25,gross_to_net_reduction,35,"Validate discount/refund authorization, business purpose and policy compliance.",48.58823529411765,54.43529411764706,medium,2,892
638,654,1.25 Sweets & Candies,Ramo Chocoramo Esquinas 8/200G,1011.15,1005.9,REVENUE_REDUCTION,revenue_efficiency,confirmed_revenue_reduction_not_automatically_avoidable,5.25,gross_to_net_reduction,35,"Validate discount/refund authorization, business purpose and policy compliance.",48.58823529411765,54.43529411764706,medium,2,893
1615,1631,1.13 Flours,Pinduca Farofa Bacon 250g,44.85,39.6,REVENUE_REDUCTION,revenue_efficiency,confirmed_revenue_reduction_not_automatically_avoidable,5.25,gross_to_net_reduction,35,"Validate discount/refund authorization, business purpose and policy compliance.",48.58823529411765,54.43529411764706,medium,2,894
1501,1517,3.Coffee160,160 Cortado Coffee,853.86,848.66,REVENUE_REDUCTION,revenue_efficiency,confirmed_revenue_reduction_not_automatically_avoidable,5.2000000000000455,gross_to_net_reduction,35,"Validate discount/refund authorization, business purpose and policy compliance.",48.23529411764706,54.294117647058826,medium,2,895
1004,1020,1.05 Chips & Snacks,Sabritas Fritos Chile-Limon 170g .,194.01,194.01,CATALOG_ACTIONABLE,catalog_control,sales_associated_with_review_candidate,194.01,associated_positive_net_sales,35,"Validate SKU/UPC, presentation, duplicate status and pack-size configuration before any merge.",48.148148148148145,54.25925925925926,medium,2,896
463,479,1.03 Beverages,Hit Lulo 8 oz UNIT,523.37,518.18,REVENUE_REDUCTION,revenue_efficiency,confirmed_revenue_reduction_not_automatically_avoidable,5.190000000000055,gross_to_net_reduction,35,"Validate discount/refund authorization, business purpose and policy compliance.",48.11764705882353,54.247058823529414,medium,2,897
1921,1937,1.11 Fresh Products,Chile Poblano/Poblano Pepper Kg,1770.3,1765.14,REVENUE_REDUCTION,revenue_efficiency,confirmed_revenue_reduction_not_automatically_avoidable,5.1599999999998545,gross_to_net_reduction,35,"Validate discount/refund authorization, business purpose and policy compliance.",48.0,54.2,medium,2,898
452,468,1.03 Beverages,Jarritos Pina 12.5oz x Unit,601.32,596.18,REVENUE_REDUCTION,revenue_efficiency,confirmed_revenue_reduction_not_automatically_avoidable,5.1400000000001,gross_to_net_reduction,35,"Validate discount/refund authorization, business purpose and policy compliance.",47.88235294117647,54.15294117647059,medium,2,899
1449,1465,1.04 Can Products,Carey Tomate Molido 2.8 kg,424.75,419.65,REVENUE_REDUCTION,revenue_efficiency,confirmed_revenue_reduction_not_automatically_avoidable,5.100000000000023,gross_to_net_reduction,35,"Validate discount/refund authorization, business purpose and policy compliance.",47.705882352941174,54.08235294117647,medium,2,900
1509,1525,3.Coffee160,160 Cafe Regular 12oz,391.69,386.59,REVENUE_REDUCTION,revenue_efficiency,confirmed_revenue_reduction_not_automatically_avoidable,5.100000000000023,gross_to_net_reduction,35,"Validate discount/refund authorization, business purpose and policy compliance.",47.705882352941174,54.08235294117647,medium,2,901
536,552,1.03 Beverages,Frescolita Lata -  330 ml X6,207.87,159.9,LOW_MARGIN,profitability_result,margin_review_not_confirmed_loss,159.9,associated_net_sales,35,Review price-cost relationship and whether discounts compressed the observed margin.,47.69230769230769,54.07692307692308,medium,2,902
69,85,2. Restaurant,Combo Chips & Salsa,1091.35,1086.26,REVENUE_REDUCTION,revenue_efficiency,confirmed_revenue_reduction_not_automatically_avoidable,5.089999999999918,gross_to_net_reduction,35,"Validate discount/refund authorization, business purpose and policy compliance.",47.529411764705884,54.01176470588236,medium,2,903
1005,1021,1.05 Chips & Snacks,Totis Donita Con Chile y Limon 24 / 50 Gr,194.35,193.78,CATALOG_ACTIONABLE,catalog_control,sales_associated_with_review_candidate,193.78,associated_positive_net_sales,35,"Validate SKU/UPC, presentation, duplicate status and pack-size configuration before any merge.",47.22222222222222,53.888888888888886,medium,2,904
201,217,4.Bakery,160 Tequeno Unidad,1336.5,1331.5,REVENUE_REDUCTION,revenue_efficiency,confirmed_revenue_reduction_not_automatically_avoidable,5.0,gross_to_net_reduction,35,"Validate discount/refund authorization, business purpose and policy compliance.",47.05882352941176,53.8235294117647,medium,2,905
306,322,1.12 Frozen Products,Arepaisano Arepas Queso Delgadas x 5,2664.4,2659.4,REVENUE_REDUCTION,revenue_efficiency,confirmed_revenue_reduction_not_automatically_avoidable,5.0,gross_to_net_reduction,35,"Validate discount/refund authorization, business purpose and policy compliance.",47.05882352941176,53.8235294117647,medium,2,906
499,515,1.03 Beverages,Goya Agua de Coco 17oz,304.39,299.39,REVENUE_REDUCTION,revenue_efficiency,confirmed_revenue_reduction_not_automatically_avoidable,5.0,gross_to_net_reduction,35,"Validate discount/refund authorization, business purpose and policy compliance.",47.05882352941176,53.8235294117647,medium,2,907
500,516,1.03 Beverages,Jarritos Fruit Punch 12.5oz x Unit,302.91,297.91,REVENUE_REDUCTION,revenue_efficiency,confirmed_revenue_reduction_not_automatically_avoidable,5.0,gross_to_net_reduction,35,"Validate discount/refund authorization, business purpose and policy compliance.",47.05882352941176,53.8235294117647,medium,2,908
1427,1443,1.04 Can Products,Las Palmas Enchilada Roja Mild 28oz,1288.71,1283.71,REVENUE_REDUCTION,revenue_efficiency,confirmed_revenue_reduction_not_automatically_avoidable,5.0,gross_to_net_reduction,35,"Validate discount/refund authorization, business purpose and policy compliance.",47.05882352941176,53.8235294117647,medium,2,909
1428,1444,1.04 Can Products,Las Palmas Enchilada Verde 28oz,1238.76,1233.76,REVENUE_REDUCTION,revenue_efficiency,confirmed_revenue_reduction_not_automatically_avoidable,5.0,gross_to_net_reduction,35,"Validate discount/refund authorization, business purpose and policy compliance.",47.05882352941176,53.8235294117647,medium,2,910
1705,1721,1.19 Peppers,Chile de Arbol 150 gr,219.78,214.78,REVENUE_REDUCTION,revenue_efficiency,confirmed_revenue_reduction_not_automatically_avoidable,5.0,gross_to_net_reduction,35,"Validate discount/refund authorization, business purpose and policy compliance.",47.05882352941176,53.8235294117647,medium,2,911
84,100,2. Restaurant,Coca-Cola - Kiosk,557.64,552.65,REVENUE_REDUCTION,revenue_efficiency,confirmed_revenue_reduction_not_automatically_avoidable,4.990000000000009,gross_to_net_reduction,35,"Validate discount/refund authorization, business purpose and policy compliance.",46.35294117647059,53.54117647058823,medium,2,912
439,455,1.03 Beverages,Squirt soda 355ml UNIT,808.38,803.39,REVENUE_REDUCTION,revenue_efficiency,confirmed_revenue_reduction_not_automatically_avoidable,4.990000000000009,gross_to_net_reduction,35,"Validate discount/refund authorization, business purpose and policy compliance.",46.35294117647059,53.54117647058823,medium,2,913
723,739,1.25 Sweets & Candies,De la Rosa Mazapan 11.8 oz BOX,259.74,254.75,REVENUE_REDUCTION,revenue_efficiency,confirmed_revenue_reduction_not_automatically_avoidable,4.990000000000009,gross_to_net_reduction,35,"Validate discount/refund authorization, business purpose and policy compliance.",46.35294117647059,53.54117647058823,medium,2,914
751,767,1.25 Sweets & Candies,La Molienda Milk Candy Bar 110g/ 3.9 oz,184.63,179.64,REVENUE_REDUCTION,revenue_efficiency,confirmed_revenue_reduction_not_automatically_avoidable,4.990000000000009,gross_to_net_reduction,35,"Validate discount/refund authorization, business purpose and policy compliance.",46.35294117647059,53.54117647058823,medium,2,915
1580,1596,1.13 Flours,La FE Powder Mix Bunuelos 400g,558.88,553.89,REVENUE_REDUCTION,revenue_efficiency,confirmed_revenue_reduction_not_automatically_avoidable,4.990000000000009,gross_to_net_reduction,35,"Validate discount/refund authorization, business purpose and policy compliance.",46.35294117647059,53.54117647058823,medium,2,916
1791,1807,1.28 Grains,Iberia Mexican Style Rice Box - 8 oz,191.52,191.52,CATALOG_ACTIONABLE,catalog_control,sales_associated_with_review_candidate,191.52,associated_positive_net_sales,35,"Validate SKU/UPC, presentation, duplicate status and pack-size configuration before any merge.",46.2962962962963,53.51851851851852,medium,2,917
1604,1620,1.13 Flours,Pinduca Farofa de Mandioca Tradicional 400g,171.57,124.57,LOW_MARGIN,profitability_result,margin_review_not_confirmed_loss,124.57,associated_net_sales,35,Review price-cost relationship and whether discounts compressed the observed margin.,46.15384615384615,53.46153846153846,medium,2,918
1405,1421,1.07 Condiments & Spices,Alicante Salsa 4 Quesos  37 g,69.86,64.87,REVENUE_REDUCTION,revenue_efficiency,confirmed_revenue_reduction_not_automatically_avoidable,4.989999999999995,gross_to_net_reduction,35,"Validate discount/refund authorization, business purpose and policy compliance.",46.0,53.400000000000006,medium,2,919
345,361,1.12 Frozen Products,Fresh Bocado Guava Pulp 14oz,593.81,588.82,REVENUE_REDUCTION,revenue_efficiency,confirmed_revenue_reduction_not_automatically_avoidable,4.989999999999895,gross_to_net_reduction,35,"Validate discount/refund authorization, business purpose and policy compliance.",45.88235294117647,53.35294117647059,medium,2,920
446,462,1.03 Beverages,Jarritos Mango12.5 oz UNIT,702.18,697.2,REVENUE_REDUCTION,revenue_efficiency,confirmed_revenue_reduction_not_automatically_avoidable,4.9799999999999045,gross_to_net_reduction,35,"Validate discount/refund authorization, business purpose and policy compliance.",45.76470588235294,53.305882352941175,medium,2,921
694,710,1.25 Sweets & Candies,Aldame Oblea Mini 32 / 20 200 Gr,420.75,415.8,REVENUE_REDUCTION,revenue_efficiency,confirmed_revenue_reduction_not_automatically_avoidable,4.949999999999989,gross_to_net_reduction,35,"Validate discount/refund authorization, business purpose and policy compliance.",45.64705882352941,53.258823529411764,medium,2,922
227,243,4.Bakery,160 Tequeno Promo  $1.00,485.0,480.09,REVENUE_REDUCTION,revenue_efficiency,confirmed_revenue_reduction_not_automatically_avoidable,4.910000000000025,gross_to_net_reduction,35,"Validate discount/refund authorization, business purpose and policy compliance.",45.529411764705884,53.21176470588235,medium,2,923
296,312,1.12 Frozen Products,Dona Emilia Papa Criolla 908gr,5061.16,5056.26,REVENUE_REDUCTION,revenue_efficiency,confirmed_revenue_reduction_not_automatically_avoidable,4.899999999999636,gross_to_net_reduction,35,"Validate discount/refund authorization, business purpose and policy compliance.",45.41176470588235,53.16470588235293,medium,2,924
746,762,1.25 Sweets & Candies,Marinela Barritas Pineapple Strawberry - 1.94 oz BOX,376.87,188.37,CATALOG_ACTIONABLE,catalog_control,sales_associated_with_review_candidate,188.37,associated_positive_net_sales,35,"Validate SKU/UPC, presentation, duplicate status and pack-size configuration before any merge.",45.370370370370374,53.14814814814815,medium,2,925
311,327,1.12 Frozen Products,Dona Emilia Sancocho 908g,2094.07,2089.27,REVENUE_REDUCTION,revenue_efficiency,confirmed_revenue_reduction_not_automatically_avoidable,4.800000000000182,gross_to_net_reduction,35,"Validate discount/refund authorization, business purpose and policy compliance.",45.294117647058826,53.11764705882353,medium,2,926
2012,2028,1.16 Miscelanea,Yerba Mata Playadito Kit Mate + Bombilla + 5 Und - 500 Gr,335.93,331.13,REVENUE_REDUCTION,revenue_efficiency,confirmed_revenue_reduction_not_automatically_avoidable,4.800000000000011,gross_to_net_reduction,35,"Validate discount/refund authorization, business purpose and policy compliance.",45.1764705882353,53.07058823529412,medium,2,927
426,442,1.03 Beverages,Inca Kola 2 LT,1222.47,1217.67,REVENUE_REDUCTION,revenue_efficiency,confirmed_revenue_reduction_not_automatically_avoidable,4.7999999999999545,gross_to_net_reduction,35,"Validate discount/refund authorization, business purpose and policy compliance.",45.0,53.0,medium,2,928
1642,1658,1.09 Cookies & Crackers,Chiky Chocolate Cookies 16.9oz,718.8,714.0,REVENUE_REDUCTION,revenue_efficiency,confirmed_revenue_reduction_not_automatically_avoidable,4.7999999999999545,gross_to_net_reduction,35,"Validate discount/refund authorization, business purpose and policy compliance.",45.0,53.0,medium,2,929
164,180,4.Bakery,160 Argentine Beef Empanada,3932.12,3927.37,REVENUE_REDUCTION,revenue_efficiency,confirmed_revenue_reduction_not_automatically_avoidable,4.75,gross_to_net_reduction,35,"Validate discount/refund authorization, business purpose and policy compliance.",44.82352941176471,52.92941176470589,medium,2,930
90,106,2. Restaurant,UMS Carnitas Kg,376.68,372.08,REVENUE_REDUCTION,revenue_efficiency,confirmed_revenue_reduction_not_automatically_avoidable,4.600000000000023,gross_to_net_reduction,35,"Validate discount/refund authorization, business purpose and policy compliance.",44.70588235294118,52.88235294117647,medium,2,931
252,268,4.Bakery,160 LM Large Passion Fruit Cheesecake,122.97,122.97,LOW_MARGIN,profitability_result,margin_review_not_confirmed_loss,122.97,associated_net_sales,35,Review price-cost relationship and whether discounts compressed the observed margin.,44.61538461538462,52.84615384615385,medium,2,932
1792,1808,1.28 Grains,Iberia Rice with Black Bean Box - 8 Oz,169.66,169.66,CATALOG_ACTIONABLE,catalog_control,sales_associated_with_review_candidate,169.66,associated_positive_net_sales,35,"Validate SKU/UPC, presentation, duplicate status and pack-size configuration before any merge.",44.44444444444444,52.77777777777778,medium,2,933
195,211,4.Bakery,160 Ham and Bacon Cachitos,1511.97,1507.47,REVENUE_REDUCTION,revenue_efficiency,confirmed_revenue_reduction_not_automatically_avoidable,4.5,gross_to_net_reduction,35,"Validate discount/refund authorization, business purpose and policy compliance.",44.294117647058826,52.71764705882353,medium,2,934
933,949,1.05 Chips & Snacks,Sabritas Doritos Nacho Gde 146 g,1183.42,1178.92,REVENUE_REDUCTION,revenue_efficiency,confirmed_revenue_reduction_not_automatically_avoidable,4.5,gross_to_net_reduction,35,"Validate discount/refund authorization, business purpose and policy compliance.",44.294117647058826,52.71764705882353,medium,2,935
1168,1184,1.23 Sauces,Inca's Food Aji Amarillo Especial Sin Picante Valde 1.7 kg,449.92,445.42,REVENUE_REDUCTION,revenue_efficiency,confirmed_revenue_reduction_not_automatically_avoidable,4.5,gross_to_net_reduction,35,"Validate discount/refund authorization, business purpose and policy compliance.",44.294117647058826,52.71764705882353,medium,2,936
1318,1334,1.07 Condiments & Spices,La Fiesta Chile Guajillo Entero 6oz,1771.03,1766.53,REVENUE_REDUCTION,revenue_efficiency,confirmed_revenue_reduction_not_automatically_avoidable,4.5,gross_to_net_reduction,35,"Validate discount/refund authorization, business purpose and policy compliance.",44.294117647058826,52.71764705882353,medium,2,937
1499,1515,3.Coffee160,160 Cappuccino 16oz,938.41,933.91,REVENUE_REDUCTION,revenue_efficiency,confirmed_revenue_reduction_not_automatically_avoidable,4.5,gross_to_net_reduction,35,"Validate discount/refund authorization, business purpose and policy compliance.",44.294117647058826,52.71764705882353,medium,2,938
1514,1530,3.Coffee160,160 Espresso,287.04,282.54,REVENUE_REDUCTION,revenue_efficiency,confirmed_revenue_reduction_not_automatically_avoidable,4.5,gross_to_net_reduction,35,"Validate discount/refund authorization, business purpose and policy compliance.",44.294117647058826,52.71764705882353,medium,2,939
717,733,1.25 Sweets & Candies,De La Rosa Pulparindo Original 20/10oz - 280gr X20,278.69,274.2,REVENUE_REDUCTION,revenue_efficiency,confirmed_revenue_reduction_not_automatically_avoidable,4.490000000000009,gross_to_net_reduction,35,"Validate discount/refund authorization, business purpose and policy compliance.",43.8235294117647,52.529411764705884,medium,2,940
1388,1404,1.07 Condiments & Spices,Orale Hoja de Aguacate 0.25 oz,166.13,161.64,REVENUE_REDUCTION,revenue_efficiency,confirmed_revenue_reduction_not_automatically_avoidable,4.490000000000009,gross_to_net_reduction,35,"Validate discount/refund authorization, business purpose and policy compliance.",43.8235294117647,52.529411764705884,medium,2,941
1986,2002,Uncategorized,Manual Transaction,0.0,-0.5,MANUAL_NEGATIVE_ADJUSTMENT,manual_adjustment_control,negative_balance_requires_transaction_validation,0.5,absolute_negative_net_sales,50,"Trace the manual transaction to user, date, reason, approval and original sale.",6.25,52.5,medium,2,942
938,954,1.05 Chips & Snacks,Dismex Chicharrones 4oz,875.61,871.15,REVENUE_REDUCTION,revenue_efficiency,confirmed_revenue_reduction_not_automatically_avoidable,4.460000000000036,gross_to_net_reduction,35,"Validate discount/refund authorization, business purpose and policy compliance.",43.64705882352941,52.45882352941176,medium,2,943
207,223,4.Bakery,160 Alfajor Unit UNIT,1234.69,1230.24,REVENUE_REDUCTION,revenue_efficiency,confirmed_revenue_reduction_not_automatically_avoidable,4.4500000000000455,gross_to_net_reduction,35,"Validate discount/refund authorization, business purpose and policy compliance.",43.529411764705884,52.411764705882355,medium,2,944
536,552,1.03 Beverages,Frescolita Lata -  330 ml X6,207.87,159.9,CATALOG_ACTIONABLE,catalog_control,sales_associated_with_review_candidate,159.9,associated_positive_net_sales,35,"Validate SKU/UPC, presentation, duplicate status and pack-size configuration before any merge.",43.51851851851852,52.407407407407405,medium,2,945
917,933,1.05 Chips & Snacks,Las Torres Corn Tostada Raspada 20ct,3298.4,3294.0,REVENUE_REDUCTION,revenue_efficiency,confirmed_revenue_reduction_not_automatically_avoidable,4.400000000000091,gross_to_net_reduction,35,"Validate discount/refund authorization, business purpose and policy compliance.",43.411764705882355,52.36470588235294,medium,2,946
491,507,1.03 Beverages,Jarritos Pina 1.5 Lt,357.12,352.73,REVENUE_REDUCTION,revenue_efficiency,confirmed_revenue_reduction_not_automatically_avoidable,4.389999999999986,gross_to_net_reduction,35,"Validate discount/refund authorization, business purpose and policy compliance.",43.1764705882353,52.27058823529412,medium,2,947
534,550,1.03 Beverages,Electrolit Suero Hidratante Naranja-Mandarina,170.19,165.8,REVENUE_REDUCTION,revenue_efficiency,confirmed_revenue_reduction_not_automatically_avoidable,4.389999999999986,gross_to_net_reduction,35,"Validate discount/refund authorization, business purpose and policy compliance.",43.1764705882353,52.27058823529412,medium,2,948
1639,1655,1.09 Cookies & Crackers,Noel Crackers Saltin 3 Tacos 300g,937.65,933.26,REVENUE_REDUCTION,revenue_efficiency,confirmed_revenue_reduction_not_automatically_avoidable,4.389999999999986,gross_to_net_reduction,35,"Validate discount/refund authorization, business purpose and policy compliance.",43.1764705882353,52.27058823529412,medium,2,949
1093,1109,1.26 Tortillas,Don Pancho White Corn Tortilla 7''/46 ct / 1.83 Kg,111.92,90.92,LOW_MARGIN,profitability_result,margin_review_not_confirmed_loss,90.92,associated_net_sales,35,Review price-cost relationship and whether discounts compressed the observed margin.,43.07692307692308,52.23076923076923,medium,2,950
1994,2010,Uncategorized,Manual Transaction,0.0,-4.25,REVENUE_REDUCTION,revenue_efficiency,confirmed_revenue_reduction_not_automatically_avoidable,4.25,gross_to_net_reduction,35,"Validate discount/refund authorization, business purpose and policy compliance.",42.94117647058823,52.17647058823529,medium,2,951
110,126,2. Restaurant,Pico de Gallo side 2oz,127.36,123.17,REVENUE_REDUCTION,revenue_efficiency,confirmed_revenue_reduction_not_automatically_avoidable,4.189999999999998,gross_to_net_reduction,35,"Validate discount/refund authorization, business purpose and policy compliance.",42.8235294117647,52.12941176470588,medium,2,952
1753,1769,1.28 Grains,Frijol Mayocoba UMS 2LB,981.75,977.62,REVENUE_REDUCTION,revenue_efficiency,confirmed_revenue_reduction_not_automatically_avoidable,4.1299999999999955,gross_to_net_reduction,35,"Validate discount/refund authorization, business purpose and policy compliance.",42.705882352941174,52.08235294117647,medium,2,953
1794,1810,1.28 Grains,Iberia Yellow Rice Box - Oz,131.67,131.67,CATALOG_ACTIONABLE,catalog_control,sales_associated_with_review_candidate,131.67,associated_positive_net_sales,35,"Validate SKU/UPC, presentation, duplicate status and pack-size configuration before any merge.",42.592592592592595,52.03703703703704,medium,2,954
797,813,1.25 Sweets & Candies,Las Nelas Choco Wow Cake - 800 Gr UNIT,91.12,87.02,REVENUE_REDUCTION,revenue_efficiency,confirmed_revenue_reduction_not_automatically_avoidable,4.1000000000000085,gross_to_net_reduction,35,"Validate discount/refund authorization, business purpose and policy compliance.",42.58823529411765,52.03529411764706,medium,2,955
754,770,1.25 Sweets & Candies,Las Nelas Choco Wow Cake 6 / 800 Gr Unit,253.98,156.09,LABEL_STANDARDIZATION,catalog_standardization,label_cleanup_no_loss_claim,156.09,associated_positive_net_sales,20,Standardize UNIT/PACK wording without changing the commercial presentation.,80.0,52.0,medium,2,956
2029,2045,Bakery Frozen Products,160 Pandebono congelado x6,755.46,751.41,REVENUE_REDUCTION,revenue_efficiency,confirmed_revenue_reduction_not_automatically_avoidable,4.050000000000068,gross_to_net_reduction,35,"Validate discount/refund authorization, business purpose and policy compliance.",42.470588235294116,51.98823529411764,medium,2,957
383,399,1.12 Frozen Products,Delifood Guava Frozen Fruit Pulp Pouche 8/10/ 90g,83.93,79.93,REVENUE_REDUCTION,revenue_efficiency,confirmed_revenue_reduction_not_automatically_avoidable,4.0,gross_to_net_reduction,35,"Validate discount/refund authorization, business purpose and policy compliance.",42.0,51.8,medium,2,958
481,497,1.03 Beverages,Fanta Pineapple Glass - 12 oz,406.98,402.98,REVENUE_REDUCTION,revenue_efficiency,confirmed_revenue_reduction_not_automatically_avoidable,4.0,gross_to_net_reduction,35,"Validate discount/refund authorization, business purpose and policy compliance.",42.0,51.8,medium,2,959
1053,1069,1.05 Chips & Snacks,Sabritas Fritos Chorizo Chipotle 23 - 170 Gr T,7.99,3.99,REVENUE_REDUCTION,revenue_efficiency,confirmed_revenue_reduction_not_automatically_avoidable,4.0,gross_to_net_reduction,35,"Validate discount/refund authorization, business purpose and policy compliance.",42.0,51.8,medium,2,960
1135,1151,1.23 Sauces,La Costeña Salsa de Guacamole 16.07 oz,1709.86,1705.86,REVENUE_REDUCTION,revenue_efficiency,confirmed_revenue_reduction_not_automatically_avoidable,4.0,gross_to_net_reduction,35,"Validate discount/refund authorization, business purpose and policy compliance.",42.0,51.8,medium,2,961
1603,1619,1.13 Flours,Amafil Massa para Tapioca 500g,137.77,133.77,REVENUE_REDUCTION,revenue_efficiency,confirmed_revenue_reduction_not_automatically_avoidable,4.0,gross_to_net_reduction,35,"Validate discount/refund authorization, business purpose and policy compliance.",42.0,51.8,medium,2,962
1746,1762,1.14 Herbal Teas,Pipore Yerba Mate 1kg,15.99,11.99,REVENUE_REDUCTION,revenue_efficiency,confirmed_revenue_reduction_not_automatically_avoidable,4.0,gross_to_net_reduction,35,"Validate discount/refund authorization, business purpose and policy compliance.",42.0,51.8,medium,2,963
1993,2009,Uncategorized,Manual Transaction,0.0,-4.0,REVENUE_REDUCTION,revenue_efficiency,confirmed_revenue_reduction_not_automatically_avoidable,4.0,gross_to_net_reduction,35,"Validate discount/refund authorization, business purpose and policy compliance.",42.0,51.8,medium,2,964
760,776,1.25 Sweets & Candies,Nestle Chocolate Triangulo 30g unit,131.56,131.56,CATALOG_ACTIONABLE,catalog_control,sales_associated_with_review_candidate,131.56,associated_positive_net_sales,35,"Validate SKU/UPC, presentation, duplicate status and pack-size configuration before any merge.",41.66666666666667,51.66666666666667,medium,2,965
1226,1242,1.23 Sauces,Delicioso Foods Chipotle Sauce 4 L,119.98,89.98,LOW_MARGIN,profitability_result,margin_review_not_confirmed_loss,89.98,associated_net_sales,35,Review price-cost relationship and whether discounts compressed the observed margin.,41.53846153846154,51.61538461538461,medium,2,966
785,801,1.25 Sweets & Candies,Aldor Pin Pop Maracuya Bag,106.76,102.77,REVENUE_REDUCTION,revenue_efficiency,confirmed_revenue_reduction_not_automatically_avoidable,3.990000000000009,gross_to_net_reduction,35,"Validate discount/refund authorization, business purpose and policy compliance.",41.47058823529412,51.58823529411765,medium,2,967
1189,1205,1.23 Sauces,Zaaschila Habanero Homestyle Sauce 6/265 g,254.49,250.5,REVENUE_REDUCTION,revenue_efficiency,confirmed_revenue_reduction_not_automatically_avoidable,3.990000000000009,gross_to_net_reduction,35,"Validate discount/refund authorization, business purpose and policy compliance.",41.47058823529412,51.58823529411765,medium,2,968
592,608,1.03 Beverages,Ole Cocktail  - Non Alcoholic Margarita - Lime,35.91,31.92,REVENUE_REDUCTION,revenue_efficiency,confirmed_revenue_reduction_not_automatically_avoidable,3.989999999999995,gross_to_net_reduction,35,"Validate discount/refund authorization, business purpose and policy compliance.",41.294117647058826,51.51764705882353,medium,2,969
640,656,1.25 Sweets & Candies,Chocapic Cereal Chocolateado 14/375gr,1000.05,996.12,REVENUE_REDUCTION,revenue_efficiency,confirmed_revenue_reduction_not_automatically_avoidable,3.92999999999995,gross_to_net_reduction,35,"Validate discount/refund authorization, business purpose and policy compliance.",41.17647058823529,51.470588235294116,medium,2,970
184,200,4.Bakery,160 Pastel Gloria,1971.75,1967.85,REVENUE_REDUCTION,revenue_efficiency,confirmed_revenue_reduction_not_automatically_avoidable,3.900000000000091,gross_to_net_reduction,35,"Validate discount/refund authorization, business purpose and policy compliance.",41.05882352941176,51.423529411764704,medium,2,971
208,224,4.Bakery,160 Venezuelan Pastelito Queso,1221.5,1217.64,REVENUE_REDUCTION,revenue_efficiency,confirmed_revenue_reduction_not_automatically_avoidable,3.8599999999999,gross_to_net_reduction,35,"Validate discount/refund authorization, business purpose and policy compliance.",40.94117647058824,51.37647058823529,medium,2,972
2031,2047,Bakery Frozen Products,160 Pandebono Valluno 6 Pack,149.9,146.15,REVENUE_REDUCTION,revenue_efficiency,confirmed_revenue_reduction_not_automatically_avoidable,3.75,gross_to_net_reduction,35,"Validate discount/refund authorization, business purpose and policy compliance.",40.82352941176471,51.32941176470588,medium,2,973
764,780,1.25 Sweets & Candies,Bimbo Mini Mantecadas - 2.20 oz Box,129.25,125.73,CATALOG_ACTIONABLE,catalog_control,sales_associated_with_review_candidate,125.73,associated_positive_net_sales,35,"Validate SKU/UPC, presentation, duplicate status and pack-size configuration before any merge.",40.74074074074074,51.29629629629629,medium,2,974
262,278,4.Bakery,160 Croissant Guava,77.41,73.8,REVENUE_REDUCTION,revenue_efficiency,confirmed_revenue_reduction_not_automatically_avoidable,3.6099999999999994,gross_to_net_reduction,35,"Validate discount/refund authorization, business purpose and policy compliance.",40.705882352941174,51.28235294117647,medium,2,975
295,311,1.12 Frozen Products,Norley's Arepa Grande White 10 pack,8464.94,8461.34,REVENUE_REDUCTION,revenue_efficiency,confirmed_revenue_reduction_not_automatically_avoidable,3.600000000000364,gross_to_net_reduction,35,"Validate discount/refund authorization, business purpose and policy compliance.",40.588235294117645,51.23529411764706,medium,2,976
926,942,1.05 Chips & Snacks,Achiras del Huila 50g 6 Pack,1627.09,1623.53,REVENUE_REDUCTION,revenue_efficiency,confirmed_revenue_reduction_not_automatically_avoidable,3.5599999999999454,gross_to_net_reduction,35,"Validate discount/refund authorization, business purpose and policy compliance.",40.470588235294116,51.188235294117646,medium,2,977
764,780,1.25 Sweets & Candies,Bimbo Mini Mantecadas - 2.20 oz Box,129.25,125.73,REVENUE_REDUCTION,revenue_efficiency,confirmed_revenue_reduction_not_automatically_avoidable,3.519999999999996,gross_to_net_reduction,35,"Validate discount/refund authorization, business purpose and policy compliance.",40.35294117647059,51.141176470588235,medium,2,978
1912,1928,1.08 Brines,YaEsta! Huitlacoche 908g,98.45,72.84,LOW_MARGIN,profitability_result,margin_review_not_confirmed_loss,72.84,associated_net_sales,35,Review price-cost relationship and whether discounts compressed the observed margin.,40.0,51.0,medium,2,979
270,286,4.Bakery,160 Three Cheese Croissant,56.5,53.0,REVENUE_REDUCTION,revenue_efficiency,confirmed_revenue_reduction_not_automatically_avoidable,3.5,gross_to_net_reduction,35,"Validate discount/refund authorization, business purpose and policy compliance.",39.88235294117647,50.95294117647059,medium,2,980
447,463,1.03 Beverages,"Guarana Antartica 2 LT ,",678.03,674.53,REVENUE_REDUCTION,revenue_efficiency,confirmed_revenue_reduction_not_automatically_avoidable,3.5,gross_to_net_reduction,35,"Validate discount/refund authorization, business purpose and policy compliance.",39.88235294117647,50.95294117647059,medium,2,981
1198,1214,1.23 Sauces,Zaaschila De Arbol Homestyle Sauce 6/265 g,214.57,211.07,REVENUE_REDUCTION,revenue_efficiency,confirmed_revenue_reduction_not_automatically_avoidable,3.5,gross_to_net_reduction,35,"Validate discount/refund authorization, business purpose and policy compliance.",39.88235294117647,50.95294117647059,medium,2,982
1464,1480,1.04 Can Products,La Morena Whole Pickled Jalapeno 28.2 oz,230.67,227.17,REVENUE_REDUCTION,revenue_efficiency,confirmed_revenue_reduction_not_automatically_avoidable,3.5,gross_to_net_reduction,35,"Validate discount/refund authorization, business purpose and policy compliance.",39.88235294117647,50.95294117647059,medium,2,983
1605,1621,1.13 Flours,Pinduca Polvinho de Mandioca Doce / Sweet Starch /1kg,125.82,122.32,REVENUE_REDUCTION,revenue_efficiency,confirmed_revenue_reduction_not_automatically_avoidable,3.5,gross_to_net_reduction,35,"Validate discount/refund authorization, business purpose and policy compliance.",39.88235294117647,50.95294117647059,medium,2,984
1716,1732,1.14 Herbal Teas,Amanda Yerba Mate 1 kg,793.47,789.97,REVENUE_REDUCTION,revenue_efficiency,confirmed_revenue_reduction_not_automatically_avoidable,3.5,gross_to_net_reduction,35,"Validate discount/refund authorization, business purpose and policy compliance.",39.88235294117647,50.95294117647059,medium,2,985
1839,1855,1.02 Beans,Kicaldo Feijao Carioca 1kg,73.9,70.4,REVENUE_REDUCTION,revenue_efficiency,confirmed_revenue_reduction_not_automatically_avoidable,3.5,gross_to_net_reduction,35,"Validate discount/refund authorization, business purpose and policy compliance.",39.88235294117647,50.95294117647059,medium,2,986
548,564,1.03 Beverages,Frescolita Lata 330 ml x 6,119.92,119.92,CATALOG_ACTIONABLE,catalog_control,sales_associated_with_review_candidate,119.92,associated_positive_net_sales,35,"Validate SKU/UPC, presentation, duplicate status and pack-size configuration before any merge.",39.81481481481482,50.925925925925924,medium,2,987
1422,1438,1.04 Can Products,Juanitas Hominy Mexican Style 110 oz,3703.82,3700.42,REVENUE_REDUCTION,revenue_efficiency,confirmed_revenue_reduction_not_automatically_avoidable,3.400000000000091,gross_to_net_reduction,35,"Validate discount/refund authorization, business purpose and policy compliance.",39.411764705882355,50.76470588235294,medium,2,988
297,313,1.12 Frozen Products,Tasty Choice Cheese Tequenos 12 Pack,4641.42,4638.02,REVENUE_REDUCTION,revenue_efficiency,confirmed_revenue_reduction_not_automatically_avoidable,3.399999999999636,gross_to_net_reduction,35,"Validate discount/refund authorization, business purpose and policy compliance.",39.294117647058826,50.71764705882353,medium,2,989
1042,1058,1.05 Chips & Snacks,Diana Toztecas Fire Spots Tortilla Small 35 oz,39.6,36.26,REVENUE_REDUCTION,revenue_efficiency,confirmed_revenue_reduction_not_automatically_avoidable,3.3400000000000034,gross_to_net_reduction,35,"Validate discount/refund authorization, business purpose and policy compliance.",39.1764705882353,50.67058823529412,medium,2,990
492,508,1.03 Beverages,Electrolit Suero Hidratante Horchata 625g,341.58,338.28,REVENUE_REDUCTION,revenue_efficiency,confirmed_revenue_reduction_not_automatically_avoidable,3.3000000000000114,gross_to_net_reduction,35,"Validate discount/refund authorization, business purpose and policy compliance.",39.05882352941176,50.62352941176471,medium,2,991
770,786,1.25 Sweets & Candies,De La Rosa Pulparindots Mango 12.8Oz / 360g BOX,119.88,118.88,CATALOG_ACTIONABLE,catalog_control,sales_associated_with_review_candidate,118.88,associated_positive_net_sales,35,"Validate SKU/UPC, presentation, duplicate status and pack-size configuration before any merge.",38.88888888888889,50.55555555555556,medium,2,992
123,139,2. Restaurant,Morcilla y Arepa,39.0,35.75,REVENUE_REDUCTION,revenue_efficiency,confirmed_revenue_reduction_not_automatically_avoidable,3.25,gross_to_net_reduction,35,"Validate discount/refund authorization, business purpose and policy compliance.",38.82352941176471,50.529411764705884,medium,2,993
891,907,1.25 Sweets & Candies,Reserva Minas Bananada Cremosa 6/ 650g,12.99,9.74,REVENUE_REDUCTION,revenue_efficiency,confirmed_revenue_reduction_not_automatically_avoidable,3.25,gross_to_net_reduction,35,"Validate discount/refund authorization, business purpose and policy compliance.",38.82352941176471,50.529411764705884,medium,2,994
1715,1731,1.14 Herbal Teas,Amanda Yerba Mate Organica 500 Gr,974.25,971.0,REVENUE_REDUCTION,revenue_efficiency,confirmed_revenue_reduction_not_automatically_avoidable,3.25,gross_to_net_reduction,35,"Validate discount/refund authorization, business purpose and policy compliance.",38.82352941176471,50.529411764705884,medium,2,995
209,225,4.Bakery,Churros,1212.63,1209.39,REVENUE_REDUCTION,revenue_efficiency,confirmed_revenue_reduction_not_automatically_avoidable,3.240000000000009,gross_to_net_reduction,35,"Validate discount/refund authorization, business purpose and policy compliance.",38.588235294117645,50.43529411764706,medium,2,996
634,650,1.25 Sweets & Candies,BonBon Bum Assorted / Surtido  - 24U,1141.92,1138.74,REVENUE_REDUCTION,revenue_efficiency,confirmed_revenue_reduction_not_automatically_avoidable,3.1800000000000637,gross_to_net_reduction,35,"Validate discount/refund authorization, business purpose and policy compliance.",38.470588235294116,50.38823529411765,medium,2,997
576,592,1.03 Beverages,La Cascada Kolashanpan 20oz,95.83,65.93,LOW_MARGIN,profitability_result,margin_review_not_confirmed_loss,65.93,associated_net_sales,35,Review price-cost relationship and whether discounts compressed the observed margin.,38.46153846153847,50.38461538461539,medium,2,998
200,216,4.Bakery,160 Ham Cachitos,1400.88,1397.73,REVENUE_REDUCTION,revenue_efficiency,confirmed_revenue_reduction_not_automatically_avoidable,3.150000000000091,gross_to_net_reduction,35,"Validate discount/refund authorization, business purpose and policy compliance.",38.35294117647059,50.34117647058824,medium,2,999
1606,1622,1.13 Flours,Maizena Atole Sabor Chocolate 45 g / 1.5oz,116.07,116.07,CATALOG_ACTIONABLE,catalog_control,sales_associated_with_review_candidate,116.07,associated_positive_net_sales,35,"Validate SKU/UPC, presentation, duplicate status and pack-size configuration before any merge.",37.96296296296296,50.18518518518518,medium,2,1000
221,237,4.Bakery,160 Argentine Chicken & Cheese Pampa Empanada,648.7,645.7,REVENUE_REDUCTION,revenue_efficiency,confirmed_revenue_reduction_not_automatically_avoidable,3.0,gross_to_net_reduction,35,"Validate discount/refund authorization, business purpose and policy compliance.",37.70588235294118,50.082352941176474,medium,2,1001
366,382,1.12 Frozen Products,Frushecha Soursop Pulp 14oz,277.13,274.13,REVENUE_REDUCTION,revenue_efficiency,confirmed_revenue_reduction_not_automatically_avoidable,3.0,gross_to_net_reduction,35,"Validate discount/refund authorization, business purpose and policy compliance.",37.70588235294118,50.082352941176474,medium,2,1002
405,421,1.03 Beverages,Pony Malta 11.12 oz / 330 ml X6,4728.84,4725.84,REVENUE_REDUCTION,revenue_efficiency,confirmed_revenue_reduction_not_automatically_avoidable,3.0,gross_to_net_reduction,35,"Validate discount/refund authorization, business purpose and policy compliance.",37.70588235294118,50.082352941176474,medium,2,1003
703,719,1.25 Sweets & Candies,De La Rosa Pulparindo Squeeze Mango - Tamarindo 300 grs / 10.5oz,370.07,367.07,REVENUE_REDUCTION,revenue_efficiency,confirmed_revenue_reduction_not_automatically_avoidable,3.0,gross_to_net_reduction,35,"Validate discount/refund authorization, business purpose and policy compliance.",37.70588235294118,50.082352941176474,medium,2,1004
727,743,1.25 Sweets & Candies,La Molienda Jumbo Peanut Caramel Garapiñado 142gs,251.16,248.16,REVENUE_REDUCTION,revenue_efficiency,confirmed_revenue_reduction_not_automatically_avoidable,3.0,gross_to_net_reduction,35,"Validate discount/refund authorization, business purpose and policy compliance.",37.70588235294118,50.082352941176474,medium,2,1005
1236,1252,1.23 Sauces,La Anita Achiote Condiment Marinade - 300 ML,60.89,57.89,REVENUE_REDUCTION,revenue_efficiency,confirmed_revenue_reduction_not_automatically_avoidable,3.0,gross_to_net_reduction,35,"Validate discount/refund authorization, business purpose and policy compliance.",37.70588235294118,50.082352941176474,medium,2,1006
1508,1524,3.Coffee160,160 Honey Beans 300g,403.73,400.73,REVENUE_REDUCTION,revenue_efficiency,confirmed_revenue_reduction_not_automatically_avoidable,3.0,gross_to_net_reduction,35,"Validate discount/refund authorization, business purpose and policy compliance.",37.70588235294118,50.082352941176474,medium,2,1007
1591,1607,1.13 Flours,Julia White Cassava Flour / Farinha de Mandioca 2.2lb / 1kg,347.42,344.42,REVENUE_REDUCTION,revenue_efficiency,confirmed_revenue_reduction_not_automatically_avoidable,3.0,gross_to_net_reduction,35,"Validate discount/refund authorization, business purpose and policy compliance.",37.70588235294118,50.082352941176474,medium,2,1008
1992,2008,Uncategorized,Manual Transaction,0.0,-3.0,REVENUE_REDUCTION,revenue_efficiency,confirmed_revenue_reduction_not_automatically_avoidable,3.0,gross_to_net_reduction,35,"Validate discount/refund authorization, business purpose and policy compliance.",37.70588235294118,50.082352941176474,medium,2,1009
2006,2022,1.16 Miscelanea,Ariel Doble Poder 5/4 kg T,779.74,776.74,REVENUE_REDUCTION,revenue_efficiency,confirmed_revenue_reduction_not_automatically_avoidable,3.0,gross_to_net_reduction,35,"Validate discount/refund authorization, business purpose and policy compliance.",37.70588235294118,50.082352941176474,medium,2,1010
776,792,1.25 Sweets & Candies,Canels Chiclets Canels Box,112.0,112.0,CATALOG_ACTIONABLE,catalog_control,sales_associated_with_review_candidate,112.0,associated_positive_net_sales,35,"Validate SKU/UPC, presentation, duplicate status and pack-size configuration before any merge.",37.03703703703704,49.81481481481482,medium,2,1011
92,108,2. Restaurant,Birria Consome - Birria Broth,281.06,278.07,REVENUE_REDUCTION,revenue_efficiency,confirmed_revenue_reduction_not_automatically_avoidable,2.990000000000009,gross_to_net_reduction,35,"Validate discount/refund authorization, business purpose and policy compliance.",37.0,49.8,medium,2,1012
1521,1537,3.Coffee160,160 Cafe Regular 16oz,201.5,198.51,REVENUE_REDUCTION,revenue_efficiency,confirmed_revenue_reduction_not_automatically_avoidable,2.990000000000009,gross_to_net_reduction,35,"Validate discount/refund authorization, business purpose and policy compliance.",37.0,49.8,medium,2,1013
1614,1630,1.13 Flours,Maseca Nixta Masa 20 KG,79.99,59.99,LOW_MARGIN,profitability_result,margin_review_not_confirmed_loss,59.99,associated_net_sales,35,Review price-cost relationship and whether discounts compressed the observed margin.,36.92307692307693,49.769230769230774,medium,2,1014
1554,1570,1.22 Refrigerated,The Real Mexican Chorizo 250g,1386.0,1383.11,REVENUE_REDUCTION,revenue_efficiency,confirmed_revenue_reduction_not_automatically_avoidable,2.8900000000001,gross_to_net_reduction,35,"Validate discount/refund authorization, business purpose and policy compliance.",36.8235294117647,49.72941176470588,medium,2,1015
168,184,4.Bakery,160 Chilean Chicken Empanada,3413.36,3410.56,REVENUE_REDUCTION,revenue_efficiency,confirmed_revenue_reduction_not_automatically_avoidable,2.800000000000182,gross_to_net_reduction,35,"Validate discount/refund authorization, business purpose and policy compliance.",36.64705882352941,49.65882352941176,medium,2,1016
411,427,1.03 Beverages,Maltin Polar 12 oz X6,2322.34,2319.54,REVENUE_REDUCTION,revenue_efficiency,confirmed_revenue_reduction_not_automatically_avoidable,2.800000000000182,gross_to_net_reduction,35,"Validate discount/refund authorization, business purpose and policy compliance.",36.64705882352941,49.65882352941176,medium,2,1017
105,121,2. Restaurant,UMS Carne Al Pastor x kilo,172.8,170.0,REVENUE_REDUCTION,revenue_efficiency,confirmed_revenue_reduction_not_automatically_avoidable,2.8000000000000114,gross_to_net_reduction,35,"Validate discount/refund authorization, business purpose and policy compliance.",36.411764705882355,49.56470588235294,medium,2,1018
1446,1462,1.04 Can Products,Carey Hominy Blanco 30 oz,478.8,476.0,REVENUE_REDUCTION,revenue_efficiency,confirmed_revenue_reduction_not_automatically_avoidable,2.8000000000000114,gross_to_net_reduction,35,"Validate discount/refund authorization, business purpose and policy compliance.",36.411764705882355,49.56470588235294,medium,2,1019
1634,1650,1.09 Cookies & Crackers,Noel Crackers Ducales 294g,2006.97,2004.17,REVENUE_REDUCTION,revenue_efficiency,confirmed_revenue_reduction_not_automatically_avoidable,2.7999999999999545,gross_to_net_reduction,35,"Validate discount/refund authorization, business purpose and policy compliance.",36.23529411764706,49.49411764705882,medium,2,1020
495,511,1.03 Beverages,Sangria Senorial 11.16oz x Unit,320.85,318.06,REVENUE_REDUCTION,revenue_efficiency,confirmed_revenue_reduction_not_automatically_avoidable,2.7900000000000205,gross_to_net_reduction,35,"Validate discount/refund authorization, business purpose and policy compliance.",36.11764705882353,49.44705882352941,medium,2,1021
778,794,1.25 Sweets & Candies,De La Rosa Pulparindots Original BOX,111.0,111.0,CATALOG_ACTIONABLE,catalog_control,sales_associated_with_review_candidate,111.0,associated_positive_net_sales,35,"Validate SKU/UPC, presentation, duplicate status and pack-size configuration before any merge.",36.11111111111111,49.44444444444444,medium,2,1022
323,339,1.12 Frozen Products,Fresh Bocado Soursop Pulp 64oz,1319.52,1316.77,REVENUE_REDUCTION,revenue_efficiency,confirmed_revenue_reduction_not_automatically_avoidable,2.75,gross_to_net_reduction,35,"Validate discount/refund authorization, business purpose and policy compliance.",35.705882352941174,49.28235294117647,medium,2,1023
325,341,1.12 Frozen Products,Fresh Bocado Arepa with Cheese 1000g,1278.75,1276.0,REVENUE_REDUCTION,revenue_efficiency,confirmed_revenue_reduction_not_automatically_avoidable,2.75,gross_to_net_reduction,35,"Validate discount/refund authorization, business purpose and policy compliance.",35.705882352941174,49.28235294117647,medium,2,1024
436,452,1.03 Beverages,Jarritos Tamarindo 12.5oz UNIT,844.11,841.36,REVENUE_REDUCTION,revenue_efficiency,confirmed_revenue_reduction_not_automatically_avoidable,2.75,gross_to_net_reduction,35,"Validate discount/refund authorization, business purpose and policy compliance.",35.705882352941174,49.28235294117647,medium,2,1025
1060,1076,1.26 Tortillas,"Romero White Corn Tortilla 6"" / 100 ct / 2.35 Kg",10033.87,10031.12,REVENUE_REDUCTION,revenue_efficiency,confirmed_revenue_reduction_not_automatically_avoidable,2.75,gross_to_net_reduction,35,"Validate discount/refund authorization, business purpose and policy compliance.",35.705882352941174,49.28235294117647,medium,2,1026
1071,1087,1.26 Tortillas,Romero Yellow Corn Tortilla 6'' 100,1615.53,1612.78,REVENUE_REDUCTION,revenue_efficiency,confirmed_revenue_reduction_not_automatically_avoidable,2.75,gross_to_net_reduction,35,"Validate discount/refund authorization, business purpose and policy compliance.",35.705882352941174,49.28235294117647,medium,2,1027
1512,1528,3.Coffee160,Coconut Lemonade,334.89,332.14,REVENUE_REDUCTION,revenue_efficiency,confirmed_revenue_reduction_not_automatically_avoidable,2.75,gross_to_net_reduction,35,"Validate discount/refund authorization, business purpose and policy compliance.",35.705882352941174,49.28235294117647,medium,2,1028
1680,1696,1.09 Cookies & Crackers,Nestle Susy 4pack 200g / 7.04 oz Susy Unit,55.72,55.72,LOW_MARGIN,profitability_result,margin_review_not_confirmed_loss,55.72,associated_net_sales,35,Review price-cost relationship and whether discounts compressed the observed margin.,35.38461538461539,49.15384615384615,medium,2,1029
1084,1100,1.26 Tortillas,Romero White Corn Tortilla 5.5''  18 ct  / 454g / 16oz,338.64,335.9,REVENUE_REDUCTION,revenue_efficiency,confirmed_revenue_reduction_not_automatically_avoidable,2.740000000000009,gross_to_net_reduction,35,"Validate discount/refund authorization, business purpose and policy compliance.",35.294117647058826,49.11764705882353,medium,2,1030
1949,1965,1.15 Instant Powder,Zuko Family PK Jamaica - 14.1 oz,107.88,107.88,CATALOG_ACTIONABLE,catalog_control,sales_associated_with_review_candidate,107.88,associated_positive_net_sales,35,"Validate SKU/UPC, presentation, duplicate status and pack-size configuration before any merge.",35.18518518518518,49.074074074074076,medium,2,1031
216,232,4.Bakery,160 Cheese Cachitos,938.41,935.71,REVENUE_REDUCTION,revenue_efficiency,confirmed_revenue_reduction_not_automatically_avoidable,2.699999999999932,gross_to_net_reduction,35,"Validate discount/refund authorization, business purpose and policy compliance.",35.17647058823529,49.07058823529412,medium,2,1032
488,504,1.03 Beverages,Cuzcatlan Cola Champagne 12oz x Unit,368.53,365.84,REVENUE_REDUCTION,revenue_efficiency,confirmed_revenue_reduction_not_automatically_avoidable,2.6899999999999977,gross_to_net_reduction,35,"Validate discount/refund authorization, business purpose and policy compliance.",35.05882352941177,49.023529411764706,medium,2,1033
1065,1081,1.26 Tortillas,"Romero White Corn Tortilla 6""/73 oz 80 ct",2948.72,2946.03,REVENUE_REDUCTION,revenue_efficiency,confirmed_revenue_reduction_not_automatically_avoidable,2.6899999999996,gross_to_net_reduction,35,"Validate discount/refund authorization, business purpose and policy compliance.",34.94117647058824,48.976470588235294,medium,2,1034
1271,1287,"1.06 Coffee, Cocoa, Panela, Butter",Fresh Bocado Panela Prepartida 454 g,1592.01,1589.4,REVENUE_REDUCTION,revenue_efficiency,confirmed_revenue_reduction_not_automatically_avoidable,2.6099999999999,gross_to_net_reduction,35,"Validate discount/refund authorization, business purpose and policy compliance.",34.8235294117647,48.92941176470588,medium,2,1035
716,732,1.25 Sweets & Candies,San Jorge Mermelada Piña - 400 Gr,292.05,289.45,REVENUE_REDUCTION,revenue_efficiency,confirmed_revenue_reduction_not_automatically_avoidable,2.6000000000000227,gross_to_net_reduction,35,"Validate discount/refund authorization, business purpose and policy compliance.",34.705882352941174,48.88235294117647,medium,2,1036
1431,1447,1.04 Can Products,La Costena Refried Pinto Beans 19.2oz,862.75,860.2,REVENUE_REDUCTION,revenue_efficiency,confirmed_revenue_reduction_not_automatically_avoidable,2.5499999999999545,gross_to_net_reduction,35,"Validate discount/refund authorization, business purpose and policy compliance.",34.588235294117645,48.83529411764706,medium,2,1037
1721,1737,1.14 Herbal Teas,Tea Madrugada Maracuja/ Passion Fruit 10bags/15g,380.97,378.46,REVENUE_REDUCTION,revenue_efficiency,confirmed_revenue_reduction_not_automatically_avoidable,2.5100000000000477,gross_to_net_reduction,35,"Validate discount/refund authorization, business purpose and policy compliance.",34.470588235294116,48.78823529411765,medium,2,1038
557,573,1.03 Beverages,Pony Malta 330 mL,101.66,101.66,CATALOG_ACTIONABLE,catalog_control,sales_associated_with_review_candidate,101.66,associated_positive_net_sales,35,"Validate SKU/UPC, presentation, duplicate status and pack-size configuration before any merge.",34.25925925925926,48.7037037037037,medium,2,1039
119,135,2. Restaurant,Canada Dry Can 355ml,47.5,45.0,REVENUE_REDUCTION,revenue_efficiency,confirmed_revenue_reduction_not_automatically_avoidable,2.5,gross_to_net_reduction,35,"Validate discount/refund authorization, business purpose and policy compliance.",34.0,48.6,medium,2,1040
179,195,4.Bakery,160 Empanada Criolla Queso,2092.14,2089.64,REVENUE_REDUCTION,revenue_efficiency,confirmed_revenue_reduction_not_automatically_avoidable,2.5,gross_to_net_reduction,35,"Validate discount/refund authorization, business purpose and policy compliance.",34.0,48.6,medium,2,1041
214,230,4.Bakery,160 Argentine Ham & Cheese Empanada,1052.89,1050.39,REVENUE_REDUCTION,revenue_efficiency,confirmed_revenue_reduction_not_automatically_avoidable,2.5,gross_to_net_reduction,35,"Validate discount/refund authorization, business purpose and policy compliance.",34.0,48.6,medium,2,1042
469,485,1.03 Beverages,Postobon Hit Mora Bottle 8oz UNIT,473.79,471.29,REVENUE_REDUCTION,revenue_efficiency,confirmed_revenue_reduction_not_automatically_avoidable,2.5,gross_to_net_reduction,35,"Validate discount/refund authorization, business purpose and policy compliance.",34.0,48.6,medium,2,1043
743,759,1.25 Sweets & Candies,Ricolino Mini Paleta Payaso 15 Pzas 375g / 13.23oz X Unit,197.5,195.0,REVENUE_REDUCTION,revenue_efficiency,confirmed_revenue_reduction_not_automatically_avoidable,2.5,gross_to_net_reduction,35,"Validate discount/refund authorization, business purpose and policy compliance.",34.0,48.6,medium,2,1044
1321,1337,1.07 Condiments & Spices,Goya Sazon Culantro Achiote 3.52oz,1567.26,1564.76,REVENUE_REDUCTION,revenue_efficiency,confirmed_revenue_reduction_not_automatically_avoidable,2.5,gross_to_net_reduction,35,"Validate discount/refund authorization, business purpose and policy compliance.",34.0,48.6,medium,2,1045
1404,1420,1.07 Condiments & Spices,Chef Merito Chicken Marinade  25 oz,69.93,67.43,REVENUE_REDUCTION,revenue_efficiency,confirmed_revenue_reduction_not_automatically_avoidable,2.5,gross_to_net_reduction,35,"Validate discount/refund authorization, business purpose and policy compliance.",34.0,48.6,medium,2,1046
269,285,4.Bakery,160 LM Small Berry Cheesecake,53.98,53.98,LOW_MARGIN,profitability_result,margin_review_not_confirmed_loss,53.98,associated_net_sales,35,Review price-cost relationship and whether discounts compressed the observed margin.,33.84615384615385,48.53846153846154,medium,2,1047
330,346,1.12 Frozen Products,Fresh Bocado Blackberry Pulp 64oz,1024.59,1022.09,REVENUE_REDUCTION,revenue_efficiency,confirmed_revenue_reduction_not_automatically_avoidable,2.4999999999998863,gross_to_net_reduction,35,"Validate discount/refund authorization, business purpose and policy compliance.",33.52941176470588,48.41176470588235,medium,2,1048
1991,2007,Uncategorized,Manual Transaction,0.0,-2.49,REVENUE_REDUCTION,revenue_efficiency,confirmed_revenue_reduction_not_automatically_avoidable,2.49,gross_to_net_reduction,35,"Validate discount/refund authorization, business purpose and policy compliance.",33.411764705882355,48.36470588235294,medium,2,1049
787,803,1.25 Sweets & Candies,Nestle Savoy Cri Cri 27 g / .95 oz X12,115.96,101.46,CATALOG_ACTIONABLE,catalog_control,sales_associated_with_review_candidate,101.46,associated_positive_net_sales,35,"Validate SKU/UPC, presentation, duplicate status and pack-size configuration before any merge.",33.33333333333333,48.33333333333333,medium,2,1050
1469,1485,1.04 Can Products,Su Sabor Mazamorra en lata 580g,165.9,163.45,REVENUE_REDUCTION,revenue_efficiency,confirmed_revenue_reduction_not_automatically_avoidable,2.450000000000017,gross_to_net_reduction,35,"Validate discount/refund authorization, business purpose and policy compliance.",33.23529411764706,48.294117647058826,medium,2,1051
1943,1959,1.15 Instant Powder,Leche Entera Nido Kinder en Polvo 360 Gr,171.43,168.98,REVENUE_REDUCTION,revenue_efficiency,confirmed_revenue_reduction_not_automatically_avoidable,2.450000000000017,gross_to_net_reduction,35,"Validate discount/refund authorization, business purpose and policy compliance.",33.23529411764706,48.294117647058826,medium,2,1052
300,316,1.12 Frozen Products,Dona Emilia Ajiaco,3896.75,3894.35,REVENUE_REDUCTION,revenue_efficiency,confirmed_revenue_reduction_not_automatically_avoidable,2.400000000000091,gross_to_net_reduction,35,"Validate discount/refund authorization, business purpose and policy compliance.",33.0,48.2,medium,2,1053
419,435,1.03 Beverages,Topo Chico Mineral Water 355ml UNIT,1547.73,1545.33,REVENUE_REDUCTION,revenue_efficiency,confirmed_revenue_reduction_not_automatically_avoidable,2.400000000000091,gross_to_net_reduction,35,"Validate discount/refund authorization, business purpose and policy compliance.",33.0,48.2,medium,2,1054
480,496,1.03 Beverages,Fanta Orange Soda Glass-  355 ml - T,406.98,404.58,REVENUE_REDUCTION,revenue_efficiency,confirmed_revenue_reduction_not_automatically_avoidable,2.400000000000034,gross_to_net_reduction,35,"Validate discount/refund authorization, business purpose and policy compliance.",32.82352941176471,48.129411764705885,medium,2,1055
1287,1303,"1.06 Coffee, Cocoa, Panela, Butter",Chocolisto 300 gr,495.38,492.98,REVENUE_REDUCTION,revenue_efficiency,confirmed_revenue_reduction_not_automatically_avoidable,2.3999999999999773,gross_to_net_reduction,35,"Validate discount/refund authorization, business purpose and policy compliance.",32.70588235294118,48.082352941176474,medium,2,1056
316,332,1.12 Frozen Products,Pan Pa Ya Pandebonos Rellenos 9.5oz,1771.44,1769.14,REVENUE_REDUCTION,revenue_efficiency,confirmed_revenue_reduction_not_automatically_avoidable,2.2999999999999545,gross_to_net_reduction,35,"Validate discount/refund authorization, business purpose and policy compliance.",32.588235294117645,48.035294117647055,medium,2,1057
790,806,1.25 Sweets & Candies,Sonrics Rockaleta X20,98.75,98.75,CATALOG_ACTIONABLE,catalog_control,sales_associated_with_review_candidate,98.75,associated_positive_net_sales,35,"Validate SKU/UPC, presentation, duplicate status and pack-size configuration before any merge.",32.407407407407405,47.96296296296296,medium,2,1058
114,130,2. Restaurant,Ensalada - Salad,98.78,96.53,REVENUE_REDUCTION,revenue_efficiency,confirmed_revenue_reduction_not_automatically_avoidable,2.25,gross_to_net_reduction,35,"Validate discount/refund authorization, business purpose and policy compliance.",32.35294117647059,47.94117647058823,medium,2,1059
839,855,1.25 Sweets & Candies,Bimbo Mini Mantecadas - 2.20 oz Unit,46.19,43.94,REVENUE_REDUCTION,revenue_efficiency,confirmed_revenue_reduction_not_automatically_avoidable,2.25,gross_to_net_reduction,35,"Validate discount/refund authorization, business purpose and policy compliance.",32.35294117647059,47.94117647058823,medium,2,1060
1281,1297,"1.06 Coffee, Cocoa, Panela, Butter",Juan Valdez Cafe Buendia Descafeinado 3.52 oz,811.15,808.9,REVENUE_REDUCTION,revenue_efficiency,confirmed_revenue_reduction_not_automatically_avoidable,2.25,gross_to_net_reduction,35,"Validate discount/refund authorization, business purpose and policy compliance.",32.35294117647059,47.94117647058823,medium,2,1061
834,850,1.25 Sweets & Candies,Las Negras Torta de Café 1350 Gr UNIT,60.75,45.91,LOW_MARGIN,profitability_result,margin_review_not_confirmed_loss,45.91,associated_net_sales,35,Review price-cost relationship and whether discounts compressed the observed margin.,32.30769230769231,47.92307692307692,medium,2,1062
1990,2006,Uncategorized,Manual Transaction,0.0,-2.2,REVENUE_REDUCTION,revenue_efficiency,confirmed_revenue_reduction_not_automatically_avoidable,2.2,gross_to_net_reduction,35,"Validate discount/refund authorization, business purpose and policy compliance.",32.11764705882353,47.84705882352941,medium,2,1063
1919,1935,1.11 Fresh Products,Tomatillos / Green Tomato Kg,2577.73,2575.59,REVENUE_REDUCTION,revenue_efficiency,confirmed_revenue_reduction_not_automatically_avoidable,2.1399999999998727,gross_to_net_reduction,35,"Validate discount/refund authorization, business purpose and policy compliance.",32.0,47.8,medium,2,1064
547,563,1.03 Beverages,Grace Coconut Water - 500 ML,123.25,121.12,REVENUE_REDUCTION,revenue_efficiency,confirmed_revenue_reduction_not_automatically_avoidable,2.1299999999999955,gross_to_net_reduction,35,"Validate discount/refund authorization, business purpose and policy compliance.",31.88235294117647,47.752941176470586,medium,2,1065
1710,1726,1.14 Herbal Teas,La Fiesta Flor de Jamaica 8oz,5985.0,5982.9,REVENUE_REDUCTION,revenue_efficiency,confirmed_revenue_reduction_not_automatically_avoidable,2.100000000000364,gross_to_net_reduction,35,"Validate discount/refund authorization, business purpose and policy compliance.",31.76470588235294,47.705882352941174,medium,2,1066
1149,1165,1.23 Sauces,La Costena Mole Rojo 9 oz,810.84,808.74,REVENUE_REDUCTION,revenue_efficiency,confirmed_revenue_reduction_not_automatically_avoidable,2.1000000000000227,gross_to_net_reduction,35,"Validate discount/refund authorization, business purpose and policy compliance.",31.647058823529413,47.65882352941176,medium,2,1067
1264,1280,"1.06 Coffee, Cocoa, Panela, Butter",Juan Valdez Classic Buen Dia 3.5oz,3517.36,3515.26,REVENUE_REDUCTION,revenue_efficiency,confirmed_revenue_reduction_not_automatically_avoidable,2.099999999999909,gross_to_net_reduction,35,"Validate discount/refund authorization, business purpose and policy compliance.",31.529411764705884,47.61176470588235,medium,2,1068
791,807,1.25 Sweets & Candies,De La Rosa Pulparindo Extra Spicy 280g / 10oz UNIT,97.8,97.8,CATALOG_ACTIONABLE,catalog_control,sales_associated_with_review_candidate,97.8,associated_positive_net_sales,35,"Validate SKU/UPC, presentation, duplicate status and pack-size configuration before any merge.",31.48148148148148,47.592592592592595,medium,2,1069
959,975,1.05 Chips & Snacks,Doritos Dinamita Flamin' Hot - 220 Gr,575.2,573.13,REVENUE_REDUCTION,revenue_efficiency,confirmed_revenue_reduction_not_automatically_avoidable,2.07000000000005,gross_to_net_reduction,35,"Validate discount/refund authorization, business purpose and policy compliance.",31.411764705882355,47.56470588235294,medium,2,1070
647,663,1.25 Sweets & Candies,Colombina Guava Spread 600g,796.86,794.86,REVENUE_REDUCTION,revenue_efficiency,confirmed_revenue_reduction_not_automatically_avoidable,2.0,gross_to_net_reduction,35,"Validate discount/refund authorization, business purpose and policy compliance.",31.058823529411768,47.423529411764704,medium,2,1071
1432,1448,1.04 Can Products,La Costena Whole Pickled  Jalapeno - 737 Gr - 26oz,826.62,824.62,REVENUE_REDUCTION,revenue_efficiency,confirmed_revenue_reduction_not_automatically_avoidable,2.0,gross_to_net_reduction,35,"Validate discount/refund authorization, business purpose and policy compliance.",31.058823529411768,47.423529411764704,medium,2,1072
1448,1464,1.04 Can Products,La Costena Chipotle Peppers Adobo 6.55 oz,440.02,438.02,REVENUE_REDUCTION,revenue_efficiency,confirmed_revenue_reduction_not_automatically_avoidable,2.0,gross_to_net_reduction,35,"Validate discount/refund authorization, business purpose and policy compliance.",31.058823529411768,47.423529411764704,medium,2,1073
1773,1789,1.28 Grains,Verde Valle Frijol Pinto 1lb,323.46,321.46,REVENUE_REDUCTION,revenue_efficiency,confirmed_revenue_reduction_not_automatically_avoidable,2.0,gross_to_net_reduction,35,"Validate discount/refund authorization, business purpose and policy compliance.",31.058823529411768,47.423529411764704,medium,2,1074
1963,1979,1.15 Instant Powder,Gelatina Madrugada Pineapple 2.99 oz/ 85g,17.91,15.91,REVENUE_REDUCTION,revenue_efficiency,confirmed_revenue_reduction_not_automatically_avoidable,2.0,gross_to_net_reduction,35,"Validate discount/refund authorization, business purpose and policy compliance.",31.058823529411768,47.423529411764704,medium,2,1075
835,851,1.25 Sweets & Candies,Reserva Minas Doce Cidra Ralada  640g,64.95,45.45,LOW_MARGIN,profitability_result,margin_review_not_confirmed_loss,45.45,associated_net_sales,35,Review price-cost relationship and whether discounts compressed the observed margin.,30.76923076923077,47.30769230769231,medium,2,1076
501,517,1.03 Beverages,Jarritos Mango 1.5 LT,299.25,297.26,REVENUE_REDUCTION,revenue_efficiency,confirmed_revenue_reduction_not_automatically_avoidable,1.990000000000009,gross_to_net_reduction,35,"Validate discount/refund authorization, business purpose and policy compliance.",30.64705882352941,47.258823529411764,medium,2,1077
1973,1989,Uncategorized,Las Sevillanas Glorias 21 oz Las Sevillanas Glorias unit,401.98,399.99,REVENUE_REDUCTION,revenue_efficiency,confirmed_revenue_reduction_not_automatically_avoidable,1.990000000000009,gross_to_net_reduction,35,"Validate discount/refund authorization, business purpose and policy compliance.",30.64705882352941,47.258823529411764,medium,2,1078
1026,1042,1.05 Chips & Snacks,Totis Donita Con Chile y Limon 24 / 50 Gr,95.68,95.68,CATALOG_ACTIONABLE,catalog_control,sales_associated_with_review_candidate,95.68,associated_positive_net_sales,35,"Validate SKU/UPC, presentation, duplicate status and pack-size configuration before any merge.",30.555555555555557,47.22222222222222,medium,2,1079
594,610,1.03 Beverages,Ole Cocktail  - Non Alcoholic Pineapple,31.92,29.93,REVENUE_REDUCTION,revenue_efficiency,confirmed_revenue_reduction_not_automatically_avoidable,1.990000000000002,gross_to_net_reduction,35,"Validate discount/refund authorization, business purpose and policy compliance.",30.470588235294116,47.188235294117646,medium,2,1080
91,107,2. Restaurant,Fresh Bocado Salsa Habanero,359.4,357.41,REVENUE_REDUCTION,revenue_efficiency,confirmed_revenue_reduction_not_automatically_avoidable,1.9899999999999523,gross_to_net_reduction,35,"Validate discount/refund authorization, business purpose and policy compliance.",30.352941176470587,47.141176470588235,medium,2,1081
822,838,1.25 Sweets & Candies,Las Negras Torta de Café 1350 g unit 90g,56.81,54.85,REVENUE_REDUCTION,revenue_efficiency,confirmed_revenue_reduction_not_automatically_avoidable,1.9600000000000009,gross_to_net_reduction,35,"Validate discount/refund authorization, business purpose and policy compliance.",30.176470588235293,47.07058823529412,medium,2,1082
847,863,1.25 Sweets & Candies,Las Negras Torta de Naranja con semillas de amapola y miel 1200 g Unit 80g,35.88,33.92,REVENUE_REDUCTION,revenue_efficiency,confirmed_revenue_reduction_not_automatically_avoidable,1.9600000000000009,gross_to_net_reduction,35,"Validate discount/refund authorization, business purpose and policy compliance.",30.176470588235293,47.07058823529412,medium,2,1083
1112,1128,1.10 Dairy,Rumba Cheese Quesillo Doble Crema Kg,1849.3,1847.36,REVENUE_REDUCTION,revenue_efficiency,confirmed_revenue_reduction_not_automatically_avoidable,1.9400000000000546,gross_to_net_reduction,35,"Validate discount/refund authorization, business purpose and policy compliance.",30.0,47.0,medium,2,1084
287,303,4.Bakery,160 Corn Baked Bread Biscuit and Cheese,7.5,5.62,REVENUE_REDUCTION,revenue_efficiency,confirmed_revenue_reduction_not_automatically_avoidable,1.88,gross_to_net_reduction,35,"Validate discount/refund authorization, business purpose and policy compliance.",29.88235294117647,46.95294117647059,medium,2,1085
343,359,1.12 Frozen Products,Incas Food Choclo Entero Frozen 2lb / 910g,611.0,609.15,REVENUE_REDUCTION,revenue_efficiency,confirmed_revenue_reduction_not_automatically_avoidable,1.8500000000000227,gross_to_net_reduction,35,"Validate discount/refund authorization, business purpose and policy compliance.",29.764705882352942,46.90588235294118,medium,2,1086
334,350,1.12 Frozen Products,Fresh Bocado Mango Pulp 64oz,725.6,723.8,REVENUE_REDUCTION,revenue_efficiency,confirmed_revenue_reduction_not_automatically_avoidable,1.8000000000000682,gross_to_net_reduction,35,"Validate discount/refund authorization, business purpose and policy compliance.",29.64705882352941,46.858823529411765,medium,2,1087
795,811,1.25 Sweets & Candies,Duvalin Fresa Vainilla BOX,90.67,90.67,CATALOG_ACTIONABLE,catalog_control,sales_associated_with_review_candidate,90.67,associated_positive_net_sales,35,"Validate SKU/UPC, presentation, duplicate status and pack-size configuration before any merge.",29.629629629629626,46.85185185185185,medium,2,1088
237,253,4.Bakery,160 Tequeno Nutella X 3,305.49,303.69,REVENUE_REDUCTION,revenue_efficiency,confirmed_revenue_reduction_not_automatically_avoidable,1.8000000000000114,gross_to_net_reduction,35,"Validate discount/refund authorization, business purpose and policy compliance.",29.235294117647058,46.694117647058825,medium,2,1089
242,258,4.Bakery,160 Empanada criolla pollo y queso,198.0,196.2,REVENUE_REDUCTION,revenue_efficiency,confirmed_revenue_reduction_not_automatically_avoidable,1.8000000000000114,gross_to_net_reduction,35,"Validate discount/refund authorization, business purpose and policy compliance.",29.235294117647058,46.694117647058825,medium,2,1090
361,377,1.12 Frozen Products,Fresh Bocado Passion Fruit With Seeds 14oz,307.56,305.76,REVENUE_REDUCTION,revenue_efficiency,confirmed_revenue_reduction_not_automatically_avoidable,1.8000000000000114,gross_to_net_reduction,35,"Validate discount/refund authorization, business purpose and policy compliance.",29.235294117647058,46.694117647058825,medium,2,1091
968,984,1.05 Chips & Snacks,Yupi Papa Mayonesa Rizadas Familiar 115g,455.24,453.44,REVENUE_REDUCTION,revenue_efficiency,confirmed_revenue_reduction_not_automatically_avoidable,1.8000000000000114,gross_to_net_reduction,35,"Validate discount/refund authorization, business purpose and policy compliance.",29.235294117647058,46.694117647058825,medium,2,1092
979,995,1.05 Chips & Snacks,Yupi Papa Limon Rizadas Familiar 115 gr,377.37,375.57,REVENUE_REDUCTION,revenue_efficiency,confirmed_revenue_reduction_not_automatically_avoidable,1.8000000000000114,gross_to_net_reduction,35,"Validate discount/refund authorization, business purpose and policy compliance.",29.235294117647058,46.694117647058825,medium,2,1093
1524,1540,3.Coffee160,Oatmeal Frappe,137.77,135.97,REVENUE_REDUCTION,revenue_efficiency,confirmed_revenue_reduction_not_automatically_avoidable,1.8000000000000114,gross_to_net_reduction,35,"Validate discount/refund authorization, business purpose and policy compliance.",29.235294117647058,46.694117647058825,medium,2,1094
391,407,1.12 Frozen Products,Freddo Galletitas Pepas Dulce de Membrillo  140gr,44.95,44.95,LOW_MARGIN,profitability_result,margin_review_not_confirmed_loss,44.95,associated_net_sales,35,Review price-cost relationship and whether discounts compressed the observed margin.,29.230769230769234,46.69230769230769,medium,2,1095
180,196,4.Bakery,160 Empanada Criolla Champinones y Queso,2046.99,2045.19,REVENUE_REDUCTION,revenue_efficiency,confirmed_revenue_reduction_not_automatically_avoidable,1.7999999999999545,gross_to_net_reduction,35,"Validate discount/refund authorization, business purpose and policy compliance.",28.823529411764703,46.529411764705884,medium,2,1096
115,131,2. Restaurant,Delivery fee,90.0,90.0,CATALOG_ACTIONABLE,catalog_control,sales_associated_with_review_candidate,90.0,associated_positive_net_sales,35,"Validate SKU/UPC, presentation, duplicate status and pack-size configuration before any merge.",28.703703703703702,46.48148148148148,medium,2,1097
131,147,2. Restaurant,Platano con Queso,10.5,8.75,REVENUE_REDUCTION,revenue_efficiency,confirmed_revenue_reduction_not_automatically_avoidable,1.75,gross_to_net_reduction,35,"Validate discount/refund authorization, business purpose and policy compliance.",28.52941176470588,46.41176470588235,medium,2,1098
176,192,4.Bakery,160 Empanada Criolla Choriqueso,2246.91,2245.16,REVENUE_REDUCTION,revenue_efficiency,confirmed_revenue_reduction_not_automatically_avoidable,1.75,gross_to_net_reduction,35,"Validate discount/refund authorization, business purpose and policy compliance.",28.52941176470588,46.41176470588235,medium,2,1099
824,840,1.25 Sweets & Candies,Bimbo Mini Mantecadas - 2.20 oz,54.25,52.5,REVENUE_REDUCTION,revenue_efficiency,confirmed_revenue_reduction_not_automatically_avoidable,1.75,gross_to_net_reduction,35,"Validate discount/refund authorization, business purpose and policy compliance.",28.52941176470588,46.41176470588235,medium,2,1100
1729,1745,1.14 Herbal Teas,Yerba Mate Rosamonte Organica Zipper - 250 Gr,181.74,179.99,REVENUE_REDUCTION,revenue_efficiency,confirmed_revenue_reduction_not_automatically_avoidable,1.75,gross_to_net_reduction,35,"Validate discount/refund authorization, business purpose and policy compliance.",28.52941176470588,46.41176470588235,medium,2,1101
672,688,1.25 Sweets & Candies,Marinela Gansitos - 50 Gr UNIT,514.44,512.73,REVENUE_REDUCTION,revenue_efficiency,confirmed_revenue_reduction_not_automatically_avoidable,1.7100000000000364,gross_to_net_reduction,35,"Validate discount/refund authorization, business purpose and policy compliance.",28.235294117647058,46.294117647058826,medium,2,1102
1550,1566,1.22 Refrigerated,UMS Chorizo Cerdo 600g,3618.87,3617.17,REVENUE_REDUCTION,revenue_efficiency,confirmed_revenue_reduction_not_automatically_avoidable,1.699999999999818,gross_to_net_reduction,35,"Validate discount/refund authorization, business purpose and policy compliance.",28.11764705882353,46.247058823529414,medium,2,1103
85,101,2. Restaurant,Delivery fee,520.0,518.31,REVENUE_REDUCTION,revenue_efficiency,confirmed_revenue_reduction_not_automatically_avoidable,1.6900000000000546,gross_to_net_reduction,35,"Validate discount/refund authorization, business purpose and policy compliance.",28.000000000000004,46.2,medium,2,1104
637,653,1.25 Sweets & Candies,La Molienda Japanese Peanut Paketon 180g/ 6.3 oz,1009.25,1007.59,REVENUE_REDUCTION,revenue_efficiency,confirmed_revenue_reduction_not_automatically_avoidable,1.6599999999999682,gross_to_net_reduction,35,"Validate discount/refund authorization, business purpose and policy compliance.",27.88235294117647,46.15294117647059,medium,2,1105
1910,1926,1.08 Brines,Sabor Mineiro Pimienta Malagueta 24/ 12oz/ 300g,89.94,89.94,CATALOG_ACTIONABLE,catalog_control,sales_associated_with_review_candidate,89.94,associated_positive_net_sales,35,"Validate SKU/UPC, presentation, duplicate status and pack-size configuration before any merge.",27.77777777777778,46.111111111111114,medium,2,1106
1527,1543,3.Coffee160,Mint Lemonade,126.27,124.62,REVENUE_REDUCTION,revenue_efficiency,confirmed_revenue_reduction_not_automatically_avoidable,1.6499999999999915,gross_to_net_reduction,35,"Validate discount/refund authorization, business purpose and policy compliance.",27.764705882352942,46.10588235294118,medium,2,1107
120,136,2. Restaurant,Empanada Cheese and Potato 15 pck,47.97,40.97,LOW_MARGIN,profitability_result,margin_review_not_confirmed_loss,40.97,associated_net_sales,35,Review price-cost relationship and whether discounts compressed the observed margin.,27.692307692307693,46.07692307692308,medium,2,1108
1069,1085,1.26 Tortillas,"Romero White Tortilla Mini 4.5"" 30oz",1855.62,1853.97,REVENUE_REDUCTION,revenue_efficiency,confirmed_revenue_reduction_not_automatically_avoidable,1.6499999999998636,gross_to_net_reduction,35,"Validate discount/refund authorization, business purpose and policy compliance.",27.647058823529413,46.05882352941177,medium,2,1109
1761,1777,1.28 Grains,Goya Maiz Trillado Blanco 397g,464.75,463.12,REVENUE_REDUCTION,revenue_efficiency,confirmed_revenue_reduction_not_automatically_avoidable,1.6299999999999955,gross_to_net_reduction,35,"Validate discount/refund authorization, business purpose and policy compliance.",27.52941176470588,46.01176470588236,medium,2,1110
1637,1653,1.09 Cookies & Crackers,Noel Festival Limon 403g,1020.13,1018.53,REVENUE_REDUCTION,revenue_efficiency,confirmed_revenue_reduction_not_automatically_avoidable,1.6000000000000227,gross_to_net_reduction,35,"Validate discount/refund authorization, business purpose and policy compliance.",27.41176470588235,45.964705882352945,medium,2,1111
1857,1873,1.18 Pasta-Soups,Maruchan Chili Piquin with Shrimp  2.25oz,411.93,410.34,REVENUE_REDUCTION,revenue_efficiency,confirmed_revenue_reduction_not_automatically_avoidable,1.5900000000000318,gross_to_net_reduction,35,"Validate discount/refund authorization, business purpose and policy compliance.",27.294117647058826,45.91764705882353,medium,2,1112
1586,1602,1.13 Flours,Maizena Bunuelos 300g,434.0,432.44,REVENUE_REDUCTION,revenue_efficiency,confirmed_revenue_reduction_not_automatically_avoidable,1.5600000000000023,gross_to_net_reduction,35,"Validate discount/refund authorization, business purpose and policy compliance.",27.176470588235297,45.87058823529412,medium,2,1113
1952,1968,1.15 Instant Powder,Zuko Family PK Tamarindo - 14.1 oz,89.9,89.9,CATALOG_ACTIONABLE,catalog_control,sales_associated_with_review_candidate,89.9,associated_positive_net_sales,35,"Validate SKU/UPC, presentation, duplicate status and pack-size configuration before any merge.",26.851851851851855,45.74074074074074,medium,2,1114
213,229,4.Bakery,Aborrajado Unit,1160.12,1158.62,REVENUE_REDUCTION,revenue_efficiency,confirmed_revenue_reduction_not_automatically_avoidable,1.5,gross_to_net_reduction,35,"Validate discount/refund authorization, business purpose and policy compliance.",26.764705882352942,45.705882352941174,medium,2,1115
639,655,1.25 Sweets & Candies,Jet Chocolatina - 264 Gr X24,1004.33,1002.83,REVENUE_REDUCTION,revenue_efficiency,confirmed_revenue_reduction_not_automatically_avoidable,1.5,gross_to_net_reduction,35,"Validate discount/refund authorization, business purpose and policy compliance.",26.764705882352942,45.705882352941174,medium,2,1116
1066,1082,1.26 Tortillas,Romero Yellow Corn Tortilla KS 6.5'' 40oz / 30ct,2659.67,2658.17,REVENUE_REDUCTION,revenue_efficiency,confirmed_revenue_reduction_not_automatically_avoidable,1.5,gross_to_net_reduction,35,"Validate discount/refund authorization, business purpose and policy compliance.",26.764705882352942,45.705882352941174,medium,2,1117
1119,1135,1.10 Dairy,Rumba Queso Duro Blando Kg,385.99,384.49,REVENUE_REDUCTION,revenue_efficiency,confirmed_revenue_reduction_not_automatically_avoidable,1.5,gross_to_net_reduction,35,"Validate discount/refund authorization, business purpose and policy compliance.",26.764705882352942,45.705882352941174,medium,2,1118
1588,1604,1.13 Flours,Pinduca Pao deQueijo Mix 1 Kg,395.34,393.84,REVENUE_REDUCTION,revenue_efficiency,confirmed_revenue_reduction_not_automatically_avoidable,1.5,gross_to_net_reduction,35,"Validate discount/refund authorization, business purpose and policy compliance.",26.764705882352942,45.705882352941174,medium,2,1119
1671,1687,1.09 Cookies & Crackers,Chiky Vanilla Cookies 480g bag,119.8,118.3,REVENUE_REDUCTION,revenue_efficiency,confirmed_revenue_reduction_not_automatically_avoidable,1.5,gross_to_net_reduction,35,"Validate discount/refund authorization, business purpose and policy compliance.",26.764705882352942,45.705882352941174,medium,2,1120
478,494,1.03 Beverages,Frescolita Lata -  330 ml UNIT,408.36,406.87,REVENUE_REDUCTION,revenue_efficiency,confirmed_revenue_reduction_not_automatically_avoidable,1.490000000000009,gross_to_net_reduction,35,"Validate discount/refund authorization, business purpose and policy compliance.",26.35294117647059,45.54117647058824,medium,2,1121
1075,1091,1.26 Tortillas,Romero Sopes 12ct 20oz,804.75,803.3,REVENUE_REDUCTION,revenue_efficiency,confirmed_revenue_reduction_not_automatically_avoidable,1.4500000000000455,gross_to_net_reduction,35,"Validate discount/refund authorization, business purpose and policy compliance.",26.235294117647058,45.49411764705882,medium,2,1122
122,138,2. Restaurant,Delivery Fee,40.0,40.0,LOW_MARGIN,profitability_result,margin_review_not_confirmed_loss,40.0,associated_net_sales,35,Review price-cost relationship and whether discounts compressed the observed margin.,26.153846153846157,45.46153846153846,medium,2,1123
935,951,1.05 Chips & Snacks,La Visita Chicharrones 3oz,973.7,972.26,REVENUE_REDUCTION,revenue_efficiency,confirmed_revenue_reduction_not_automatically_avoidable,1.4400000000000546,gross_to_net_reduction,35,"Validate discount/refund authorization, business purpose and policy compliance.",26.11764705882353,45.44705882352941,medium,2,1124
1262,1278,"1.06 Coffee, Cocoa, Panela, Butter",Fresh Bocado Panela Fraccionada 8U 908 g,4270.89,4269.49,REVENUE_REDUCTION,revenue_efficiency,confirmed_revenue_reduction_not_automatically_avoidable,1.4000000000005457,gross_to_net_reduction,35,"Validate discount/refund authorization, business purpose and policy compliance.",26.0,45.4,medium,2,1125
567,583,1.03 Beverages,Topo Chico Mineral Water Glass 750 ML - T Box X12,86.99,86.99,CATALOG_ACTIONABLE,catalog_control,sales_associated_with_review_candidate,86.99,associated_positive_net_sales,35,"Validate SKU/UPC, presentation, duplicate status and pack-size configuration before any merge.",25.925925925925924,45.37037037037037,medium,2,1126
312,328,1.12 Frozen Products,Dona Emilia Arracacha,2084.51,2083.11,REVENUE_REDUCTION,revenue_efficiency,confirmed_revenue_reduction_not_automatically_avoidable,1.400000000000091,gross_to_net_reduction,35,"Validate discount/refund authorization, business purpose and policy compliance.",25.823529411764707,45.32941176470588,medium,2,1127
322,338,1.12 Frozen Products,Fresh Bocado Soursop Pulp 14oz,1432.95,1431.55,REVENUE_REDUCTION,revenue_efficiency,confirmed_revenue_reduction_not_automatically_avoidable,1.400000000000091,gross_to_net_reduction,35,"Validate discount/refund authorization, business purpose and policy compliance.",25.823529411764707,45.32941176470588,medium,2,1128
1170,1186,1.23 Sauces,Alacena Mayonesa 13.5oz,433.69,432.29,REVENUE_REDUCTION,revenue_efficiency,confirmed_revenue_reduction_not_automatically_avoidable,1.3999999999999773,gross_to_net_reduction,35,"Validate discount/refund authorization, business purpose and policy compliance.",25.529411764705884,45.21176470588235,medium,2,1129
1171,1187,1.23 Sauces,Alacena Tari Crema de Aji 14.11oz,433.69,432.29,REVENUE_REDUCTION,revenue_efficiency,confirmed_revenue_reduction_not_automatically_avoidable,1.3999999999999773,gross_to_net_reduction,35,"Validate discount/refund authorization, business purpose and policy compliance.",25.529411764705884,45.21176470588235,medium,2,1130
2036,2052,1.27 Utensils,Su Hogar Chocolatera 2L,489.65,488.25,REVENUE_REDUCTION,revenue_efficiency,confirmed_revenue_reduction_not_automatically_avoidable,1.3999999999999773,gross_to_net_reduction,35,"Validate discount/refund authorization, business purpose and policy compliance.",25.529411764705884,45.21176470588235,medium,2,1131
559,575,1.03 Beverages,Postobon Apple Can - 10.5 Oz,99.5,98.11,REVENUE_REDUCTION,revenue_efficiency,confirmed_revenue_reduction_not_automatically_avoidable,1.3900000000000006,gross_to_net_reduction,35,"Validate discount/refund authorization, business purpose and policy compliance.",25.294117647058822,45.11764705882353,medium,2,1132
475,491,1.03 Beverages,Jarritos Fruit Punch 12.5oz UNIT,425.79,424.42,REVENUE_REDUCTION,revenue_efficiency,confirmed_revenue_reduction_not_automatically_avoidable,1.3700000000000045,gross_to_net_reduction,35,"Validate discount/refund authorization, business purpose and policy compliance.",25.176470588235293,45.07058823529412,medium,2,1133
1572,1588,1.13 Flours,PAN Harina Dulce 500 g,2050.03,2048.68,REVENUE_REDUCTION,revenue_efficiency,confirmed_revenue_reduction_not_automatically_avoidable,1.3500000000003638,gross_to_net_reduction,35,"Validate discount/refund authorization, business purpose and policy compliance.",25.058823529411768,45.023529411764706,medium,2,1134
1609,1625,1.13 Flours,Maizena Atole Sabor Fresa 45 g / 1.5oz,85.41,85.41,CATALOG_ACTIONABLE,catalog_control,sales_associated_with_review_candidate,85.41,associated_positive_net_sales,35,"Validate SKU/UPC, presentation, duplicate status and pack-size configuration before any merge.",25.0,45.0,medium,2,1135
1180,1196,1.23 Sauces,Sibarita Panquita 250g / 8.82oz,336.75,335.4,REVENUE_REDUCTION,revenue_efficiency,confirmed_revenue_reduction_not_automatically_avoidable,1.3500000000000227,gross_to_net_reduction,35,"Validate discount/refund authorization, business purpose and policy compliance.",24.941176470588236,44.976470588235294,low,1,1136
53,69,2. Restaurant,Chicharron de Harina 130 gr,2308.5,2307.2,REVENUE_REDUCTION,revenue_efficiency,confirmed_revenue_reduction_not_automatically_avoidable,1.300000000000182,gross_to_net_reduction,35,"Validate discount/refund authorization, business purpose and policy compliance.",24.764705882352942,44.90588235294118,low,1,1137
412,428,1.03 Beverages,Pony Malta 11.12 oz / 330 ml Pony Malta x 6,2221.29,2219.99,REVENUE_REDUCTION,revenue_efficiency,confirmed_revenue_reduction_not_automatically_avoidable,1.300000000000182,gross_to_net_reduction,35,"Validate discount/refund authorization, business purpose and policy compliance.",24.764705882352942,44.90588235294118,low,1,1138
843,859,1.25 Sweets & Candies,Reserva Minas Doce Mamao Ralado  640g,51.96,38.96,LOW_MARGIN,profitability_result,margin_review_not_confirmed_loss,38.96,associated_net_sales,35,Review price-cost relationship and whether discounts compressed the observed margin.,24.615384615384617,44.84615384615385,low,1,1139
1272,1288,"1.06 Coffee, Cocoa, Panela, Butter",Luker Tradicional Amargo 8.75oz,1571.79,1570.49,REVENUE_REDUCTION,revenue_efficiency,confirmed_revenue_reduction_not_automatically_avoidable,1.2999999999999545,gross_to_net_reduction,35,"Validate discount/refund authorization, business purpose and policy compliance.",24.58823529411765,44.83529411764706,low,1,1140
1137,1153,1.23 Sauces,Valentina Salsa Roja 12oz,1524.32,1523.03,REVENUE_REDUCTION,revenue_efficiency,confirmed_revenue_reduction_not_automatically_avoidable,1.2899999999999636,gross_to_net_reduction,35,"Validate discount/refund authorization, business purpose and policy compliance.",24.47058823529412,44.78823529411765,low,1,1141
627,643,1.25 Sweets & Candies,Su Sabor Bocadillo Velenito 17.6 oz,1935.3,1934.02,REVENUE_REDUCTION,revenue_efficiency,confirmed_revenue_reduction_not_automatically_avoidable,1.2799999999999727,gross_to_net_reduction,35,"Validate discount/refund authorization, business purpose and policy compliance.",24.352941176470587,44.741176470588236,low,1,1142
104,120,2. Restaurant,Queso extra,171.25,170.0,REVENUE_REDUCTION,revenue_efficiency,confirmed_revenue_reduction_not_automatically_avoidable,1.25,gross_to_net_reduction,35,"Validate discount/refund authorization, business purpose and policy compliance.",24.11764705882353,44.64705882352941,low,1,1143
1730,1746,1.14 Herbal Teas,Tea Madrugada Hibiscus 0.35 oz,179.28,178.03,REVENUE_REDUCTION,revenue_efficiency,confirmed_revenue_reduction_not_automatically_avoidable,1.25,gross_to_net_reduction,35,"Validate discount/refund authorization, business purpose and policy compliance.",24.11764705882353,44.64705882352941,low,1,1144
1764,1780,1.28 Grains,Quaker Frescavena Strawberry - 11.11 oz,449.64,448.39,REVENUE_REDUCTION,revenue_efficiency,confirmed_revenue_reduction_not_automatically_avoidable,1.25,gross_to_net_reduction,35,"Validate discount/refund authorization, business purpose and policy compliance.",24.11764705882353,44.64705882352941,low,1,1145
443,459,1.03 Beverages,Jarritos Lime 12.5oz x Unit,717.96,716.72,REVENUE_REDUCTION,revenue_efficiency,confirmed_revenue_reduction_not_automatically_avoidable,1.240000000000009,gross_to_net_reduction,35,"Validate discount/refund authorization, business purpose and policy compliance.",23.823529411764703,44.529411764705884,low,1,1146
659,675,1.25 Sweets & Candies,La Molienda Japanese Peanut Paketon - 150 Grs,607.21,605.97,REVENUE_REDUCTION,revenue_efficiency,confirmed_revenue_reduction_not_automatically_avoidable,1.240000000000009,gross_to_net_reduction,35,"Validate discount/refund authorization, business purpose and policy compliance.",23.823529411764703,44.529411764705884,low,1,1147
1261,1277,"1.06 Coffee, Cocoa, Panela, Butter",Corona Chocolate 500 gr Tradicional,4724.06,4722.86,REVENUE_REDUCTION,revenue_efficiency,confirmed_revenue_reduction_not_automatically_avoidable,1.2000000000007276,gross_to_net_reduction,35,"Validate discount/refund authorization, business purpose and policy compliance.",23.647058823529413,44.45882352941177,low,1,1148
802,818,1.25 Sweets & Candies,De La Rosa Pulparindots Sandia 12.8Oz / 360 BOX,80.91,80.91,CATALOG_ACTIONABLE,catalog_control,sales_associated_with_review_candidate,80.91,associated_positive_net_sales,35,"Validate SKU/UPC, presentation, duplicate status and pack-size configuration before any merge.",23.61111111111111,44.44444444444444,low,1,1149
1954,1970,1.15 Instant Powder,Zuko Family PK Mango - 14.1 oz,80.91,80.91,CATALOG_ACTIONABLE,catalog_control,sales_associated_with_review_candidate,80.91,associated_positive_net_sales,35,"Validate SKU/UPC, presentation, duplicate status and pack-size configuration before any merge.",23.61111111111111,44.44444444444444,low,1,1150
643,659,1.25 Sweets & Candies,Las Sevillanas Glorias 21 oz UNIT,919.49,918.29,REVENUE_REDUCTION,revenue_efficiency,confirmed_revenue_reduction_not_automatically_avoidable,1.2000000000000455,gross_to_net_reduction,35,"Validate discount/refund authorization, business purpose and policy compliance.",23.47058823529412,44.38823529411765,low,1,1151
1319,1335,1.07 Condiments & Spices,UMS Oregano 50 Gr,1617.0,1615.8,REVENUE_REDUCTION,revenue_efficiency,confirmed_revenue_reduction_not_automatically_avoidable,1.2000000000000455,gross_to_net_reduction,35,"Validate discount/refund authorization, business purpose and policy compliance.",23.47058823529412,44.38823529411765,low,1,1152
1862,1878,1.18 Pasta-Soups,Maruchan Chicken Spicy 2.25 oz,312.43,311.23,REVENUE_REDUCTION,revenue_efficiency,confirmed_revenue_reduction_not_automatically_avoidable,1.1999999999999886,gross_to_net_reduction,35,"Validate discount/refund authorization, business purpose and policy compliance.",23.235294117647058,44.294117647058826,low,1,1153
1975,1991,Uncategorized,Postobon Hit Mora Bottle 8oz x Unit,374.12,372.92,REVENUE_REDUCTION,revenue_efficiency,confirmed_revenue_reduction_not_automatically_avoidable,1.1999999999999886,gross_to_net_reduction,35,"Validate discount/refund authorization, business purpose and policy compliance.",23.235294117647058,44.294117647058826,low,1,1154
1043,1059,1.05 Chips & Snacks,Frito Lay Crujitos Queso y Chile 1.13 oz,44.2,35.1,LOW_MARGIN,profitability_result,margin_review_not_confirmed_loss,35.1,associated_net_sales,35,Review price-cost relationship and whether discounts compressed the observed margin.,23.076923076923077,44.230769230769226,low,1,1155
455,471,1.03 Beverages,Postobon Hit Blackberry Juice Drink - 1 LT,581.03,579.83,REVENUE_REDUCTION,revenue_efficiency,confirmed_revenue_reduction_not_automatically_avoidable,1.1999999999999318,gross_to_net_reduction,35,"Validate discount/refund authorization, business purpose and policy compliance.",23.0,44.2,low,1,1156
2007,2023,1.16 Miscelanea,Zote White Soap 400g,630.42,629.22,REVENUE_REDUCTION,revenue_efficiency,confirmed_revenue_reduction_not_automatically_avoidable,1.1999999999999318,gross_to_net_reduction,35,"Validate discount/refund authorization, business purpose and policy compliance.",23.0,44.2,low,1,1157
327,343,1.12 Frozen Products,Arepaisano Cassava Arepa x  4,1140.51,1139.36,REVENUE_REDUCTION,revenue_efficiency,confirmed_revenue_reduction_not_automatically_avoidable,1.150000000000091,gross_to_net_reduction,35,"Validate discount/refund authorization, business purpose and policy compliance.",22.823529411764707,44.12941176470588,low,1,1158
1989,2005,Uncategorized,Manual Transaction,0.0,-1.14,REVENUE_REDUCTION,revenue_efficiency,confirmed_revenue_reduction_not_automatically_avoidable,1.14,gross_to_net_reduction,35,"Validate discount/refund authorization, business purpose and policy compliance.",22.705882352941174,44.08235294117647,low,1,1159
523,539,1.03 Beverages,Electrolit Suero Hidratante  Fresa 625 g,187.66,186.54,REVENUE_REDUCTION,revenue_efficiency,confirmed_revenue_reduction_not_automatically_avoidable,1.1200000000000045,gross_to_net_reduction,35,"Validate discount/refund authorization, business purpose and policy compliance.",22.58823529411765,44.035294117647055,low,1,1160
248,264,4.Bakery,160 Alfajor Unit X4 PACK,139.86,139.86,LABEL_STANDARDIZATION,catalog_standardization,label_cleanup_no_loss_claim,139.86,associated_positive_net_sales,20,Standardize UNIT/PACK wording without changing the commercial presentation.,60.0,44.0,low,1,1161
1920,1936,1.11 Fresh Products,Nopales / Cactus KG,1942.44,1941.33,REVENUE_REDUCTION,revenue_efficiency,confirmed_revenue_reduction_not_automatically_avoidable,1.1100000000001273,gross_to_net_reduction,35,"Validate discount/refund authorization, business purpose and policy compliance.",22.470588235294116,43.98823529411764,low,1,1162
1336,1352,1.07 Condiments & Spices,Laurel ( Bay Leaf ) 50g,652.63,651.52,REVENUE_REDUCTION,revenue_efficiency,confirmed_revenue_reduction_not_automatically_avoidable,1.1100000000000136,gross_to_net_reduction,35,"Validate discount/refund authorization, business purpose and policy compliance.",22.35294117647059,43.94117647058823,low,1,1163
1692,1708,1.19 Peppers,Chile Guajillo con Cola 250 Gr 250 Gr,1956.22,1955.12,REVENUE_REDUCTION,revenue_efficiency,confirmed_revenue_reduction_not_automatically_avoidable,1.1000000000001364,gross_to_net_reduction,35,"Validate discount/refund authorization, business purpose and policy compliance.",22.235294117647058,43.89411764705882,low,1,1164
1031,1047,1.05 Chips & Snacks,Rebanaditas Paleta Chile 40 Pzas / 640 g unit,75.95,75.63,CATALOG_ACTIONABLE,catalog_control,sales_associated_with_review_candidate,75.63,associated_positive_net_sales,35,"Validate SKU/UPC, presentation, duplicate status and pack-size configuration before any merge.",22.22222222222222,43.888888888888886,low,1,1165
636,652,1.25 Sweets & Candies,Nestle La Lechera Bolsa 420 Gr,1011.08,1009.98,REVENUE_REDUCTION,revenue_efficiency,confirmed_revenue_reduction_not_automatically_avoidable,1.1000000000000227,gross_to_net_reduction,35,"Validate discount/refund authorization, business purpose and policy compliance.",22.058823529411764,43.82352941176471,low,1,1166
1453,1469,1.04 Can Products,Carey Mexican Hominy 99 oz,351.68,350.58,REVENUE_REDUCTION,revenue_efficiency,confirmed_revenue_reduction_not_automatically_avoidable,1.1000000000000227,gross_to_net_reduction,35,"Validate discount/refund authorization, business purpose and policy compliance.",22.058823529411764,43.82352941176471,low,1,1167
761,777,1.25 Sweets & Candies,Lucas Skwinkles Salsagheti 10.2 oz / 288 g X unit,132.0,130.9,REVENUE_REDUCTION,revenue_efficiency,confirmed_revenue_reduction_not_automatically_avoidable,1.0999999999999943,gross_to_net_reduction,35,"Validate discount/refund authorization, business purpose and policy compliance.",21.88235294117647,43.752941176470586,low,1,1168
1703,1719,1.19 Peppers,Chile Guajillo sin cola 250g,329.7,328.6,REVENUE_REDUCTION,revenue_efficiency,confirmed_revenue_reduction_not_automatically_avoidable,1.099999999999966,gross_to_net_reduction,35,"Validate discount/refund authorization, business purpose and policy compliance.",21.764705882352942,43.705882352941174,low,1,1169
192,208,4.Bakery,Bunuelo Unidad Panaderia,1677.5,1676.4,REVENUE_REDUCTION,revenue_efficiency,confirmed_revenue_reduction_not_automatically_avoidable,1.099999999999909,gross_to_net_reduction,35,"Validate discount/refund authorization, business purpose and policy compliance.",21.64705882352941,43.65882352941176,low,1,1170
277,293,4.Bakery,160 LM Medium Berry Cheesecake,32.99,32.99,LOW_MARGIN,profitability_result,margin_review_not_confirmed_loss,32.99,associated_net_sales,35,Review price-cost relationship and whether discounts compressed the observed margin.,21.53846153846154,43.61538461538461,low,1,1171
1640,1656,1.09 Cookies & Crackers,Noel Festival Chocolate 403g,857.11,856.03,REVENUE_REDUCTION,revenue_efficiency,confirmed_revenue_reduction_not_automatically_avoidable,1.080000000000041,gross_to_net_reduction,35,"Validate discount/refund authorization, business purpose and policy compliance.",21.470588235294116,43.588235294117645,low,1,1172
1641,1657,1.09 Cookies & Crackers,Noel Festival Vainilla 403g,854.23,853.15,REVENUE_REDUCTION,revenue_efficiency,confirmed_revenue_reduction_not_automatically_avoidable,1.080000000000041,gross_to_net_reduction,35,"Validate discount/refund authorization, business purpose and policy compliance.",21.470588235294116,43.588235294117645,low,1,1173
807,823,1.25 Sweets & Candies,Nestle Toronto Box 324g Nestle Toronto unit,155.25,68.31,CATALOG_ACTIONABLE,catalog_control,sales_associated_with_review_candidate,68.31,associated_positive_net_sales,35,"Validate SKU/UPC, presentation, duplicate status and pack-size configuration before any merge.",21.296296296296298,43.51851851851852,low,1,1174
521,537,1.03 Beverages,Sangria Senorial 11.16oz UNIT,189.24,188.16,REVENUE_REDUCTION,revenue_efficiency,confirmed_revenue_reduction_not_automatically_avoidable,1.0800000000000125,gross_to_net_reduction,35,"Validate discount/refund authorization, business purpose and policy compliance.",21.294117647058826,43.51764705882353,low,1,1175
1178,1194,1.23 Sauces,El Chilerito Chamoy 1lt / 33.8oz,358.0,356.95,REVENUE_REDUCTION,revenue_efficiency,confirmed_revenue_reduction_not_automatically_avoidable,1.0500000000000114,gross_to_net_reduction,35,"Validate discount/refund authorization, business purpose and policy compliance.",21.11764705882353,43.44705882352941,low,1,1176
1370,1386,1.07 Condiments & Spices,Knorr Tomato & Chicken Flavor Bouillon 3.5 oz - 100 Gr,257.25,256.2,REVENUE_REDUCTION,revenue_efficiency,confirmed_revenue_reduction_not_automatically_avoidable,1.0500000000000114,gross_to_net_reduction,35,"Validate discount/refund authorization, business purpose and policy compliance.",21.11764705882353,43.44705882352941,low,1,1177
1713,1729,1.14 Herbal Teas,Playadito Yerba Mate 1 Kg,1518.22,1517.19,REVENUE_REDUCTION,revenue_efficiency,confirmed_revenue_reduction_not_automatically_avoidable,1.0299999999999727,gross_to_net_reduction,35,"Validate discount/refund authorization, business purpose and policy compliance.",20.941176470588236,43.37647058823529,low,1,1178
811,827,1.25 Sweets & Candies,De La Rosa Pulparindots Mango 12.8Oz / 360g UNIT,62.55,62.45,CATALOG_ACTIONABLE,catalog_control,sales_associated_with_review_candidate,62.45,associated_positive_net_sales,35,"Validate SKU/UPC, presentation, duplicate status and pack-size configuration before any merge.",20.37037037037037,43.148148148148145,low,1,1179
849,865,1.25 Sweets & Candies,De La Rosa Marshmallows 12oz,37.5,29.98,LOW_MARGIN,profitability_result,margin_review_not_confirmed_loss,29.98,associated_net_sales,35,Review price-cost relationship and whether discounts compressed the observed margin.,20.0,43.0,low,1,1180
226,242,4.Bakery,Fresh Bocado Mini Bunuelos 15 pack,489.51,488.51,REVENUE_REDUCTION,revenue_efficiency,confirmed_revenue_reduction_not_automatically_avoidable,1.0,gross_to_net_reduction,35,"Validate discount/refund authorization, business purpose and policy compliance.",19.647058823529413,42.858823529411765,low,1,1181
228,244,4.Bakery,160 Argentine Capresse  Empanada,454.09,453.09,REVENUE_REDUCTION,revenue_efficiency,confirmed_revenue_reduction_not_automatically_avoidable,1.0,gross_to_net_reduction,35,"Validate discount/refund authorization, business purpose and policy compliance.",19.647058823529413,42.858823529411765,low,1,1182
229,245,4.Bakery,160 Empanada de Hojaldre Hawaina,454.09,453.09,REVENUE_REDUCTION,revenue_efficiency,confirmed_revenue_reduction_not_automatically_avoidable,1.0,gross_to_net_reduction,35,"Validate discount/refund authorization, business purpose and policy compliance.",19.647058823529413,42.858823529411765,low,1,1183
230,246,4.Bakery,160 Alfajor 4 Pack,409.59,408.59,REVENUE_REDUCTION,revenue_efficiency,confirmed_revenue_reduction_not_automatically_avoidable,1.0,gross_to_net_reduction,35,"Validate discount/refund authorization, business purpose and policy compliance.",19.647058823529413,42.858823529411765,low,1,1184
231,247,4.Bakery,FB Mini Buñuelos 15pc,399.6,398.6,REVENUE_REDUCTION,revenue_efficiency,confirmed_revenue_reduction_not_automatically_avoidable,1.0,gross_to_net_reduction,35,"Validate discount/refund authorization, business purpose and policy compliance.",19.647058823529413,42.858823529411765,low,1,1185
243,259,4.Bakery,160 Mini Alfajores 10 pack,169.83,168.83,REVENUE_REDUCTION,revenue_efficiency,confirmed_revenue_reduction_not_automatically_avoidable,1.0,gross_to_net_reduction,35,"Validate discount/refund authorization, business purpose and policy compliance.",19.647058823529413,42.858823529411765,low,1,1186
276,292,4.Bakery,Empanada Festival - Argentinas CHAMPIÑONES,40.0,39.0,REVENUE_REDUCTION,revenue_efficiency,confirmed_revenue_reduction_not_automatically_avoidable,1.0,gross_to_net_reduction,35,"Validate discount/refund authorization, business purpose and policy compliance.",19.647058823529413,42.858823529411765,low,1,1187
285,301,4.Bakery,Mini Alfajor de Maizena Coco y Caramelo  175 gr,9.99,8.99,REVENUE_REDUCTION,revenue_efficiency,confirmed_revenue_reduction_not_automatically_avoidable,1.0,gross_to_net_reduction,35,"Validate discount/refund authorization, business purpose and policy compliance.",19.647058823529413,42.858823529411765,low,1,1188
332,348,1.12 Frozen Products,Goya Tostones Frozen 1 LB,989.01,988.01,REVENUE_REDUCTION,revenue_efficiency,confirmed_revenue_reduction_not_automatically_avoidable,1.0,gross_to_net_reduction,35,"Validate discount/refund authorization, business purpose and policy compliance.",19.647058823529413,42.858823529411765,low,1,1189
429,445,1.03 Beverages,Squirt soda 355ml,1072.85,1071.85,REVENUE_REDUCTION,revenue_efficiency,confirmed_revenue_reduction_not_automatically_avoidable,1.0,gross_to_net_reduction,35,"Validate discount/refund authorization, business purpose and policy compliance.",19.647058823529413,42.858823529411765,low,1,1190
626,642,1.25 Sweets & Candies,Colombina Arequipe Caramel Spread 500 g,1948.05,1947.05,REVENUE_REDUCTION,revenue_efficiency,confirmed_revenue_reduction_not_automatically_avoidable,1.0,gross_to_net_reduction,35,"Validate discount/refund authorization, business purpose and policy compliance.",19.647058823529413,42.858823529411765,low,1,1191
671,687,1.25 Sweets & Candies,Ramo Chocoramo Chococake 65g,515.43,514.43,REVENUE_REDUCTION,revenue_efficiency,confirmed_revenue_reduction_not_automatically_avoidable,1.0,gross_to_net_reduction,35,"Validate discount/refund authorization, business purpose and policy compliance.",19.647058823529413,42.858823529411765,low,1,1192
770,786,1.25 Sweets & Candies,De La Rosa Pulparindots Mango 12.8Oz / 360g BOX,119.88,118.88,REVENUE_REDUCTION,revenue_efficiency,confirmed_revenue_reduction_not_automatically_avoidable,1.0,gross_to_net_reduction,35,"Validate discount/refund authorization, business purpose and policy compliance.",19.647058823529413,42.858823529411765,low,1,1193
1161,1177,1.23 Sauces,Tapatio Salsa Picante 32 oz,539.64,538.64,REVENUE_REDUCTION,revenue_efficiency,confirmed_revenue_reduction_not_automatically_avoidable,1.0,gross_to_net_reduction,35,"Validate discount/refund authorization, business purpose and policy compliance.",19.647058823529413,42.858823529411765,low,1,1194
1195,1211,1.23 Sauces,Zaaschila 3 Chiles Homestyle Sauce 6/265 g,224.55,223.55,REVENUE_REDUCTION,revenue_efficiency,confirmed_revenue_reduction_not_automatically_avoidable,1.0,gross_to_net_reduction,35,"Validate discount/refund authorization, business purpose and policy compliance.",19.647058823529413,42.858823529411765,low,1,1195
1323,1339,1.07 Condiments & Spices,Goya Sazon Azafran 3.52oz,1312.56,1311.56,REVENUE_REDUCTION,revenue_efficiency,confirmed_revenue_reduction_not_automatically_avoidable,1.0,gross_to_net_reduction,35,"Validate discount/refund authorization, business purpose and policy compliance.",19.647058823529413,42.858823529411765,low,1,1196
1450,1466,1.04 Can Products,Goya Green Pigeon Gandules Can 15.5oz,379.24,378.24,REVENUE_REDUCTION,revenue_efficiency,confirmed_revenue_reduction_not_automatically_avoidable,1.0,gross_to_net_reduction,35,"Validate discount/refund authorization, business purpose and policy compliance.",19.647058823529413,42.858823529411765,low,1,1197
1562,1578,1.22 Refrigerated,Ricoza Chorizo Mild Meat,459.54,458.54,REVENUE_REDUCTION,revenue_efficiency,confirmed_revenue_reduction_not_automatically_avoidable,1.0,gross_to_net_reduction,35,"Validate discount/refund authorization, business purpose and policy compliance.",19.647058823529413,42.858823529411765,low,1,1198
1694,1710,1.19 Peppers,Chile Pasilla Negro 150g 150 Gr,1348.65,1347.65,REVENUE_REDUCTION,revenue_efficiency,confirmed_revenue_reduction_not_automatically_avoidable,1.0,gross_to_net_reduction,35,"Validate discount/refund authorization, business purpose and policy compliance.",19.647058823529413,42.858823529411765,low,1,1199
1711,1727,1.14 Herbal Teas,UM Hibiscus  (Jamaica) 250G,3686.31,3685.31,REVENUE_REDUCTION,revenue_efficiency,confirmed_revenue_reduction_not_automatically_avoidable,1.0,gross_to_net_reduction,35,"Validate discount/refund authorization, business purpose and policy compliance.",19.647058823529413,42.858823529411765,low,1,1200
1988,2004,Uncategorized,Manual Transaction,0.0,-1.0,REVENUE_REDUCTION,revenue_efficiency,confirmed_revenue_reduction_not_automatically_avoidable,1.0,gross_to_net_reduction,35,"Validate discount/refund authorization, business purpose and policy compliance.",19.647058823529413,42.858823529411765,low,1,1201
117,133,2. Restaurant,Delivery Fee,60.0,60.0,CATALOG_ACTIONABLE,catalog_control,sales_associated_with_review_candidate,60.0,associated_positive_net_sales,35,"Validate SKU/UPC, presentation, duplicate status and pack-size configuration before any merge.",19.444444444444446,42.77777777777778,low,1,1202
267,283,4.Bakery,160 Alfajor 4 Pack,59.94,59.94,CATALOG_ACTIONABLE,catalog_control,sales_associated_with_review_candidate,59.94,associated_positive_net_sales,35,"Validate SKU/UPC, presentation, duplicate status and pack-size configuration before any merge.",18.51851851851852,42.407407407407405,low,1,1203
852,868,1.25 Sweets & Candies,Reserva Minas Doce Abobora com Coco 650g,38.97,29.22,LOW_MARGIN,profitability_result,margin_review_not_confirmed_loss,29.22,associated_net_sales,35,Review price-cost relationship and whether discounts compressed the observed margin.,18.461538461538463,42.38461538461539,low,1,1204
487,503,1.03 Beverages,Hit de Lulo 8 oz x Unit,372.13,371.14,REVENUE_REDUCTION,revenue_efficiency,confirmed_revenue_reduction_not_automatically_avoidable,0.9900000000000091,gross_to_net_reduction,35,"Validate discount/refund authorization, business purpose and policy compliance.",18.235294117647058,42.294117647058826,low,1,1205
504,520,1.03 Beverages,Maltin Polar 7oz Maltin Polar 7oz Unit,282.58,281.59,REVENUE_REDUCTION,revenue_efficiency,confirmed_revenue_reduction_not_automatically_avoidable,0.9900000000000091,gross_to_net_reduction,35,"Validate discount/refund authorization, business purpose and policy compliance.",18.235294117647058,42.294117647058826,low,1,1206
747,763,1.25 Sweets & Candies,De La Rosa Pulparindots Sandia 12.8Oz / 360 UNIT,188.31,187.32,REVENUE_REDUCTION,revenue_efficiency,confirmed_revenue_reduction_not_automatically_avoidable,0.9900000000000091,gross_to_net_reduction,35,"Validate discount/refund authorization, business purpose and policy compliance.",18.235294117647058,42.294117647058826,low,1,1207
465,481,1.03 Beverages,Jarritos Mango12.5 oz x Unit,514.77,513.79,REVENUE_REDUCTION,revenue_efficiency,confirmed_revenue_reduction_not_automatically_avoidable,0.9800000000000182,gross_to_net_reduction,35,"Validate discount/refund authorization, business purpose and policy compliance.",18.0,42.2,low,1,1208
815,831,1.25 Sweets & Candies,Las Negras Torta Negra Envinada 1500 g Unit 100g,59.8,58.82,REVENUE_REDUCTION,revenue_efficiency,confirmed_revenue_reduction_not_automatically_avoidable,0.9799999999999969,gross_to_net_reduction,35,"Validate discount/refund authorization, business purpose and policy compliance.",17.88235294117647,42.15294117647059,low,1,1209
1665,1681,1.09 Cookies & Crackers,Gamesa Emperador Pecan 14.3oz,185.25,184.27,REVENUE_REDUCTION,revenue_efficiency,confirmed_revenue_reduction_not_automatically_avoidable,0.9799999999999898,gross_to_net_reduction,35,"Validate discount/refund authorization, business purpose and policy compliance.",17.764705882352942,42.10588235294118,low,1,1210
1902,1918,1.08 Brines,La Costena Nopalitos 15.5oz,383.0,382.04,REVENUE_REDUCTION,revenue_efficiency,confirmed_revenue_reduction_not_automatically_avoidable,0.9599999999999795,gross_to_net_reduction,35,"Validate discount/refund authorization, business purpose and policy compliance.",17.647058823529413,42.05882352941177,low,1,1211
815,831,1.25 Sweets & Candies,Las Negras Torta Negra Envinada 1500 g Unit 100g,59.8,58.82,CATALOG_ACTIONABLE,catalog_control,sales_associated_with_review_candidate,58.82,associated_positive_net_sales,35,"Validate SKU/UPC, presentation, duplicate status and pack-size configuration before any merge.",17.59259259259259,42.03703703703704,low,1,1212
1893,1909,1.08 Brines,Durango Foods Cueritos / Seansoned Pork Rinds in Brine 16 oz / 1 Lb,1252.68,1251.73,REVENUE_REDUCTION,revenue_efficiency,confirmed_revenue_reduction_not_automatically_avoidable,0.9500000000000455,gross_to_net_reduction,35,"Validate discount/refund authorization, business purpose and policy compliance.",17.529411764705884,42.01176470588236,low,1,1213
621,637,1.25 Sweets & Candies,San Ignacio Dulce de Leche 450g,3344.28,3343.38,REVENUE_REDUCTION,revenue_efficiency,confirmed_revenue_reduction_not_automatically_avoidable,0.900000000000091,gross_to_net_reduction,35,"Validate discount/refund authorization, business purpose and policy compliance.",17.41176470588235,41.96470588235294,low,1,1214
1861,1877,1.18 Pasta-Soups,Knorr Fideos - 3.5 oz,314.3,313.4,REVENUE_REDUCTION,revenue_efficiency,confirmed_revenue_reduction_not_automatically_avoidable,0.9000000000000341,gross_to_net_reduction,35,"Validate discount/refund authorization, business purpose and policy compliance.",17.294117647058822,41.91764705882353,low,1,1215
370,386,1.12 Frozen Products,Fresh Bocado Arepa Yellow Corn/ maiz peto Amarillo 1000g,224.75,223.85,REVENUE_REDUCTION,revenue_efficiency,confirmed_revenue_reduction_not_automatically_avoidable,0.9000000000000057,gross_to_net_reduction,35,"Validate discount/refund authorization, business purpose and policy compliance.",17.176470588235293,41.870588235294115,low,1,1216
1039,1055,1.05 Chips & Snacks,Diana Toztecas Fire Pops Extruido Small 35 oz,50.4,49.5,REVENUE_REDUCTION,revenue_efficiency,confirmed_revenue_reduction_not_automatically_avoidable,0.8999999999999986,gross_to_net_reduction,35,"Validate discount/refund authorization, business purpose and policy compliance.",17.058823529411764,41.82352941176471,low,1,1217
859,875,1.25 Sweets & Candies,Lucas Polvos Sandia   200 g x unit,22.77,22.77,LOW_MARGIN,profitability_result,margin_review_not_confirmed_loss,22.77,associated_net_sales,35,Review price-cost relationship and whether discounts compressed the observed margin.,16.923076923076923,41.769230769230774,low,1,1218
649,665,1.25 Sweets & Candies,Ramo Blinty Mini 5/240G,764.15,763.25,REVENUE_REDUCTION,revenue_efficiency,confirmed_revenue_reduction_not_automatically_avoidable,0.8999999999999773,gross_to_net_reduction,35,"Validate discount/refund authorization, business purpose and policy compliance.",16.823529411764707,41.72941176470588,low,1,1219
974,990,1.05 Chips & Snacks,Don Pancho Homestyle Tortilla Chips 21oz,419.51,418.61,REVENUE_REDUCTION,revenue_efficiency,confirmed_revenue_reduction_not_automatically_avoidable,0.8999999999999773,gross_to_net_reduction,35,"Validate discount/refund authorization, business purpose and policy compliance.",16.823529411764707,41.72941176470588,low,1,1220
1779,1795,1.28 Grains,Bunge Yellow Corn Grits Trillado 2LB,278.69,277.79,REVENUE_REDUCTION,revenue_efficiency,confirmed_revenue_reduction_not_automatically_avoidable,0.8999999999999773,gross_to_net_reduction,35,"Validate discount/refund authorization, business purpose and policy compliance.",16.823529411764707,41.72941176470588,low,1,1221
1479,1495,1.04 Can Products,Iberia Cranberry Roman Beans CAN 15.5 oz - 439 oz,58.37,58.37,CATALOG_ACTIONABLE,catalog_control,sales_associated_with_review_candidate,58.37,associated_positive_net_sales,35,"Validate SKU/UPC, presentation, duplicate status and pack-size configuration before any merge.",16.666666666666664,41.666666666666664,low,1,1222
1107,1123,1.10 Dairy,Rumba Fromages Latino Crema Mex 375 ml,2708.61,2707.81,REVENUE_REDUCTION,revenue_efficiency,confirmed_revenue_reduction_not_automatically_avoidable,0.8000000000001819,gross_to_net_reduction,35,"Validate discount/refund authorization, business purpose and policy compliance.",16.58823529411765,41.63529411764706,low,1,1223
392,408,1.12 Frozen Products,Goya Platanos Maduros Frozen 11oz,39.95,39.15,REVENUE_REDUCTION,revenue_efficiency,confirmed_revenue_reduction_not_automatically_avoidable,0.8000000000000043,gross_to_net_reduction,35,"Validate discount/refund authorization, business purpose and policy compliance.",16.470588235294116,41.588235294117645,low,1,1224
757,773,1.25 Sweets & Candies,Lucas Gusano Chamoy 36g X  unit,153.23,152.43,REVENUE_REDUCTION,revenue_efficiency,confirmed_revenue_reduction_not_automatically_avoidable,0.799999999999983,gross_to_net_reduction,35,"Validate discount/refund authorization, business purpose and policy compliance.",16.294117647058822,41.51764705882353,low,1,1225
996,1012,1.05 Chips & Snacks,Ramo Tostacos Picantes,239.7,238.9,REVENUE_REDUCTION,revenue_efficiency,confirmed_revenue_reduction_not_automatically_avoidable,0.799999999999983,gross_to_net_reduction,35,"Validate discount/refund authorization, business purpose and policy compliance.",16.294117647058822,41.51764705882353,low,1,1226
940,956,1.05 Chips & Snacks,Sabritas Tostitos salsa verde 175g,854.93,854.13,REVENUE_REDUCTION,revenue_efficiency,confirmed_revenue_reduction_not_automatically_avoidable,0.7999999999999545,gross_to_net_reduction,35,"Validate discount/refund authorization, business purpose and policy compliance.",16.11764705882353,41.44705882352941,low,1,1227
865,881,1.25 Sweets & Candies,Lucas Gusano Tamarindo  36g X  unid,19.9,19.11,REVENUE_REDUCTION,revenue_efficiency,confirmed_revenue_reduction_not_automatically_avoidable,0.7899999999999991,gross_to_net_reduction,35,"Validate discount/refund authorization, business purpose and policy compliance.",16.0,41.4,low,1,1228
1852,1868,1.18 Pasta-Soups,Maruchan Chicken Soup 2.25oz,561.18,560.39,REVENUE_REDUCTION,revenue_efficiency,confirmed_revenue_reduction_not_automatically_avoidable,0.7899999999999636,gross_to_net_reduction,35,"Validate discount/refund authorization, business purpose and policy compliance.",15.88235294117647,41.35294117647059,low,1,1229
204,220,4.Bakery,160 Milhojas Cake,1310.4,1309.62,REVENUE_REDUCTION,revenue_efficiency,confirmed_revenue_reduction_not_automatically_avoidable,0.7800000000002001,gross_to_net_reduction,35,"Validate discount/refund authorization, business purpose and policy compliance.",15.764705882352942,41.305882352941175,low,1,1230
818,834,1.25 Sweets & Candies,De La Rosa Pulparindots Original unit,58.41,58.31,CATALOG_ACTIONABLE,catalog_control,sales_associated_with_review_candidate,58.31,associated_positive_net_sales,35,"Validate SKU/UPC, presentation, duplicate status and pack-size configuration before any merge.",15.74074074074074,41.2962962962963,low,1,1231
698,714,1.25 Sweets & Candies,BonBonBum Fresa UNIT,379.96,379.19,REVENUE_REDUCTION,revenue_efficiency,confirmed_revenue_reduction_not_automatically_avoidable,0.7699999999999818,gross_to_net_reduction,35,"Validate discount/refund authorization, business purpose and policy compliance.",15.647058823529411,41.258823529411764,low,1,1232
1266,1282,"1.06 Coffee, Cocoa, Panela, Butter",Fresh Bocado Panela Prepartida 908 g,2988.51,2987.76,REVENUE_REDUCTION,revenue_efficiency,confirmed_revenue_reduction_not_automatically_avoidable,0.75,gross_to_net_reduction,35,"Validate discount/refund authorization, business purpose and policy compliance.",15.411764705882353,41.16470588235294,low,1,1233
1329,1345,1.07 Condiments & Spices,Canela Entera 50g,975.0,974.25,REVENUE_REDUCTION,revenue_efficiency,confirmed_revenue_reduction_not_automatically_avoidable,0.75,gross_to_net_reduction,35,"Validate discount/refund authorization, business purpose and policy compliance.",15.411764705882353,41.16470588235294,low,1,1234
1331,1347,1.07 Condiments & Spices,El Rey Ajiaco Seasoning 0.70oz,883.95,883.2,REVENUE_REDUCTION,revenue_efficiency,confirmed_revenue_reduction_not_automatically_avoidable,0.75,gross_to_net_reduction,35,"Validate discount/refund authorization, business purpose and policy compliance.",15.411764705882353,41.16470588235294,low,1,1235
128,144,2. Restaurant,Maduro Aborrajado 6 Pack frozen,14.99,14.99,LOW_MARGIN,profitability_result,margin_review_not_confirmed_loss,14.99,associated_net_sales,35,Review price-cost relationship and whether discounts compressed the observed margin.,15.384615384615385,41.15384615384615,low,1,1236
918,934,1.05 Chips & Snacks,Sabritas Rancheritos 145g .,3243.36,3242.66,REVENUE_REDUCTION,revenue_efficiency,confirmed_revenue_reduction_not_automatically_avoidable,0.7000000000002728,gross_to_net_reduction,35,"Validate discount/refund authorization, business purpose and policy compliance.",15.176470588235293,41.07058823529412,low,1,1237
1987,2003,Uncategorized,Manual Transaction,0.0,-0.7,REVENUE_REDUCTION,revenue_efficiency,confirmed_revenue_reduction_not_automatically_avoidable,0.7,gross_to_net_reduction,35,"Validate discount/refund authorization, business purpose and policy compliance.",15.058823529411763,41.023529411764706,low,1,1238
476,492,1.03 Beverages,Topo Chico Mineral Water Glass 750 ML - T Unit,419.4,418.7,REVENUE_REDUCTION,revenue_efficiency,confirmed_revenue_reduction_not_automatically_avoidable,0.6999999999999886,gross_to_net_reduction,35,"Validate discount/refund authorization, business purpose and policy compliance.",14.882352941176471,40.95294117647059,low,1,1239
709,725,1.25 Sweets & Candies,Jet Chocolatina - 264 Gr UNIT,340.56,339.86,REVENUE_REDUCTION,revenue_efficiency,confirmed_revenue_reduction_not_automatically_avoidable,0.6999999999999886,gross_to_net_reduction,35,"Validate discount/refund authorization, business purpose and policy compliance.",14.882352941176471,40.95294117647059,low,1,1240
822,838,1.25 Sweets & Candies,Las Negras Torta de Café 1350 g unit 90g,56.81,54.85,CATALOG_ACTIONABLE,catalog_control,sales_associated_with_review_candidate,54.85,associated_positive_net_sales,35,"Validate SKU/UPC, presentation, duplicate status and pack-size configuration before any merge.",14.814814814814813,40.925925925925924,low,1,1241
930,946,1.05 Chips & Snacks,Sabritas Churrumais con limoncito185g,1342.08,1341.38,REVENUE_REDUCTION,revenue_efficiency,confirmed_revenue_reduction_not_automatically_avoidable,0.6999999999998181,gross_to_net_reduction,35,"Validate discount/refund authorization, business purpose and policy compliance.",14.705882352941178,40.88235294117647,low,1,1242
1850,1866,1.18 Pasta-Soups,Verde Valle Morelos Rice 2 lb,645.98,645.3,REVENUE_REDUCTION,revenue_efficiency,confirmed_revenue_reduction_not_automatically_avoidable,0.6800000000000637,gross_to_net_reduction,35,"Validate discount/refund authorization, business purpose and policy compliance.",14.588235294117647,40.83529411764706,low,1,1243
555,571,1.03 Beverages,Boing Manzana Juice 500 ml UNIT,107.25,106.6,REVENUE_REDUCTION,revenue_efficiency,confirmed_revenue_reduction_not_automatically_avoidable,0.6500000000000057,gross_to_net_reduction,35,"Validate discount/refund authorization, business purpose and policy compliance.",14.470588235294118,40.78823529411765,low,1,1244
1757,1773,1.28 Grains,Frijol Pinto UMS 2 LB,655.49,654.84,REVENUE_REDUCTION,revenue_efficiency,confirmed_revenue_reduction_not_automatically_avoidable,0.6499999999999773,gross_to_net_reduction,35,"Validate discount/refund authorization, business purpose and policy compliance.",14.352941176470587,40.741176470588236,low,1,1245
1326,1342,1.07 Condiments & Spices,La Perla Achiote 3.5 oz,1039.81,1039.16,REVENUE_REDUCTION,revenue_efficiency,confirmed_revenue_reduction_not_automatically_avoidable,0.6499999999998636,gross_to_net_reduction,35,"Validate discount/refund authorization, business purpose and policy compliance.",14.23529411764706,40.694117647058825,low,1,1246
631,647,1.25 Sweets & Candies,Su Sabor Tumes 400g,1407.65,1407.05,REVENUE_REDUCTION,revenue_efficiency,confirmed_revenue_reduction_not_automatically_avoidable,0.6000000000001364,gross_to_net_reduction,35,"Validate discount/refund authorization, business purpose and policy compliance.",14.117647058823529,40.64705882352941,low,1,1247
827,843,1.25 Sweets & Candies,De la Rosa pulparindo Mango 10 Oz / 280g Unit,51.94,51.94,CATALOG_ACTIONABLE,catalog_control,sales_associated_with_review_candidate,51.94,associated_positive_net_sales,35,"Validate SKU/UPC, presentation, duplicate status and pack-size configuration before any merge.",13.88888888888889,40.55555555555556,low,1,1248
1538,1554,3.Coffee160,160 Horchata Latte 12 oz,14.97,14.97,LOW_MARGIN,profitability_result,margin_review_not_confirmed_loss,14.97,associated_net_sales,35,Review price-cost relationship and whether discounts compressed the observed margin.,13.846153846153847,40.53846153846154,low,1,1249
72,88,2. Restaurant,Fresh Bocado Salsa Verde - 8 Oz Restaurante,838.6,838.0,REVENUE_REDUCTION,revenue_efficiency,confirmed_revenue_reduction_not_automatically_avoidable,0.6000000000000227,gross_to_net_reduction,35,"Validate discount/refund authorization, business purpose and policy compliance.",13.705882352941176,40.48235294117647,low,1,1250
223,239,4.Bakery,Empanada Festival - Chilenas Carne,615.0,614.4,REVENUE_REDUCTION,revenue_efficiency,confirmed_revenue_reduction_not_automatically_avoidable,0.6000000000000227,gross_to_net_reduction,35,"Validate discount/refund authorization, business purpose and policy compliance.",13.705882352941176,40.48235294117647,low,1,1251
655,671,1.25 Sweets & Candies,Su Sabor Cubitos de Guayaba 24,636.87,636.27,REVENUE_REDUCTION,revenue_efficiency,confirmed_revenue_reduction_not_automatically_avoidable,0.6000000000000227,gross_to_net_reduction,35,"Validate discount/refund authorization, business purpose and policy compliance.",13.705882352941176,40.48235294117647,low,1,1252
947,963,1.05 Chips & Snacks,Tortrix Limon 180g,700.83,700.23,REVENUE_REDUCTION,revenue_efficiency,confirmed_revenue_reduction_not_automatically_avoidable,0.6000000000000227,gross_to_net_reduction,35,"Validate discount/refund authorization, business purpose and policy compliance.",13.705882352941176,40.48235294117647,low,1,1253
1856,1872,1.18 Pasta-Soups,Maruchan Beef Soup 2.25oz,415.91,415.31,REVENUE_REDUCTION,revenue_efficiency,confirmed_revenue_reduction_not_automatically_avoidable,0.6000000000000227,gross_to_net_reduction,35,"Validate discount/refund authorization, business purpose and policy compliance.",13.705882352941176,40.48235294117647,low,1,1254
1859,1875,1.18 Pasta-Soups,Maruchan Shrimp Lime Chili 2.25oz,374.12,373.52,REVENUE_REDUCTION,revenue_efficiency,confirmed_revenue_reduction_not_automatically_avoidable,0.6000000000000227,gross_to_net_reduction,35,"Validate discount/refund authorization, business purpose and policy compliance.",13.705882352941176,40.48235294117647,low,1,1255
271,287,4.Bakery,Empanada Festival - Argentinas CARNE,52.0,51.4,REVENUE_REDUCTION,revenue_efficiency,confirmed_revenue_reduction_not_automatically_avoidable,0.6000000000000014,gross_to_net_reduction,35,"Validate discount/refund authorization, business purpose and policy compliance.",13.294117647058822,40.31764705882353,low,1,1256
1873,1889,1.18 Pasta-Soups,Maruchan Hot & Spicy Beef 2.25 oz,222.88,222.28,REVENUE_REDUCTION,revenue_efficiency,confirmed_revenue_reduction_not_automatically_avoidable,0.5999999999999943,gross_to_net_reduction,35,"Validate discount/refund authorization, business purpose and policy compliance.",13.176470588235295,40.27058823529412,low,1,1257
1864,1880,1.18 Pasta-Soups,La Moderna Fideos 7 oz,296.51,295.91,REVENUE_REDUCTION,revenue_efficiency,confirmed_revenue_reduction_not_automatically_avoidable,0.5999999999999659,gross_to_net_reduction,35,"Validate discount/refund authorization, business purpose and policy compliance.",13.058823529411764,40.22352941176471,low,1,1258
1239,1255,1.23 Sauces,El Pato Tomato Sauce with Jalapeno - 75 oz - 220 Gr,45.5,45.5,CATALOG_ACTIONABLE,catalog_control,sales_associated_with_review_candidate,45.5,associated_positive_net_sales,35,"Validate SKU/UPC, presentation, duplicate status and pack-size configuration before any merge.",12.962962962962962,40.18518518518518,low,1,1259
462,478,1.03 Beverages,Sidral Mundet 1.5 Lt,523.25,522.67,REVENUE_REDUCTION,revenue_efficiency,confirmed_revenue_reduction_not_automatically_avoidable,0.5800000000000409,gross_to_net_reduction,35,"Validate discount/refund authorization, business purpose and policy compliance.",12.941176470588237,40.1764705882353,low,1,1260
1156,1172,1.23 Sauces,La Costena Salsa Ranchera 16oz,638.25,637.68,REVENUE_REDUCTION,revenue_efficiency,confirmed_revenue_reduction_not_automatically_avoidable,0.57000000000005,gross_to_net_reduction,35,"Validate discount/refund authorization, business purpose and policy compliance.",12.764705882352942,40.10588235294118,low,1,1261
1644,1660,1.09 Cookies & Crackers,Noel Crackers Saltin Queso y Mantequilla 3 Tacos 385g,592.25,591.68,REVENUE_REDUCTION,revenue_efficiency,confirmed_revenue_reduction_not_automatically_avoidable,0.57000000000005,gross_to_net_reduction,35,"Validate discount/refund authorization, business purpose and policy compliance.",12.764705882352942,40.10588235294118,low,1,1262
1005,1021,1.05 Chips & Snacks,Totis Donita Con Chile y Limon 24 / 50 Gr,194.35,193.78,REVENUE_REDUCTION,revenue_efficiency,confirmed_revenue_reduction_not_automatically_avoidable,0.5699999999999932,gross_to_net_reduction,35,"Validate discount/refund authorization, business purpose and policy compliance.",12.588235294117647,40.035294117647055,low,1,1263
953,969,1.05 Chips & Snacks,Totis Donita con Sal y Limon 24 / 50 Gr,621.92,621.35,REVENUE_REDUCTION,revenue_efficiency,confirmed_revenue_reduction_not_automatically_avoidable,0.5699999999999363,gross_to_net_reduction,35,"Validate discount/refund authorization, business purpose and policy compliance.",12.470588235294118,39.98823529411764,low,1,1264
644,660,1.25 Sweets & Candies,BonBonBum Fresa X 24,905.85,905.3,REVENUE_REDUCTION,revenue_efficiency,confirmed_revenue_reduction_not_automatically_avoidable,0.5500000000000682,gross_to_net_reduction,35,"Validate discount/refund authorization, business purpose and policy compliance.",12.352941176470589,39.94117647058823,low,1,1265
129,145,2. Restaurant,Vaso desechable,12.75,12.75,LOW_MARGIN,profitability_result,margin_review_not_confirmed_loss,12.75,associated_net_sales,35,Review price-cost relationship and whether discounts compressed the observed margin.,12.307692307692308,39.92307692307692,low,1,1266
234,250,4.Bakery,160 Passion Fruit Cheesecake,341.0,340.45,REVENUE_REDUCTION,revenue_efficiency,confirmed_revenue_reduction_not_automatically_avoidable,0.5500000000000114,gross_to_net_reduction,35,"Validate discount/refund authorization, business purpose and policy compliance.",12.176470588235293,39.87058823529412,low,1,1267
511,527,1.03 Beverages,Electrolit Suero Hidratante Ponche de Frutas,220.4,219.85,REVENUE_REDUCTION,revenue_efficiency,confirmed_revenue_reduction_not_automatically_avoidable,0.5500000000000114,gross_to_net_reduction,35,"Validate discount/refund authorization, business purpose and policy compliance.",12.176470588235293,39.87058823529412,low,1,1268
841,857,1.25 Sweets & Candies,De La Rosa Pulparindots Mango 12.8Oz / 360g unit,41.58,41.48,CATALOG_ACTIONABLE,catalog_control,sales_associated_with_review_candidate,41.48,associated_positive_net_sales,35,"Validate SKU/UPC, presentation, duplicate status and pack-size configuration before any merge.",12.037037037037036,39.81481481481482,low,1,1269
1541,1557,3.Coffee160,Natural Lemonade,5.49,4.94,REVENUE_REDUCTION,revenue_efficiency,confirmed_revenue_reduction_not_automatically_avoidable,0.5499999999999998,gross_to_net_reduction,35,"Validate discount/refund authorization, business purpose and policy compliance.",12.0,39.8,low,1,1270
1029,1045,1.05 Chips & Snacks,Yupi Tozineta Familiar 100g,82.35,81.8,REVENUE_REDUCTION,revenue_efficiency,confirmed_revenue_reduction_not_automatically_avoidable,0.5499999999999972,gross_to_net_reduction,35,"Validate discount/refund authorization, business purpose and policy compliance.",11.882352941176471,39.752941176470586,low,1,1271
696,712,1.25 Sweets & Candies,BonBonBum Sandia x 24,400.77,400.22,REVENUE_REDUCTION,revenue_efficiency,confirmed_revenue_reduction_not_automatically_avoidable,0.5499999999999545,gross_to_net_reduction,35,"Validate discount/refund authorization, business purpose and policy compliance.",11.705882352941178,39.68235294117647,low,1,1272
1070,1086,1.26 Tortillas,Romero Yellow Corn Tortilla Mini 4.5'' 30oz / 5dz,1811.7,1811.15,REVENUE_REDUCTION,revenue_efficiency,confirmed_revenue_reduction_not_automatically_avoidable,0.5499999999999545,gross_to_net_reduction,35,"Validate discount/refund authorization, business purpose and policy compliance.",11.705882352941178,39.68235294117647,low,1,1273
725,741,1.25 Sweets & Candies,Colombina Coffee Delight 50u,253.5,252.99,REVENUE_REDUCTION,revenue_efficiency,confirmed_revenue_reduction_not_automatically_avoidable,0.5099999999999909,gross_to_net_reduction,35,"Validate discount/refund authorization, business purpose and policy compliance.",11.529411764705882,39.61176470588235,low,1,1274
122,138,2. Restaurant,Delivery Fee,40.0,40.0,CATALOG_ACTIONABLE,catalog_control,sales_associated_with_review_candidate,40.0,associated_positive_net_sales,35,"Validate SKU/UPC, presentation, duplicate status and pack-size configuration before any merge.",11.11111111111111,39.44444444444444,low,1,1275
106,122,2. Restaurant,Tortilla Unidad,151.25,150.75,REVENUE_REDUCTION,revenue_efficiency,confirmed_revenue_reduction_not_automatically_avoidable,0.5,gross_to_net_reduction,35,"Validate discount/refund authorization, business purpose and policy compliance.",10.882352941176471,39.35294117647059,low,1,1276
798,814,1.25 Sweets & Candies,Nestle Princesa Chocolate 30 g / 1.1oz,87.15,86.65,REVENUE_REDUCTION,revenue_efficiency,confirmed_revenue_reduction_not_automatically_avoidable,0.5,gross_to_net_reduction,35,"Validate discount/refund authorization, business purpose and policy compliance.",10.882352941176471,39.35294117647059,low,1,1277
971,987,1.05 Chips & Snacks,SuperRicas Mega Chicken Potato Chips 105 g,449.1,448.6,REVENUE_REDUCTION,revenue_efficiency,confirmed_revenue_reduction_not_automatically_avoidable,0.5,gross_to_net_reduction,35,"Validate discount/refund authorization, business purpose and policy compliance.",10.882352941176471,39.35294117647059,low,1,1278
1001,1017,1.05 Chips & Snacks,Su Sabor Platanito Maduro 3.2oz,229.08,228.58,REVENUE_REDUCTION,revenue_efficiency,confirmed_revenue_reduction_not_automatically_avoidable,0.5,gross_to_net_reduction,35,"Validate discount/refund authorization, business purpose and policy compliance.",10.882352941176471,39.35294117647059,low,1,1279
1344,1360,1.07 Condiments & Spices,El Rey Lentejas Seasoning 0.53 oz,527.88,527.38,REVENUE_REDUCTION,revenue_efficiency,confirmed_revenue_reduction_not_automatically_avoidable,0.5,gross_to_net_reduction,35,"Validate discount/refund authorization, business purpose and policy compliance.",10.882352941176471,39.35294117647059,low,1,1280
1526,1542,3.Coffee160,160 Salsa side / Extra salsa,126.0,125.5,REVENUE_REDUCTION,revenue_efficiency,confirmed_revenue_reduction_not_automatically_avoidable,0.5,gross_to_net_reduction,35,"Validate discount/refund authorization, business purpose and policy compliance.",10.882352941176471,39.35294117647059,low,1,1281
1848,1864,1.18 Pasta-Soups,Knorr Sopa de Letras con Tomate 3.5 oz,813.39,812.89,REVENUE_REDUCTION,revenue_efficiency,confirmed_revenue_reduction_not_automatically_avoidable,0.5,gross_to_net_reduction,35,"Validate discount/refund authorization, business purpose and policy compliance.",10.882352941176471,39.35294117647059,low,1,1282
1876,1892,1.18 Pasta-Soups,La Moderna Conchas 7 oz,185.07,184.57,REVENUE_REDUCTION,revenue_efficiency,confirmed_revenue_reduction_not_automatically_avoidable,0.5,gross_to_net_reduction,35,"Validate discount/refund authorization, business purpose and policy compliance.",10.882352941176471,39.35294117647059,low,1,1283
1986,2002,Uncategorized,Manual Transaction,0.0,-0.5,REVENUE_REDUCTION,revenue_efficiency,confirmed_revenue_reduction_not_automatically_avoidable,0.5,gross_to_net_reduction,35,"Validate discount/refund authorization, business purpose and policy compliance.",10.882352941176471,39.35294117647059,low,1,1284
2011,2027,1.16 Miscelanea,La Reina Sardina in Tomato Sauce,409.18,408.68,REVENUE_REDUCTION,revenue_efficiency,confirmed_revenue_reduction_not_automatically_avoidable,0.5,gross_to_net_reduction,35,"Validate discount/refund authorization, business purpose and policy compliance.",10.882352941176471,39.35294117647059,low,1,1285
1746,1762,1.14 Herbal Teas,Pipore Yerba Mate 1kg,15.99,11.99,LOW_MARGIN,profitability_result,margin_review_not_confirmed_loss,11.99,associated_net_sales,35,Review price-cost relationship and whether discounts compressed the observed margin.,10.76923076923077,39.30769230769231,low,1,1286
832,848,1.25 Sweets & Candies,Las Negras Torta Negra Envinada - 1500 Gr UNIT,49.5,49.01,REVENUE_REDUCTION,revenue_efficiency,confirmed_revenue_reduction_not_automatically_avoidable,0.490000000000002,gross_to_net_reduction,35,"Validate discount/refund authorization, business purpose and policy compliance.",10.23529411764706,39.09411764705882,low,1,1287
392,408,1.12 Frozen Products,Goya Platanos Maduros Frozen 11oz,39.95,39.15,CATALOG_ACTIONABLE,catalog_control,sales_associated_with_review_candidate,39.15,associated_positive_net_sales,35,"Validate SKU/UPC, presentation, duplicate status and pack-size configuration before any merge.",10.185185185185185,39.074074074074076,low,1,1288
866,882,1.25 Sweets & Candies,Duvalin  Avellana Vainilla Duvalin  Avellana Vainilla  unid,19.11,18.62,REVENUE_REDUCTION,revenue_efficiency,confirmed_revenue_reduction_not_automatically_avoidable,0.48999999999999844,gross_to_net_reduction,35,"Validate discount/refund authorization, business purpose and policy compliance.",10.117647058823529,39.04705882352941,low,1,1289
1317,1333,1.07 Condiments & Spices,La Fiesta Chile Guajillo Entero 2.25oz,2156.5,2156.02,REVENUE_REDUCTION,revenue_efficiency,confirmed_revenue_reduction_not_automatically_avoidable,0.4800000000000182,gross_to_net_reduction,35,"Validate discount/refund authorization, business purpose and policy compliance.",10.0,39.0,low,1,1290
945,961,1.05 Chips & Snacks,Barcel Takis Fuego 4 oz,712.5,712.03,REVENUE_REDUCTION,revenue_efficiency,confirmed_revenue_reduction_not_automatically_avoidable,0.4700000000000273,gross_to_net_reduction,35,"Validate discount/refund authorization, business purpose and policy compliance.",9.88235294117647,38.95294117647059,low,1,1291
1799,1815,1.28 Grains,Sinha Canjica de Milho Branca / White Cracked Corn 500g,96.6,96.14,REVENUE_REDUCTION,revenue_efficiency,confirmed_revenue_reduction_not_automatically_avoidable,0.45999999999999375,gross_to_net_reduction,35,"Validate discount/refund authorization, business purpose and policy compliance.",9.76470588235294,38.90588235294118,low,1,1292
624,640,1.25 Sweets & Candies,Lala Media Crema 250ml,1998.28,1997.83,REVENUE_REDUCTION,revenue_efficiency,confirmed_revenue_reduction_not_automatically_avoidable,0.4500000000000455,gross_to_net_reduction,35,"Validate discount/refund authorization, business purpose and policy compliance.",9.529411764705882,38.811764705882354,low,1,1293
1814,1830,1.02 Beans,Isadora Original Refried Beans - 430 Gr,1692.73,1692.28,REVENUE_REDUCTION,revenue_efficiency,confirmed_revenue_reduction_not_automatically_avoidable,0.4500000000000455,gross_to_net_reduction,35,"Validate discount/refund authorization, business purpose and policy compliance.",9.529411764705882,38.811764705882354,low,1,1294
1865,1881,1.18 Pasta-Soups,Knorr Estrellas - 3.5 oz,291.85,291.4,REVENUE_REDUCTION,revenue_efficiency,confirmed_revenue_reduction_not_automatically_avoidable,0.4500000000000455,gross_to_net_reduction,35,"Validate discount/refund authorization, business purpose and policy compliance.",9.529411764705882,38.811764705882354,low,1,1295
233,249,4.Bakery,160 Hojaldre de Jamon y Queso,351.0,350.55,REVENUE_REDUCTION,revenue_efficiency,confirmed_revenue_reduction_not_automatically_avoidable,0.44999999999998863,gross_to_net_reduction,35,"Validate discount/refund authorization, business purpose and policy compliance.",9.294117647058824,38.71764705882353,low,1,1296
846,862,1.25 Sweets & Candies,De la Rosa Pulparindo Sandia 10 oz/ 280g UNIT,36.63,36.63,CATALOG_ACTIONABLE,catalog_control,sales_associated_with_review_candidate,36.63,associated_positive_net_sales,35,"Validate SKU/UPC, presentation, duplicate status and pack-size configuration before any merge.",9.25925925925926,38.7037037037037,low,1,1297
1539,1555,3.Coffee160,160 Iced Horchata Latte 16 oz,11.5,11.5,LOW_MARGIN,profitability_result,margin_review_not_confirmed_loss,11.5,associated_net_sales,35,Review price-cost relationship and whether discounts compressed the observed margin.,9.230769230769232,38.69230769230769,low,1,1298
796,812,1.25 Sweets & Candies,Jumbo Chocolatina Mani peanut chocolate bar Unit,90.09,89.66,REVENUE_REDUCTION,revenue_efficiency,confirmed_revenue_reduction_not_automatically_avoidable,0.4300000000000068,gross_to_net_reduction,35,"Validate discount/refund authorization, business purpose and policy compliance.",9.176470588235293,38.67058823529412,low,1,1299
1025,1041,1.05 Chips & Snacks,Diana Tortilla Chips Nachos 3.84 oz,101.15,100.73,REVENUE_REDUCTION,revenue_efficiency,confirmed_revenue_reduction_not_automatically_avoidable,0.4200000000000017,gross_to_net_reduction,35,"Validate discount/refund authorization, business purpose and policy compliance.",9.058823529411764,38.62352941176471,low,1,1300
2008,2024,1.16 Miscelanea,Zote Jabon  Rosado 14.1 oz,622.44,622.04,REVENUE_REDUCTION,revenue_efficiency,confirmed_revenue_reduction_not_automatically_avoidable,0.40000000000009095,gross_to_net_reduction,35,"Validate discount/refund authorization, business purpose and policy compliance.",8.941176470588236,38.576470588235296,low,1,1301
1824,1840,1.02 Beans,Goya Black Beans Can 15.5oz,434.91,434.51,REVENUE_REDUCTION,revenue_efficiency,confirmed_revenue_reduction_not_automatically_avoidable,0.4000000000000341,gross_to_net_reduction,35,"Validate discount/refund authorization, business purpose and policy compliance.",8.823529411764707,38.529411764705884,low,1,1302
847,863,1.25 Sweets & Candies,Las Negras Torta de Naranja con semillas de amapola y miel 1200 g Unit 80g,35.88,33.92,CATALOG_ACTIONABLE,catalog_control,sales_associated_with_review_candidate,33.92,associated_positive_net_sales,35,"Validate SKU/UPC, presentation, duplicate status and pack-size configuration before any merge.",8.333333333333332,38.333333333333336,low,1,1303
109,125,2. Restaurant,Maltin Polar - Malta Beverage Kiosk,141.36,140.96,REVENUE_REDUCTION,revenue_efficiency,confirmed_revenue_reduction_not_automatically_avoidable,0.4000000000000057,gross_to_net_reduction,35,"Validate discount/refund authorization, business purpose and policy compliance.",8.294117647058824,38.31764705882353,low,1,1304
263,279,4.Bakery,Empanada Festival - Argentinas POLLO,70.5,70.1,REVENUE_REDUCTION,revenue_efficiency,confirmed_revenue_reduction_not_automatically_avoidable,0.4000000000000057,gross_to_net_reduction,35,"Validate discount/refund authorization, business purpose and policy compliance.",8.294117647058824,38.31764705882353,low,1,1305
1213,1229,1.23 Sauces,Sibarita Aji Panca Sin Picante Frasco 80g / 2.82 oz,139.65,139.25,REVENUE_REDUCTION,revenue_efficiency,confirmed_revenue_reduction_not_automatically_avoidable,0.4000000000000057,gross_to_net_reduction,35,"Validate discount/refund authorization, business purpose and policy compliance.",8.294117647058824,38.31764705882353,low,1,1306
1608,1624,1.13 Flours,Sinha Cuscuz / Corn Flaked Flour Cuscus 500g,107.73,107.33,REVENUE_REDUCTION,revenue_efficiency,confirmed_revenue_reduction_not_automatically_avoidable,0.4000000000000057,gross_to_net_reduction,35,"Validate discount/refund authorization, business purpose and policy compliance.",8.294117647058824,38.31764705882353,low,1,1307
1732,1748,1.14 Herbal Teas,Hindu Chamomile Honey and Ginger 12/20/25 g,171.57,171.17,REVENUE_REDUCTION,revenue_efficiency,confirmed_revenue_reduction_not_automatically_avoidable,0.4000000000000057,gross_to_net_reduction,35,"Validate discount/refund authorization, business purpose and policy compliance.",8.294117647058824,38.31764705882353,low,1,1308
1734,1750,1.14 Herbal Teas,Hindu Night Time 12/20/25 g,151.62,151.22,REVENUE_REDUCTION,revenue_efficiency,confirmed_revenue_reduction_not_automatically_avoidable,0.4000000000000057,gross_to_net_reduction,35,"Validate discount/refund authorization, business purpose and policy compliance.",8.294117647058824,38.31764705882353,low,1,1309
1737,1753,1.14 Herbal Teas,Hindu Fruit Infusion Red Fruit 12/20/25 g,111.72,111.32,REVENUE_REDUCTION,revenue_efficiency,confirmed_revenue_reduction_not_automatically_avoidable,0.4000000000000057,gross_to_net_reduction,35,"Validate discount/refund authorization, business purpose and policy compliance.",8.294117647058824,38.31764705882353,low,1,1310
1740,1756,1.14 Herbal Teas,Hindu Chamomile 12/20/ 25 g,95.76,95.36,REVENUE_REDUCTION,revenue_efficiency,confirmed_revenue_reduction_not_automatically_avoidable,0.4000000000000057,gross_to_net_reduction,35,"Validate discount/refund authorization, business purpose and policy compliance.",8.294117647058824,38.31764705882353,low,1,1311
1736,1752,1.14 Herbal Teas,Hindu Lemon Ginger 12/20/25 g,118.71,118.31,REVENUE_REDUCTION,revenue_efficiency,confirmed_revenue_reduction_not_automatically_avoidable,0.3999999999999915,gross_to_net_reduction,35,"Validate discount/refund authorization, business purpose and policy compliance.",7.705882352941177,38.08235294117647,low,1,1312
1742,1758,1.14 Herbal Teas,Hindu Eucalyptus & Honey 12/20/25 g,71.82,71.42,REVENUE_REDUCTION,revenue_efficiency,confirmed_revenue_reduction_not_automatically_avoidable,0.3999999999999915,gross_to_net_reduction,35,"Validate discount/refund authorization, business purpose and policy compliance.",7.705882352941177,38.08235294117647,low,1,1313
891,907,1.25 Sweets & Candies,Reserva Minas Bananada Cremosa 6/ 650g,12.99,9.74,LOW_MARGIN,profitability_result,margin_review_not_confirmed_loss,9.74,associated_net_sales,35,Review price-cost relationship and whether discounts compressed the observed margin.,7.6923076923076925,38.07692307692308,low,1,1314
1044,1060,1.05 Chips & Snacks,Besitos  Calenos / Cassava Snack 30g T x6 UNIT,29.9,29.9,CATALOG_ACTIONABLE,catalog_control,sales_associated_with_review_candidate,29.9,associated_positive_net_sales,35,"Validate SKU/UPC, presentation, duplicate status and pack-size configuration before any merge.",7.4074074074074066,37.96296296296296,low,1,1315
665,681,1.25 Sweets & Candies,Ricolino Mini Paleta Payaso 15 Pzas 375g / 13.23oz UNIT,536.14,535.74,REVENUE_REDUCTION,revenue_efficiency,confirmed_revenue_reduction_not_automatically_avoidable,0.39999999999997726,gross_to_net_reduction,35,"Validate discount/refund authorization, business purpose and policy compliance.",7.352941176470589,37.94117647058823,low,1,1316
975,991,1.05 Chips & Snacks,Mayte Toston Salted 100g,418.95,418.55,REVENUE_REDUCTION,revenue_efficiency,confirmed_revenue_reduction_not_automatically_avoidable,0.39999999999997726,gross_to_net_reduction,35,"Validate discount/refund authorization, business purpose and policy compliance.",7.352941176470589,37.94117647058823,low,1,1317
1288,1304,"1.06 Coffee, Cocoa, Panela, Butter",Fresh Bocado Panela Pulverizada 14oz,470.82,470.42,REVENUE_REDUCTION,revenue_efficiency,confirmed_revenue_reduction_not_automatically_avoidable,0.39999999999997726,gross_to_net_reduction,35,"Validate discount/refund authorization, business purpose and policy compliance.",7.352941176470589,37.94117647058823,low,1,1318
1771,1787,1.28 Grains,Valle Verde Lentils 1lb,351.12,350.72,REVENUE_REDUCTION,revenue_efficiency,confirmed_revenue_reduction_not_automatically_avoidable,0.39999999999997726,gross_to_net_reduction,35,"Validate discount/refund authorization, business purpose and policy compliance.",7.352941176470589,37.94117647058823,low,1,1319
1275,1291,"1.06 Coffee, Cocoa, Panela, Butter",Fresh Bocado Panela Fraccionada 4U 454 g,1476.3,1475.9,REVENUE_REDUCTION,revenue_efficiency,confirmed_revenue_reduction_not_automatically_avoidable,0.3999999999998636,gross_to_net_reduction,35,"Validate discount/refund authorization, business purpose and policy compliance.",7.0588235294117645,37.8235294117647,low,1,1320
449,465,1.03 Beverages,Sidral Mundet 12oz,648.0,647.62,REVENUE_REDUCTION,revenue_efficiency,confirmed_revenue_reduction_not_automatically_avoidable,0.37999999999999545,gross_to_net_reduction,35,"Validate discount/refund authorization, business purpose and policy compliance.",6.9411764705882355,37.77647058823529,low,1,1321
1597,1613,1.13 Flours,Bom Gosto Masa para Tapioca 500 Gr,255.0,254.63,REVENUE_REDUCTION,revenue_efficiency,confirmed_revenue_reduction_not_automatically_avoidable,0.37000000000000455,gross_to_net_reduction,35,"Validate discount/refund authorization, business purpose and policy compliance.",6.8235294117647065,37.72941176470588,low,1,1322
1645,1661,1.09 Cookies & Crackers,Noel Crackers Ducales 243g,519.72,519.36,REVENUE_REDUCTION,revenue_efficiency,confirmed_revenue_reduction_not_automatically_avoidable,0.36000000000001364,gross_to_net_reduction,35,"Validate discount/refund authorization, business purpose and policy compliance.",6.705882352941177,37.68235294117647,low,1,1323
530,546,1.03 Beverages,Frusecha Leche de Coco y Fresa  9.8 oz / 290 ml,177.99,177.64,REVENUE_REDUCTION,revenue_efficiency,confirmed_revenue_reduction_not_automatically_avoidable,0.35000000000002274,gross_to_net_reduction,35,"Validate discount/refund authorization, business purpose and policy compliance.",6.588235294117648,37.63529411764706,low,1,1324
864,880,1.25 Sweets & Candies,De La Rosa Pulparindo Original 20/10oz - 280gr UNIT,19.8,19.8,CATALOG_ACTIONABLE,catalog_control,sales_associated_with_review_candidate,19.8,associated_positive_net_sales,35,"Validate SKU/UPC, presentation, duplicate status and pack-size configuration before any merge.",6.481481481481481,37.592592592592595,low,1,1325
513,529,1.03 Beverages,"Frusecha Leche De Coco, Mango 9.8oz",205.91,205.56,REVENUE_REDUCTION,revenue_efficiency,confirmed_revenue_reduction_not_automatically_avoidable,0.3499999999999943,gross_to_net_reduction,35,"Validate discount/refund authorization, business purpose and policy compliance.",6.470588235294119,37.588235294117645,low,1,1326
1031,1047,1.05 Chips & Snacks,Rebanaditas Paleta Chile 40 Pzas / 640 g unit,75.95,75.63,REVENUE_REDUCTION,revenue_efficiency,confirmed_revenue_reduction_not_automatically_avoidable,0.3200000000000074,gross_to_net_reduction,35,"Validate discount/refund authorization, business purpose and policy compliance.",6.352941176470588,37.54117647058823,low,1,1327
490,506,1.03 Beverages,Boing Mango 500ml UNIT,360.75,360.43,REVENUE_REDUCTION,revenue_efficiency,confirmed_revenue_reduction_not_automatically_avoidable,0.3199999999999932,gross_to_net_reduction,35,"Validate discount/refund authorization, business purpose and policy compliance.",6.235294117647059,37.49411764705882,low,1,1328
607,623,1.03 Beverages,Maguary Suco de Caju Concentrado 500 ml,8.97,8.97,LOW_MARGIN,profitability_result,margin_review_not_confirmed_loss,8.97,associated_net_sales,35,Review price-cost relationship and whether discounts compressed the observed margin.,6.153846153846154,37.46153846153846,low,1,1329
729,745,1.25 Sweets & Candies,Marinela Barritas Pineapple Strawberry - 1.94 oz,244.36,244.06,REVENUE_REDUCTION,revenue_efficiency,confirmed_revenue_reduction_not_automatically_avoidable,0.30000000000001137,gross_to_net_reduction,35,"Validate discount/refund authorization, business purpose and policy compliance.",5.88235294117647,37.35294117647059,low,1,1330
1007,1023,1.05 Chips & Snacks,Paketaxo Extra Flamin Hot - 81 G,191.36,191.06,REVENUE_REDUCTION,revenue_efficiency,confirmed_revenue_reduction_not_automatically_avoidable,0.30000000000001137,gross_to_net_reduction,35,"Validate discount/refund authorization, business purpose and policy compliance.",5.88235294117647,37.35294117647059,low,1,1331
1359,1375,1.07 Condiments & Spices,La Fiesta Clavos Enteros - 0.25 oz,337.87,337.57,REVENUE_REDUCTION,revenue_efficiency,confirmed_revenue_reduction_not_automatically_avoidable,0.30000000000001137,gross_to_net_reduction,35,"Validate discount/refund authorization, business purpose and policy compliance.",5.88235294117647,37.35294117647059,low,1,1332
1379,1395,1.07 Condiments & Spices,La Gran Cocina Triguisar Suave,209.3,209.0,REVENUE_REDUCTION,revenue_efficiency,confirmed_revenue_reduction_not_automatically_avoidable,0.30000000000001137,gross_to_net_reduction,35,"Validate discount/refund authorization, business purpose and policy compliance.",5.88235294117647,37.35294117647059,low,1,1333
1382,1398,1.07 Condiments & Spices,La Fiesta Achiote Molido - 1.25 oz,188.37,188.07,REVENUE_REDUCTION,revenue_efficiency,confirmed_revenue_reduction_not_automatically_avoidable,0.30000000000001137,gross_to_net_reduction,35,"Validate discount/refund authorization, business purpose and policy compliance.",5.88235294117647,37.35294117647059,low,1,1334
1962,1978,1.15 Instant Powder,Zuko Family PK - Watermelon - 14.1 oz,17.98,17.98,CATALOG_ACTIONABLE,catalog_control,sales_associated_with_review_candidate,17.98,associated_positive_net_sales,35,"Validate SKU/UPC, presentation, duplicate status and pack-size configuration before any merge.",5.555555555555555,37.22222222222222,low,1,1335
614,630,1.03 Beverages,Inca Kola Diet Soda - 12 oz - CAN UNIT,2.99,2.69,REVENUE_REDUCTION,revenue_efficiency,confirmed_revenue_reduction_not_automatically_avoidable,0.30000000000000027,gross_to_net_reduction,35,"Validate discount/refund authorization, business purpose and policy compliance.",5.529411764705882,37.21176470588235,low,1,1336
1242,1258,1.23 Sauces,La Anita Chamoy Sauce 33.8oz 1L,38.89,38.59,REVENUE_REDUCTION,revenue_efficiency,confirmed_revenue_reduction_not_automatically_avoidable,0.29999999999999716,gross_to_net_reduction,35,"Validate discount/refund authorization, business purpose and policy compliance.",5.411764705882352,37.16470588235294,low,1,1337
1666,1682,1.09 Cookies & Crackers,La Moderna Galletas Marianitas Coco  185g / 6.53z,184.44,184.16,REVENUE_REDUCTION,revenue_efficiency,confirmed_revenue_reduction_not_automatically_avoidable,0.28000000000000114,gross_to_net_reduction,35,"Validate discount/refund authorization, business purpose and policy compliance.",5.235294117647059,37.09411764705882,low,1,1338
1684,1700,1.09 Cookies & Crackers,La Moderna Galletas Marianitas Chocolate  185g / 6.5Oz,27.02,26.74,REVENUE_REDUCTION,revenue_efficiency,confirmed_revenue_reduction_not_automatically_avoidable,0.28000000000000114,gross_to_net_reduction,35,"Validate discount/refund authorization, business purpose and policy compliance.",5.235294117647059,37.09411764705882,low,1,1339
1349,1365,1.07 Condiments & Spices,Guascas Kiska,481.25,480.97,REVENUE_REDUCTION,revenue_efficiency,confirmed_revenue_reduction_not_automatically_avoidable,0.2799999999999727,gross_to_net_reduction,35,"Validate discount/refund authorization, business purpose and policy compliance.",5.0588235294117645,37.023529411764706,low,1,1340
762,778,1.25 Sweets & Candies,Canels Chiclets Canels Unit,129.25,128.98,REVENUE_REDUCTION,revenue_efficiency,confirmed_revenue_reduction_not_automatically_avoidable,0.27000000000001023,gross_to_net_reduction,35,"Validate discount/refund authorization, business purpose and policy compliance.",4.941176470588235,36.976470588235294,low,1,1341
879,895,1.25 Sweets & Candies,Nestle Chocolate Triangulo 30g UNIT,14.95,14.95,CATALOG_ACTIONABLE,catalog_control,sales_associated_with_review_candidate,14.95,associated_positive_net_sales,35,"Validate SKU/UPC, presentation, duplicate status and pack-size configuration before any merge.",4.62962962962963,36.851851851851855,low,1,1342
1540,1556,3.Coffee160,160 Horchata Latte 16 oz,5.75,5.75,LOW_MARGIN,profitability_result,margin_review_not_confirmed_loss,5.75,associated_net_sales,35,Review price-cost relationship and whether discounts compressed the observed margin.,4.615384615384616,36.84615384615385,low,1,1343
265,281,4.Bakery,160 Passion Fruit Custard Cannoli,62.25,62.0,REVENUE_REDUCTION,revenue_efficiency,confirmed_revenue_reduction_not_automatically_avoidable,0.25,gross_to_net_reduction,35,"Validate discount/refund authorization, business purpose and policy compliance.",4.352941176470588,36.741176470588236,low,1,1344
483,499,1.03 Beverages,Jarritos Guayaba 12oz x Unit,386.07,385.82,REVENUE_REDUCTION,revenue_efficiency,confirmed_revenue_reduction_not_automatically_avoidable,0.25,gross_to_net_reduction,35,"Validate discount/refund authorization, business purpose and policy compliance.",4.352941176470588,36.741176470588236,low,1,1345
529,545,1.03 Beverages,Jarritos Watermelon 12.5oz x Unit,177.99,177.74,REVENUE_REDUCTION,revenue_efficiency,confirmed_revenue_reduction_not_automatically_avoidable,0.25,gross_to_net_reduction,35,"Validate discount/refund authorization, business purpose and policy compliance.",4.352941176470588,36.741176470588236,low,1,1346
929,945,1.05 Chips & Snacks,Mayte Plantain Chips Lighty Salted 3oz - 85 Gr,1354.56,1354.31,REVENUE_REDUCTION,revenue_efficiency,confirmed_revenue_reduction_not_automatically_avoidable,0.25,gross_to_net_reduction,35,"Validate discount/refund authorization, business purpose and policy compliance.",4.352941176470588,36.741176470588236,low,1,1347
944,960,1.05 Chips & Snacks,Mayte Plantain Chips Lemon 3.0 oz 85g,727.08,726.83,REVENUE_REDUCTION,revenue_efficiency,confirmed_revenue_reduction_not_automatically_avoidable,0.25,gross_to_net_reduction,35,"Validate discount/refund authorization, business purpose and policy compliance.",4.352941176470588,36.741176470588236,low,1,1348
969,985,1.05 Chips & Snacks,Mayte Plantain Chips Chile -Lemon 3.0 oz 85g,450.69,450.44,REVENUE_REDUCTION,revenue_efficiency,confirmed_revenue_reduction_not_automatically_avoidable,0.25,gross_to_net_reduction,35,"Validate discount/refund authorization, business purpose and policy compliance.",4.352941176470588,36.741176470588236,low,1,1349
1308,1324,"1.06 Coffee, Cocoa, Panela, Butter",ZARAH LA  PILONCILLO 227g,57.27,57.02,REVENUE_REDUCTION,revenue_efficiency,confirmed_revenue_reduction_not_automatically_avoidable,0.25,gross_to_net_reduction,35,"Validate discount/refund authorization, business purpose and policy compliance.",4.352941176470588,36.741176470588236,low,1,1350
1523,1539,3.Coffee160,160 Herbal Tea 16oz,156.87,156.62,REVENUE_REDUCTION,revenue_efficiency,confirmed_revenue_reduction_not_automatically_avoidable,0.25,gross_to_net_reduction,35,"Validate discount/refund authorization, business purpose and policy compliance.",4.352941176470588,36.741176470588236,low,1,1351
2015,2031,1.16 Miscelanea,El Rey Jabon 300gr,124.5,124.25,REVENUE_REDUCTION,revenue_efficiency,confirmed_revenue_reduction_not_automatically_avoidable,0.25,gross_to_net_reduction,35,"Validate discount/refund authorization, business purpose and policy compliance.",4.352941176470588,36.741176470588236,low,1,1352
837,853,1.25 Sweets & Candies,Aldor Pin Pop Maracuya Unit,44.84,44.6,REVENUE_REDUCTION,revenue_efficiency,confirmed_revenue_reduction_not_automatically_avoidable,0.240000000000002,gross_to_net_reduction,35,"Validate discount/refund authorization, business purpose and policy compliance.",3.7647058823529407,36.50588235294118,low,1,1353
1049,1065,1.05 Chips & Snacks,Besitos  Calenos / Cassava Snack 30g T x6 Unit,11.96,11.96,CATALOG_ACTIONABLE,catalog_control,sales_associated_with_review_candidate,11.96,associated_positive_net_sales,35,"Validate SKU/UPC, presentation, duplicate status and pack-size configuration before any merge.",3.7037037037037033,36.48148148148148,low,1,1354
805,821,1.25 Sweets & Candies,BonBonBum Mango x  UNIT,72.57,72.33,REVENUE_REDUCTION,revenue_efficiency,confirmed_revenue_reduction_not_automatically_avoidable,0.23999999999999488,gross_to_net_reduction,35,"Validate discount/refund authorization, business purpose and policy compliance.",3.6470588235294117,36.45882352941177,low,1,1355
435,451,1.03 Beverages,Inca Kola Soda 12oz UNIT,862.0,861.77,REVENUE_REDUCTION,revenue_efficiency,confirmed_revenue_reduction_not_automatically_avoidable,0.2300000000000182,gross_to_net_reduction,35,"Validate discount/refund authorization, business purpose and policy compliance.",3.5294117647058822,36.411764705882355,low,1,1356
1023,1039,1.05 Chips & Snacks,Taitto Japones Peanuts 1.70 oz,110.25,110.02,REVENUE_REDUCTION,revenue_efficiency,confirmed_revenue_reduction_not_automatically_avoidable,0.23000000000000398,gross_to_net_reduction,35,"Validate discount/refund authorization, business purpose and policy compliance.",3.4117647058823533,36.36470588235294,low,1,1357
966,982,1.05 Chips & Snacks,Su Sabor Rosquillas Cheese Snack,465.75,465.53,REVENUE_REDUCTION,revenue_efficiency,confirmed_revenue_reduction_not_automatically_avoidable,0.22000000000002728,gross_to_net_reduction,35,"Validate discount/refund authorization, business purpose and policy compliance.",3.294117647058824,36.31764705882353,low,1,1358
1599,1615,1.13 Flours,Maizena Atole Sabor vainilla 47 g / 1.5oz,234.33,234.11,REVENUE_REDUCTION,revenue_efficiency,confirmed_revenue_reduction_not_automatically_avoidable,0.21999999999999886,gross_to_net_reduction,35,"Validate discount/refund authorization, business purpose and policy compliance.",3.176470588235294,36.27058823529412,low,1,1359
1053,1069,1.05 Chips & Snacks,Sabritas Fritos Chorizo Chipotle 23 - 170 Gr T,7.99,3.99,LOW_MARGIN,profitability_result,margin_review_not_confirmed_loss,3.99,associated_net_sales,35,Review price-cost relationship and whether discounts compressed the observed margin.,3.076923076923077,36.23076923076923,low,1,1360
1851,1867,1.18 Pasta-Soups,Maruchan Shrimp Soup 2.25oz,602.97,602.77,REVENUE_REDUCTION,revenue_efficiency,confirmed_revenue_reduction_not_automatically_avoidable,0.20000000000004547,gross_to_net_reduction,35,"Validate discount/refund authorization, business purpose and policy compliance.",3.0,36.2,low,1,1361
1863,1879,1.18 Pasta-Soups,Maruchan Lime Chili Chicken Soup 2.25oz,304.47,304.27,REVENUE_REDUCTION,revenue_efficiency,confirmed_revenue_reduction_not_automatically_avoidable,0.20000000000004547,gross_to_net_reduction,35,"Validate discount/refund authorization, business purpose and policy compliance.",3.0,36.2,low,1,1362
1806,1822,1.28 Grains,Sinha Canjica de Milho Amarela / Yellow Cracked Corn 500g,24.88,24.68,REVENUE_REDUCTION,revenue_efficiency,confirmed_revenue_reduction_not_automatically_avoidable,0.1999999999999993,gross_to_net_reduction,35,"Validate discount/refund authorization, business purpose and policy compliance.",2.823529411764706,36.129411764705885,low,1,1363
1052,1068,1.05 Chips & Snacks,Rebanaditas Paleta Chile 40 Pzas / 640 g UNIT,6.37,6.37,CATALOG_ACTIONABLE,catalog_control,sales_associated_with_review_candidate,6.37,associated_positive_net_sales,35,"Validate SKU/UPC, presentation, duplicate status and pack-size configuration before any merge.",2.7777777777777777,36.111111111111114,low,1,1364
1680,1696,1.09 Cookies & Crackers,Nestle Susy 4pack 200g / 7.04 oz Susy Unit,55.72,55.72,LABEL_STANDARDIZATION,catalog_standardization,label_cleanup_no_loss_claim,55.72,associated_positive_net_sales,20,Standardize UNIT/PACK wording without changing the commercial presentation.,40.0,36.0,low,1,1365
678,694,1.25 Sweets & Candies,De La Rosa Mazapan Original 840G UNIT,470.26,470.06,REVENUE_REDUCTION,revenue_efficiency,confirmed_revenue_reduction_not_automatically_avoidable,0.19999999999998863,gross_to_net_reduction,35,"Validate discount/refund authorization, business purpose and policy compliance.",2.411764705882353,35.96470588235294,low,1,1366
976,992,1.05 Chips & Snacks,Romero's Corn Tortilla Round Chips,408.18,407.98,REVENUE_REDUCTION,revenue_efficiency,confirmed_revenue_reduction_not_automatically_avoidable,0.19999999999998863,gross_to_net_reduction,35,"Validate discount/refund authorization, business purpose and policy compliance.",2.411764705882353,35.96470588235294,low,1,1367
1854,1870,1.18 Pasta-Soups,Maruchan Hot & Spicy Shrimp  2.25oz,457.7,457.5,REVENUE_REDUCTION,revenue_efficiency,confirmed_revenue_reduction_not_automatically_avoidable,0.19999999999998863,gross_to_net_reduction,35,"Validate discount/refund authorization, business purpose and policy compliance.",2.411764705882353,35.96470588235294,low,1,1368
1858,1874,1.18 Pasta-Soups,La Moderna Vermicelli 200g,392.03,391.83,REVENUE_REDUCTION,revenue_efficiency,confirmed_revenue_reduction_not_automatically_avoidable,0.19999999999998863,gross_to_net_reduction,35,"Validate discount/refund authorization, business purpose and policy compliance.",2.411764705882353,35.96470588235294,low,1,1369
1866,1882,1.18 Pasta-Soups,Maruchan Lime Flavor with Shrimp,288.55,288.35,REVENUE_REDUCTION,revenue_efficiency,confirmed_revenue_reduction_not_automatically_avoidable,0.19999999999998863,gross_to_net_reduction,35,"Validate discount/refund authorization, business purpose and policy compliance.",2.411764705882353,35.96470588235294,low,1,1370
1977,1993,Uncategorized,De La Rosa Mazapan Original 840g Box 30 unit 28g / 1 Oz,294.52,294.32,REVENUE_REDUCTION,revenue_efficiency,confirmed_revenue_reduction_not_automatically_avoidable,0.19999999999998863,gross_to_net_reduction,35,"Validate discount/refund authorization, business purpose and policy compliance.",2.411764705882353,35.96470588235294,low,1,1371
793,809,1.25 Sweets & Candies,BonBonBum Maracuya unit,93.81,93.63,REVENUE_REDUCTION,revenue_efficiency,confirmed_revenue_reduction_not_automatically_avoidable,0.18000000000000682,gross_to_net_reduction,35,"Validate discount/refund authorization, business purpose and policy compliance.",2.0,35.8,low,1,1372
850,866,1.25 Sweets & Candies,BonBonBum Sandia UNIT,29.5,29.32,REVENUE_REDUCTION,revenue_efficiency,confirmed_revenue_reduction_not_automatically_avoidable,0.17999999999999972,gross_to_net_reduction,35,"Validate discount/refund authorization, business purpose and policy compliance.",1.8823529411764703,35.752941176470586,low,1,1373
910,926,1.25 Sweets & Candies,De La Rosa Pulparindo Extra Spicy 280g / 10oz unit,0.98,0.98,CATALOG_ACTIONABLE,catalog_control,sales_associated_with_review_candidate,0.98,associated_positive_net_sales,35,"Validate SKU/UPC, presentation, duplicate status and pack-size configuration before any merge.",1.8518518518518516,35.74074074074074,low,1,1374
829,845,1.25 Sweets & Candies,Marinela Sponch - 1.59 oz Unit,50.0,49.87,REVENUE_REDUCTION,revenue_efficiency,confirmed_revenue_reduction_not_automatically_avoidable,0.13000000000000256,gross_to_net_reduction,35,"Validate discount/refund authorization, business purpose and policy compliance.",1.7647058823529411,35.705882352941174,low,1,1375
804,820,1.25 Sweets & Candies,Lucas Gusano Chamoy 36g UNIT,78.7,78.58,REVENUE_REDUCTION,revenue_efficiency,confirmed_revenue_reduction_not_automatically_avoidable,0.12000000000000455,gross_to_net_reduction,35,"Validate discount/refund authorization, business purpose and policy compliance.",1.647058823529412,35.65882352941176,low,1,1376
2053,2069,5.Gift Cards,Plastic Bag,0.15,0.15,LOW_MARGIN,profitability_result,margin_review_not_confirmed_loss,0.15,associated_net_sales,35,Review price-cost relationship and whether discounts compressed the observed margin.,1.5384615384615385,35.61538461538461,low,1,1377
872,888,1.25 Sweets & Candies,Aldor Pin Pop Mix Assorted 15/24 und Unit,17.11,16.99,REVENUE_REDUCTION,revenue_efficiency,confirmed_revenue_reduction_not_automatically_avoidable,0.120000000000001,gross_to_net_reduction,35,"Validate discount/refund authorization, business purpose and policy compliance.",1.5294117647058825,35.61176470588235,low,1,1378
871,887,1.25 Sweets & Candies,Lucas Gusano Tamarindo  36g x10,17.49,17.37,REVENUE_REDUCTION,revenue_efficiency,confirmed_revenue_reduction_not_automatically_avoidable,0.11999999999999744,gross_to_net_reduction,35,"Validate discount/refund authorization, business purpose and policy compliance.",1.411764705882353,35.56470588235294,low,1,1379
830,846,1.25 Sweets & Candies,Lucas Polvos Mango 200 g UNIT,49.9,49.8,REVENUE_REDUCTION,revenue_efficiency,confirmed_revenue_reduction_not_automatically_avoidable,0.10000000000000142,gross_to_net_reduction,35,"Validate discount/refund authorization, business purpose and policy compliance.",1.2352941176470587,35.49411764705882,low,1,1380
841,857,1.25 Sweets & Candies,De La Rosa Pulparindots Mango 12.8Oz / 360g unit,41.58,41.48,REVENUE_REDUCTION,revenue_efficiency,confirmed_revenue_reduction_not_automatically_avoidable,0.10000000000000142,gross_to_net_reduction,35,"Validate discount/refund authorization, business purpose and policy compliance.",1.2352941176470587,35.49411764705882,low,1,1381
124,140,2. Restaurant,Salsas Side 2oz,29.7,29.6,REVENUE_REDUCTION,revenue_efficiency,confirmed_revenue_reduction_not_automatically_avoidable,0.09999999999999787,gross_to_net_reduction,35,"Validate discount/refund authorization, business purpose and policy compliance.",1.0,35.4,low,1,1382
862,878,1.25 Sweets & Candies,Vero Paleta Elote con Chile lollypop,20.58,20.48,REVENUE_REDUCTION,revenue_efficiency,confirmed_revenue_reduction_not_automatically_avoidable,0.09999999999999787,gross_to_net_reduction,35,"Validate discount/refund authorization, business purpose and policy compliance.",1.0,35.4,low,1,1383
911,927,1.25 Sweets & Candies,De la Rosa Pulparindo Sandia 10 oz/ 280g unit,0.49,0.49,CATALOG_ACTIONABLE,catalog_control,sales_associated_with_review_candidate,0.49,associated_positive_net_sales,35,"Validate SKU/UPC, presentation, duplicate status and pack-size configuration before any merge.",0.9259259259259258,35.370370370370374,low,1,1384
811,827,1.25 Sweets & Candies,De La Rosa Pulparindots Mango 12.8Oz / 360g UNIT,62.55,62.45,REVENUE_REDUCTION,revenue_efficiency,confirmed_revenue_reduction_not_automatically_avoidable,0.09999999999999432,gross_to_net_reduction,35,"Validate discount/refund authorization, business purpose and policy compliance.",0.7058823529411765,35.28235294117647,low,1,1385
816,832,1.25 Sweets & Candies,Vero Elotes Chile Lollypop 560g T Unit,58.8,58.7,REVENUE_REDUCTION,revenue_efficiency,confirmed_revenue_reduction_not_automatically_avoidable,0.09999999999999432,gross_to_net_reduction,35,"Validate discount/refund authorization, business purpose and policy compliance.",0.7058823529411765,35.28235294117647,low,1,1386
818,834,1.25 Sweets & Candies,De La Rosa Pulparindots Original unit,58.41,58.31,REVENUE_REDUCTION,revenue_efficiency,confirmed_revenue_reduction_not_automatically_avoidable,0.09999999999999432,gross_to_net_reduction,35,"Validate discount/refund authorization, business purpose and policy compliance.",0.7058823529411765,35.28235294117647,low,1,1387
851,867,1.25 Sweets & Candies,Lucas Muecas Tamarindo  25g X unit,29.37,29.28,REVENUE_REDUCTION,revenue_efficiency,confirmed_revenue_reduction_not_automatically_avoidable,0.08999999999999986,gross_to_net_reduction,35,"Validate discount/refund authorization, business purpose and policy compliance.",0.4705882352941176,35.188235294117646,low,1,1388
826,842,1.25 Sweets & Candies,Lucas Muecas Chamoy 25g X unit,52.51,52.42,REVENUE_REDUCTION,revenue_efficiency,confirmed_revenue_reduction_not_automatically_avoidable,0.0899999999999963,gross_to_net_reduction,35,"Validate discount/refund authorization, business purpose and policy compliance.",0.35294117647058826,35.141176470588235,low,1,1389
889,905,1.25 Sweets & Candies,Aldor Pin Pop Strawberry 15/24 und Unit,11.21,11.15,REVENUE_REDUCTION,revenue_efficiency,confirmed_revenue_reduction_not_automatically_avoidable,0.0600000000000005,gross_to_net_reduction,35,"Validate discount/refund authorization, business purpose and policy compliance.",0.2352941176470588,35.09411764705882,low,1,1390
844,860,1.25 Sweets & Candies,Aldor Pin Pop Mango 15 / 24ct / 408gr / 14.39oz unit,38.94,38.88,REVENUE_REDUCTION,revenue_efficiency,confirmed_revenue_reduction_not_automatically_avoidable,0.05999999999999517,gross_to_net_reduction,35,"Validate discount/refund authorization, business purpose and policy compliance.",0.1176470588235294,35.04705882352941,low,1,1391
878,894,1.25 Sweets & Candies,Las Negras Torta de Café 1/15/1350g Unit,14.95,14.95,LABEL_STANDARDIZATION,catalog_standardization,label_cleanup_no_loss_claim,14.95,associated_positive_net_sales,20,Standardize UNIT/PACK wording without changing the commercial presentation.,20.0,28.0,low,1,1392
