source_row_id,source_csv_line,category_context,Name,gross_sales_final,net_sales_final,gross_to_net_reduction_final,cogs_final,gross_profit_final,gross_margin_pct_final,corrected_profitability_scope_status,presentation_type_corrected,catalog_finding_class,final_audit_priority,maximum_priority_score,finding_count,distinct_finding_type_count,finding_codes,recommended_actions,priority_queue_rank
1690,1706,1.19 Peppers,Chile Ancho  250 Gr,7210.19,7195.2,14.989999999999782,1359.92,1503.17,,positive_sales_with_configuration_anomaly,weight_based,actionable_review_candidate,critical,100.0,3,3,CATALOG_ACTIONABLE | PROFIT_CONFIGURATION_ANOMALY | REVENUE_REDUCTION,"Reconcile item COGS, reported Gross Profit and POS configuration against source transactions. | Validate SKU/UPC, presentation, duplicate status and pack-size configuration before any merge. | Validate discount/refund authorization, business purpose and policy compliance.",1
1646,1662,1.09 Cookies & Crackers,Nestle Cocosette Mini Wafer case 900g,1024.59,494.6,529.9899999999999,624.0,-129.4,-26.162555600485245,validated_consistent_positive_sales_positive_cogs,pack_or_case_count_unresolved,actionable_review_candidate,critical,100.0,3,3,CATALOG_ACTIONABLE | NEGATIVE_MARGIN | REVENUE_REDUCTION,"Validate SKU/UPC, presentation, duplicate status and pack-size configuration before any merge. | Validate discount/refund authorization, business purpose and policy compliance. | Validate selling price, unit cost, discount policy and transaction detail.",2
642,658,1.25 Sweets & Candies,Kinder Delice Cacao 1.48oz UNIT,1588.13,938.53,649.6000000000001,985.51,-46.98,-5.005700403823,validated_consistent_positive_sales_positive_cogs,explicit_single_unit,no_catalog_finding,critical,98.70967741935485,2,2,NEGATIVE_MARGIN | REVENUE_REDUCTION,"Validate discount/refund authorization, business purpose and policy compliance. | Validate selling price, unit cost, discount policy and transaction detail.",3
554,570,1.03 Beverages,Amargo Terma Limon Tea 1.35 Lt /46oz,215.82,107.82,108.0,149.22,-41.4,-38.39732888146912,validated_consistent_positive_sales_positive_cogs,volume_based,no_catalog_finding,critical,97.41935483870967,2,2,NEGATIVE_MARGIN | REVENUE_REDUCTION,"Validate discount/refund authorization, business purpose and policy compliance. | Validate selling price, unit cost, discount policy and transaction detail.",4
990,1006,1.05 Chips & Snacks,"PakeTaxo Mezcladito 6 oz / 170 g ,",458.98,262.98,196.0,301.37,-38.39,-14.598068294166854,validated_consistent_positive_sales_positive_cogs,weight_based,no_catalog_finding,critical,96.12903225806451,2,2,NEGATIVE_MARGIN | REVENUE_REDUCTION,"Validate discount/refund authorization, business purpose and policy compliance. | Validate selling price, unit cost, discount policy and transaction detail.",5
925,941,1.05 Chips & Snacks,La Visita Chicharrones 5 oz,1848.79,1848.79,0.0,254.51,132.68,,positive_sales_with_configuration_anomaly,weight_based,informational_family_variant,critical,95.55555555555556,1,1,PROFIT_CONFIGURATION_ANOMALY,"Reconcile item COGS, reported Gross Profit and POS configuration against source transactions.",6
16,32,2. Restaurant,Picanha Brazilian Steak,13415.37,13303.38,111.9900000000016,0.0,13303.38,,positive_sales_with_zero_cogs,presentation_not_explicit,no_catalog_finding,critical,95.0,2,2,REVENUE_REDUCTION | ZERO_COGS,"Confirm recipes, purchase cost or item cost mapping; zero COGS is not accepted as validated margin. | Validate discount/refund authorization, business purpose and policy compliance.",7
27,43,2. Restaurant,Tacos 4 Pack,7883.07,7863.08,19.98999999999978,,,,positive_sales_without_complete_profitability,explicit_multipack,no_catalog_finding,critical,95.0,2,2,MISSING_PROFITABILITY | REVENUE_REDUCTION,"Load and validate COGS and Gross Profit; do not estimate loss until source cost is confirmed. | Validate discount/refund authorization, business purpose and policy compliance.",8
569,585,1.03 Beverages,Terma Cuyano Tea 1.35 Lt/46oz,167.86,83.86,84.00000000000001,121.1,-37.24,-44.40734557595994,validated_consistent_positive_sales_positive_cogs,volume_based,no_catalog_finding,critical,94.83870967741936,2,2,NEGATIVE_MARGIN | REVENUE_REDUCTION,"Validate discount/refund authorization, business purpose and policy compliance. | Validate selling price, unit cost, discount policy and transaction detail.",9
158,174,4.Bakery,160 Venezuelan Empanada pulled Beef/Carne Mechada,5099.22,4974.1,125.11999999999989,,,,positive_sales_without_complete_profitability,presentation_not_explicit,no_catalog_finding,critical,94.81900452488688,2,2,MISSING_PROFITABILITY | REVENUE_REDUCTION,"Load and validate COGS and Gross Profit; do not estimate loss until source cost is confirmed. | Validate discount/refund authorization, business purpose and policy compliance.",10
405,421,1.03 Beverages,Pony Malta 11.12 oz / 330 ml X6,4728.84,4725.84,3.0,,,,positive_sales_without_complete_profitability,explicit_multipack,informational_family_variant,critical,94.63800904977376,2,2,MISSING_PROFITABILITY | REVENUE_REDUCTION,"Load and validate COGS and Gross Profit; do not estimate loss until source cost is confirmed. | Validate discount/refund authorization, business purpose and policy compliance.",11
25,41,2. Restaurant,Sopa de Tortilla - Tortilla Soup,8215.51,8153.28,62.23000000000047,0.0,8153.28,,positive_sales_with_zero_cogs,presentation_not_explicit,no_catalog_finding,critical,94.54022988505747,2,2,REVENUE_REDUCTION | ZERO_COGS,"Confirm recipes, purchase cost or item cost mapping; zero COGS is not accepted as validated margin. | Validate discount/refund authorization, business purpose and policy compliance.",12
1691,1707,1.19 Peppers,Guajillo sin cola  250 Gr,4406.99,4393.8,13.1899999999996,,,,positive_sales_without_complete_profitability,weight_based,no_catalog_finding,critical,94.45701357466064,2,2,MISSING_PROFITABILITY | REVENUE_REDUCTION,"Load and validate COGS and Gross Profit; do not estimate loss until source cost is confirmed. | Validate discount/refund authorization, business purpose and policy compliance.",13
1632,1648,1.09 Cookies & Crackers,Nestle Cocosette  8pack X8 PACK,3395.91,3390.51,5.399999999999636,,,,positive_sales_without_complete_profitability,explicit_multipack,actionable_review_candidate,critical,94.27601809954751,3,3,CATALOG_ACTIONABLE | MISSING_PROFITABILITY | REVENUE_REDUCTION,"Load and validate COGS and Gross Profit; do not estimate loss until source cost is confirmed. | Validate SKU/UPC, presentation, duplicate status and pack-size configuration before any merge. | Validate discount/refund authorization, business purpose and policy compliance.",14
46,62,2. Restaurant,Jugo Natural - Natural Juice Kiosk,3234.0,3181.04,52.960000000000036,,,,positive_sales_without_complete_profitability,presentation_not_explicit,no_catalog_finding,critical,94.09502262443439,2,2,MISSING_PROFITABILITY | REVENUE_REDUCTION,"Load and validate COGS and Gross Profit; do not estimate loss until source cost is confirmed. | Validate discount/refund authorization, business purpose and policy compliance.",15
33,49,2. Restaurant,Sopa de Tortillas con Pollo,6628.69,6560.44,68.25,0.0,6560.44,,positive_sales_with_zero_cogs,presentation_not_explicit,no_catalog_finding,critical,94.08045977011494,2,2,REVENUE_REDUCTION | ZERO_COGS,"Confirm recipes, purchase cost or item cost mapping; zero COGS is not accepted as validated margin. | Validate discount/refund authorization, business purpose and policy compliance.",16
411,427,1.03 Beverages,Maltin Polar 12 oz X6,2322.34,2319.54,2.800000000000182,,,,positive_sales_without_complete_profitability,explicit_multipack,informational_family_variant,critical,93.91402714932127,2,2,MISSING_PROFITABILITY | REVENUE_REDUCTION,"Load and validate COGS and Gross Profit; do not estimate loss until source cost is confirmed. | Validate discount/refund authorization, business purpose and policy compliance.",17
414,430,1.03 Beverages,Coca Cola 12oz / 355ml x Unit,2058.84,2048.65,10.190000000000055,,,,positive_sales_without_complete_profitability,explicit_single_unit,no_catalog_finding,critical,93.73303167420815,2,2,MISSING_PROFITABILITY | REVENUE_REDUCTION,"Load and validate COGS and Gross Profit; do not estimate loss until source cost is confirmed. | Validate discount/refund authorization, business purpose and policy compliance.",18
38,54,2. Restaurant,Carne Sudada,5437.94,5338.94,99.0,0.0,5338.94,,positive_sales_with_zero_cogs,presentation_not_explicit,no_catalog_finding,critical,93.62068965517241,2,2,REVENUE_REDUCTION | ZERO_COGS,"Confirm recipes, purchase cost or item cost mapping; zero COGS is not accepted as validated margin. | Validate discount/refund authorization, business purpose and policy compliance.",19
416,432,1.03 Beverages,Postobon Colombiana Glass 300ml Case,1836.0,1829.4,6.599999999999909,,,,positive_sales_without_complete_profitability,pack_or_case_count_unresolved,actionable_review_candidate,critical,93.55203619909503,3,3,CATALOG_ACTIONABLE | MISSING_PROFITABILITY | REVENUE_REDUCTION,"Load and validate COGS and Gross Profit; do not estimate loss until source cost is confirmed. | Validate SKU/UPC, presentation, duplicate status and pack-size configuration before any merge. | Validate discount/refund authorization, business purpose and policy compliance.",20
1218,1234,1.23 Sauces,Delicioso Foods Green Sauce 4 L,239.96,119.96,120.00000000000001,156.44,-36.48,-30.410136712237414,validated_consistent_positive_sales_positive_cogs,volume_based,no_catalog_finding,critical,93.54838709677419,2,2,NEGATIVE_MARGIN | REVENUE_REDUCTION,"Validate discount/refund authorization, business purpose and policy compliance. | Validate selling price, unit cost, discount policy and transaction detail.",21
417,433,1.03 Beverages,Maltin Polar 7oz X6,1714.44,1714.44,0.0,,,,positive_sales_without_complete_profitability,explicit_multipack,informational_family_variant,critical,93.3710407239819,1,1,MISSING_PROFITABILITY,Load and validate COGS and Gross Profit; do not estimate loss until source cost is confirmed.,22
1319,1335,1.07 Condiments & Spices,UMS Oregano 50 Gr,1617.0,1615.8,1.2000000000000455,,,,positive_sales_without_complete_profitability,weight_based,no_catalog_finding,critical,93.19004524886878,2,2,MISSING_PROFITABILITY | REVENUE_REDUCTION,"Load and validate COGS and Gross Profit; do not estimate loss until source cost is confirmed. | Validate discount/refund authorization, business purpose and policy compliance.",23
1489,1505,3.Coffee160,160 Americano 12oz,3943.64,3837.84,105.79999999999973,0.0,3837.84,,positive_sales_with_zero_cogs,weight_based,no_catalog_finding,critical,93.16091954022988,2,2,REVENUE_REDUCTION | ZERO_COGS,"Confirm recipes, purchase cost or item cost mapping; zero COGS is not accepted as validated margin. | Validate discount/refund authorization, business purpose and policy compliance.",24
422,438,1.03 Beverages,Topo Chico Mineral Water 355ml x Unit,1432.41,1377.66,54.75,,,,positive_sales_without_complete_profitability,explicit_single_unit,no_catalog_finding,critical,93.00904977375565,2,2,MISSING_PROFITABILITY | REVENUE_REDUCTION,"Load and validate COGS and Gross Profit; do not estimate loss until source cost is confirmed. | Validate discount/refund authorization, business purpose and policy compliance.",25
1694,1710,1.19 Peppers,Chile Pasilla Negro 150g 150 Gr,1348.65,1347.65,1.0,,,,positive_sales_without_complete_profitability,weight_based,actionable_review_candidate,critical,92.82805429864253,3,3,CATALOG_ACTIONABLE | MISSING_PROFITABILITY | REVENUE_REDUCTION,"Load and validate COGS and Gross Profit; do not estimate loss until source cost is confirmed. | Validate SKU/UPC, presentation, duplicate status and pack-size configuration before any merge. | Validate discount/refund authorization, business purpose and policy compliance.",26
1490,1506,3.Coffee160,160 Latte 12oz,2875.32,2847.64,27.68000000000029,0.0,2847.64,,positive_sales_with_zero_cogs,weight_based,no_catalog_finding,critical,92.70114942528735,2,2,REVENUE_REDUCTION | ZERO_COGS,"Confirm recipes, purchase cost or item cost mapping; zero COGS is not accepted as validated margin. | Validate discount/refund authorization, business purpose and policy compliance.",27
424,440,1.03 Beverages,Maltin Polar 12 oz Maltin Polar 12 oz unit,1333.54,1324.25,9.289999999999964,,,,positive_sales_without_complete_profitability,explicit_single_unit,informational_family_variant,critical,92.6470588235294,2,2,MISSING_PROFITABILITY | REVENUE_REDUCTION,"Load and validate COGS and Gross Profit; do not estimate loss until source cost is confirmed. | Validate discount/refund authorization, business purpose and policy compliance.",28
65,81,2. Restaurant,Bacon Egg & Cheese Breakfast Sandwich,1284.0,1272.0,12.0,,,,positive_sales_without_complete_profitability,presentation_not_explicit,no_catalog_finding,critical,92.46606334841628,2,2,MISSING_PROFITABILITY | REVENUE_REDUCTION,"Load and validate COGS and Gross Profit; do not estimate loss until source cost is confirmed. | Validate discount/refund authorization, business purpose and policy compliance.",29
428,444,1.03 Beverages,Guarana Antartica 355 ML X12,1179.41,1179.41,0.0,,,,positive_sales_without_complete_profitability,explicit_multipack,informational_family_variant,critical,92.28506787330316,1,1,MISSING_PROFITABILITY,Load and validate COGS and Gross Profit; do not estimate loss until source cost is confirmed.,30
1021,1037,1.05 Chips & Snacks,Barcel Runners Original Chile Limon - 200 Gr,243.75,121.75,122.0,157.25,-35.5,-29.15811088295688,validated_consistent_positive_sales_positive_cogs,weight_based,no_catalog_finding,critical,92.25806451612902,2,2,NEGATIVE_MARGIN | REVENUE_REDUCTION,"Validate discount/refund authorization, business purpose and policy compliance. | Validate selling price, unit cost, discount policy and transaction detail.",31
410,426,1.03 Beverages,Pony Malta 11.12 oz / 330 ml Pony Malta unit,2469.74,2463.14,6.599999999999909,0.0,2463.14,,positive_sales_with_zero_cogs,explicit_single_unit,informational_family_variant,critical,92.24137931034483,2,2,REVENUE_REDUCTION | ZERO_COGS,"Confirm recipes, purchase cost or item cost mapping; zero COGS is not accepted as validated margin. | Validate discount/refund authorization, business purpose and policy compliance.",32
2028,2044,Bakery Frozen Products,160 Almojabana congelada x6,1133.19,1125.25,7.940000000000055,,,,positive_sales_without_complete_profitability,explicit_multipack,no_catalog_finding,critical,92.10407239819004,2,2,MISSING_PROFITABILITY | REVENUE_REDUCTION,"Load and validate COGS and Gross Profit; do not estimate loss until source cost is confirmed. | Validate discount/refund authorization, business purpose and policy compliance.",33
69,85,2. Restaurant,Combo Chips & Salsa,1091.35,1086.26,5.089999999999918,,,,positive_sales_without_complete_profitability,presentation_not_explicit,no_catalog_finding,critical,91.92307692307692,2,2,MISSING_PROFITABILITY | REVENUE_REDUCTION,"Load and validate COGS and Gross Profit; do not estimate loss until source cost is confirmed. | Validate discount/refund authorization, business purpose and policy compliance.",34
52,68,2. Restaurant,Breakfast Mexican Eggs Tacos,2458.36,2428.39,29.970000000000255,0.0,2428.39,,positive_sales_with_zero_cogs,presentation_not_explicit,no_catalog_finding,critical,91.7816091954023,2,2,REVENUE_REDUCTION | ZERO_COGS,"Confirm recipes, purchase cost or item cost mapping; zero COGS is not accepted as validated margin. | Validate discount/refund authorization, business purpose and policy compliance.",35
639,655,1.25 Sweets & Candies,Jet Chocolatina - 264 Gr X24,1004.33,1002.83,1.5,,,,positive_sales_without_complete_profitability,explicit_multipack,informational_family_variant,critical,91.7420814479638,2,2,MISSING_PROFITABILITY | REVENUE_REDUCTION,"Load and validate COGS and Gross Profit; do not estimate loss until source cost is confirmed. | Validate discount/refund authorization, business purpose and policy compliance.",36
431,447,1.03 Beverages,Topo Chico Box 12 - 355ml X12,1029.81,980.82,48.989999999999895,,,,positive_sales_without_complete_profitability,explicit_multipack,actionable_review_candidate,critical,91.56108597285068,3,3,CATALOG_ACTIONABLE | MISSING_PROFITABILITY | REVENUE_REDUCTION,"Load and validate COGS and Gross Profit; do not estimate loss until source cost is confirmed. | Validate SKU/UPC, presentation, duplicate status and pack-size configuration before any merge. | Validate discount/refund authorization, business purpose and policy compliance.",37
645,661,1.25 Sweets & Candies,Sonrics Rockaleta 20 Pack,888.75,888.75,0.0,,,,positive_sales_without_complete_profitability,explicit_multipack,actionable_review_candidate,critical,91.38009049773756,2,2,CATALOG_ACTIONABLE | MISSING_PROFITABILITY,"Load and validate COGS and Gross Profit; do not estimate loss until source cost is confirmed. | Validate SKU/UPC, presentation, duplicate status and pack-size configuration before any merge.",38
1491,1507,3.Coffee160,160 Cappuccino 12oz,2358.09,2330.35,27.740000000000236,0.0,2330.35,,positive_sales_with_zero_cogs,weight_based,no_catalog_finding,critical,91.32183908045977,2,2,REVENUE_REDUCTION | ZERO_COGS,"Confirm recipes, purchase cost or item cost mapping; zero COGS is not accepted as validated margin. | Validate discount/refund authorization, business purpose and policy compliance.",39
71,87,2. Restaurant,Eggs Bacon & Cassava Waffles Breakfast,899.4,873.93,25.470000000000027,,,,positive_sales_without_complete_profitability,presentation_not_explicit,no_catalog_finding,critical,91.19909502262443,2,2,MISSING_PROFITABILITY | REVENUE_REDUCTION,"Load and validate COGS and Gross Profit; do not estimate loss until source cost is confirmed. | Validate discount/refund authorization, business purpose and policy compliance.",40
966,982,1.05 Chips & Snacks,Su Sabor Rosquillas Cheese Snack,465.75,465.53,0.22000000000002728,111.78,70.47,,positive_sales_with_configuration_anomaly,presentation_not_explicit,no_catalog_finding,critical,91.11111111111111,2,2,PROFIT_CONFIGURATION_ANOMALY | REVENUE_REDUCTION,"Reconcile item COGS, reported Gross Profit and POS configuration against source transactions. | Validate discount/refund authorization, business purpose and policy compliance.",41
1501,1517,3.Coffee160,160 Cortado Coffee,853.86,848.66,5.2000000000000455,,,,positive_sales_without_complete_profitability,presentation_not_explicit,no_catalog_finding,critical,91.01809954751131,2,2,MISSING_PROFITABILITY | REVENUE_REDUCTION,"Load and validate COGS and Gross Profit; do not estimate loss until source cost is confirmed. | Validate discount/refund authorization, business purpose and policy compliance.",42
579,595,1.03 Beverages,Tiky Pinneaple soda Glass 12 oz /  350 ml,119.8,59.8,60.0,85.4,-25.6,-42.80936454849499,validated_consistent_positive_sales_positive_cogs,volume_based,no_catalog_finding,critical,90.96774193548387,2,2,NEGATIVE_MARGIN | REVENUE_REDUCTION,"Validate discount/refund authorization, business purpose and policy compliance. | Validate selling price, unit cost, discount policy and transaction detail.",43
54,70,2. Restaurant,Tacos de Tripa - Tripe Tacos,2262.74,2244.75,17.98999999999978,0.0,2244.75,,positive_sales_with_zero_cogs,presentation_not_explicit,no_catalog_finding,critical,90.86206896551724,2,2,REVENUE_REDUCTION | ZERO_COGS,"Confirm recipes, purchase cost or item cost mapping; zero COGS is not accepted as validated margin. | Validate discount/refund authorization, business purpose and policy compliance.",44
437,453,1.03 Beverages,Topo Chico Tropical Mango - 12 Oz 8 Pack,1114.75,830.25,284.5,,,,positive_sales_without_complete_profitability,explicit_multipack,informational_family_variant,critical,90.83710407239819,2,2,MISSING_PROFITABILITY | REVENUE_REDUCTION,"Load and validate COGS and Gross Profit; do not estimate loss until source cost is confirmed. | Validate discount/refund authorization, business purpose and policy compliance.",45
941,957,1.05 Chips & Snacks,El Sabroso Guacamole Tortilla Chips 284 g,949.11,809.95,139.15999999999997,,,,positive_sales_without_complete_profitability,weight_based,no_catalog_finding,critical,90.65610859728507,2,2,MISSING_PROFITABILITY | REVENUE_REDUCTION,"Load and validate COGS and Gross Profit; do not estimate loss until source cost is confirmed. | Validate discount/refund authorization, business purpose and policy compliance.",46
648,664,1.25 Sweets & Candies,De La Rosa Mazapan Gigante 1000 g Unit 50g / 1.76 Oz,770.0,770.0,0.0,,,,positive_sales_without_complete_profitability,explicit_single_unit,actionable_review_candidate,critical,90.47511312217195,2,2,CATALOG_ACTIONABLE | MISSING_PROFITABILITY,"Load and validate COGS and Gross Profit; do not estimate loss until source cost is confirmed. | Validate SKU/UPC, presentation, duplicate status and pack-size configuration before any merge.",47
412,428,1.03 Beverages,Pony Malta 11.12 oz / 330 ml Pony Malta x 6,2221.29,2219.99,1.300000000000182,0.0,2219.99,,positive_sales_with_zero_cogs,explicit_multipack,informational_family_variant,critical,90.40229885057471,2,2,REVENUE_REDUCTION | ZERO_COGS,"Confirm recipes, purchase cost or item cost mapping; zero COGS is not accepted as validated margin. | Validate discount/refund authorization, business purpose and policy compliance.",48
1967,1983,Uncategorized,Nestle Savoy Samba Fresa X unit,717.43,717.43,0.0,,,,positive_sales_without_complete_profitability,explicit_single_unit,no_catalog_finding,critical,90.29411764705883,1,1,MISSING_PROFITABILITY,Load and validate COGS and Gross Profit; do not estimate loss until source cost is confirmed.,49
445,461,1.03 Beverages,Topo Chico Passionfruit Can - 12 Oz X8,701.73,701.73,0.0,,,,positive_sales_without_complete_profitability,explicit_multipack,informational_family_variant,critical,90.1131221719457,1,1,MISSING_PROFITABILITY,Load and validate COGS and Gross Profit; do not estimate loss until source cost is confirmed.,50
2001,2017,Uncategorized,Manual Transaction,0.0,-23.25,23.25,,,,non_positive_net_sales,presentation_not_explicit,adjustment_record,critical,90.0,2,2,MANUAL_NEGATIVE_ADJUSTMENT | REVENUE_REDUCTION,"Trace the manual transaction to user, date, reason, approval and original sale. | Validate discount/refund authorization, business purpose and policy compliance.",51
413,429,1.03 Beverages,Coca Cola Mexicana - 500 ml x Unit,2165.66,2149.68,15.980000000000018,0.0,2149.68,,positive_sales_with_zero_cogs,explicit_single_unit,no_catalog_finding,critical,89.94252873563218,2,2,REVENUE_REDUCTION | ZERO_COGS,"Confirm recipes, purchase cost or item cost mapping; zero COGS is not accepted as validated margin. | Validate discount/refund authorization, business purpose and policy compliance.",52
80,96,2. Restaurant,Frijoles Refritos - Refried Beans,694.26,688.28,5.980000000000018,,,,positive_sales_without_complete_profitability,presentation_not_explicit,no_catalog_finding,critical,89.93212669683258,2,2,MISSING_PROFITABILITY | REVENUE_REDUCTION,"Load and validate COGS and Gross Profit; do not estimate loss until source cost is confirmed. | Validate discount/refund authorization, business purpose and policy compliance.",53
1757,1773,1.28 Grains,Frijol Pinto UMS 2 LB,655.49,654.84,0.6499999999999773,,,,positive_sales_without_complete_profitability,weight_based,no_catalog_finding,critical,89.75113122171946,2,2,MISSING_PROFITABILITY | REVENUE_REDUCTION,"Load and validate COGS and Gross Profit; do not estimate loss until source cost is confirmed. | Validate discount/refund authorization, business purpose and policy compliance.",54
1013,1029,1.05 Chips & Snacks,Seniorial chicharron spicy BBQ 1.97oz,294.29,167.77,126.52000000000001,190.93,-23.16,-13.804613458902068,validated_consistent_positive_sales_positive_cogs,weight_based,no_catalog_finding,critical,89.6774193548387,2,2,NEGATIVE_MARGIN | REVENUE_REDUCTION,"Validate discount/refund authorization, business purpose and policy compliance. | Validate selling price, unit cost, discount policy and transaction detail.",55
654,670,1.25 Sweets & Candies,Las Sevillanas Glorias 21 oz X20,639.8,639.8,0.0,,,,positive_sales_without_complete_profitability,explicit_multipack,informational_family_variant,critical,89.57013574660634,1,1,MISSING_PROFITABILITY,Load and validate COGS and Gross Profit; do not estimate loss until source cost is confirmed.,56
1492,1508,3.Coffee160,160 Cafe con Leche  12oz,2121.92,2090.64,31.2800000000002,0.0,2090.64,,positive_sales_with_zero_cogs,weight_based,informational_family_variant,critical,89.48275862068965,2,2,REVENUE_REDUCTION | ZERO_COGS,"Confirm recipes, purchase cost or item cost mapping; zero COGS is not accepted as validated margin. | Validate discount/refund authorization, business purpose and policy compliance.",57
450,466,1.03 Beverages,Topo Chico Lime with Mint - Can - 12 Oz 8 PACK,637.0,637.0,0.0,,,,positive_sales_without_complete_profitability,explicit_multipack,actionable_review_candidate,critical,89.38914027149322,2,2,CATALOG_ACTIONABLE | MISSING_PROFITABILITY,"Load and validate COGS and Gross Profit; do not estimate loss until source cost is confirmed. | Validate SKU/UPC, presentation, duplicate status and pack-size configuration before any merge.",58
222,238,4.Bakery,160 Tres leches Small con fruta,630.0,630.0,0.0,,,,positive_sales_without_complete_profitability,presentation_not_explicit,no_catalog_finding,critical,89.20814479638008,1,1,MISSING_PROFITABILITY,Load and validate COGS and Gross Profit; do not estimate loss until source cost is confirmed.,59
657,673,1.25 Sweets & Candies,De la Rosa pulparindo Mango 10 Oz / 280g BOX X20,615.12,615.12,0.0,,,,positive_sales_without_complete_profitability,explicit_multipack,informational_family_variant,critical,89.02714932126696,1,1,MISSING_PROFITABILITY,Load and validate COGS and Gross Profit; do not estimate loss until source cost is confirmed.,60
56,72,2. Restaurant,Caldo de Costilla,2014.74,1974.75,39.99000000000001,0.0,1974.75,,positive_sales_with_zero_cogs,presentation_not_explicit,no_catalog_finding,critical,89.02298850574712,2,2,REVENUE_REDUCTION | ZERO_COGS,"Confirm recipes, purchase cost or item cost mapping; zero COGS is not accepted as validated margin. | Validate discount/refund authorization, business purpose and policy compliance.",61
452,468,1.03 Beverages,Jarritos Pina 12.5oz x Unit,601.32,596.18,5.1400000000001,,,,positive_sales_without_complete_profitability,explicit_single_unit,no_catalog_finding,critical,88.84615384615384,2,2,MISSING_PROFITABILITY | REVENUE_REDUCTION,"Load and validate COGS and Gross Profit; do not estimate loss until source cost is confirmed. | Validate discount/refund authorization, business purpose and policy compliance.",62
1969,1985,Uncategorized,Nestle Cri Cri 123g X unit,584.35,584.35,0.0,,,,positive_sales_without_complete_profitability,explicit_single_unit,no_catalog_finding,critical,88.66515837104072,1,1,MISSING_PROFITABILITY,Load and validate COGS and Gross Profit; do not estimate loss until source cost is confirmed.,63
1493,1509,3.Coffee160,160 Cafe con Leche 16oz,1955.1,1893.87,61.23000000000002,0.0,1893.87,,positive_sales_with_zero_cogs,weight_based,informational_family_variant,critical,88.5632183908046,2,2,REVENUE_REDUCTION | ZERO_COGS,"Confirm recipes, purchase cost or item cost mapping; zero COGS is not accepted as validated margin. | Validate discount/refund authorization, business purpose and policy compliance.",64
457,473,1.03 Beverages,Guarana Antartica Cero 355 ML X12,559.72,559.72,0.0,,,,positive_sales_without_complete_profitability,explicit_multipack,informational_family_variant,critical,88.4841628959276,1,1,MISSING_PROFITABILITY,Load and validate COGS and Gross Profit; do not estimate loss until source cost is confirmed.,65
987,1003,1.05 Chips & Snacks,Sabritas Cheetos Puffs 110g,510.27,289.43,220.83999999999997,308.88,-19.45,-6.720105034032409,validated_consistent_positive_sales_positive_cogs,weight_based,no_catalog_finding,critical,88.38709677419355,2,2,NEGATIVE_MARGIN | REVENUE_REDUCTION,"Validate discount/refund authorization, business purpose and policy compliance. | Validate selling price, unit cost, discount policy and transaction detail.",66
1503,1519,3.Coffee160,Coffee Frappe,569.05,558.85,10.199999999999932,,,,positive_sales_without_complete_profitability,presentation_not_explicit,no_catalog_finding,critical,88.30316742081448,2,2,MISSING_PROFITABILITY | REVENUE_REDUCTION,"Load and validate COGS and Gross Profit; do not estimate loss until source cost is confirmed. | Validate discount/refund authorization, business purpose and policy compliance.",67
458,474,1.03 Beverages,Topo Chico Mineral Water 355ml X24,557.94,557.94,0.0,,,,positive_sales_without_complete_profitability,explicit_multipack,informational_family_variant,critical,88.12217194570135,1,1,MISSING_PROFITABILITY,Load and validate COGS and Gross Profit; do not estimate loss until source cost is confirmed.,68
191,207,4.Bakery,Tres Leches Cake Medium,1760.0,1732.5,27.5,0.0,1732.5,,positive_sales_with_zero_cogs,presentation_not_explicit,no_catalog_finding,critical,88.10344827586206,2,2,REVENUE_REDUCTION | ZERO_COGS,"Confirm recipes, purchase cost or item cost mapping; zero COGS is not accepted as validated margin. | Validate discount/refund authorization, business purpose and policy compliance.",69
84,100,2. Restaurant,Coca-Cola - Kiosk,557.64,552.65,4.990000000000009,,,,positive_sales_without_complete_profitability,presentation_not_explicit,no_catalog_finding,critical,87.94117647058823,2,2,MISSING_PROFITABILITY | REVENUE_REDUCTION,"Load and validate COGS and Gross Profit; do not estimate loss until source cost is confirmed. | Validate discount/refund authorization, business purpose and policy compliance.",70
460,476,1.03 Beverages,Topo Chico Raspberry Lemon - Can - 12 oz 8 Pack,546.0,546.0,0.0,,,,positive_sales_without_complete_profitability,explicit_multipack,informational_family_variant,critical,87.76018099547511,1,1,MISSING_PROFITABILITY,Load and validate COGS and Gross Profit; do not estimate loss until source cost is confirmed.,71
1494,1510,3.Coffee160,160 Americano 16oz,1734.3,1689.66,44.63999999999987,0.0,1689.66,,positive_sales_with_zero_cogs,weight_based,no_catalog_finding,critical,87.64367816091954,2,2,REVENUE_REDUCTION | ZERO_COGS,"Confirm recipes, purchase cost or item cost mapping; zero COGS is not accepted as validated margin. | Validate discount/refund authorization, business purpose and policy compliance.",72
1971,1987,Uncategorized,Jarritos Mexican Cola 12.5oz x Unit,545.64,545.64,0.0,,,,positive_sales_without_complete_profitability,explicit_single_unit,no_catalog_finding,critical,87.57918552036199,1,1,MISSING_PROFITABILITY,Load and validate COGS and Gross Profit; do not estimate loss until source cost is confirmed.,73
2000,2016,Uncategorized,Manual Transaction,0.0,-10.18,10.18,,,,non_positive_net_sales,presentation_not_explicit,adjustment_record,critical,87.5,2,2,MANUAL_NEGATIVE_ADJUSTMENT | REVENUE_REDUCTION,"Trace the manual transaction to user, date, reason, approval and original sale. | Validate discount/refund authorization, business purpose and policy compliance.",74
85,101,2. Restaurant,Delivery fee,520.0,518.31,1.6900000000000546,,,,positive_sales_without_complete_profitability,presentation_not_explicit,actionable_review_candidate,critical,87.39819004524887,3,3,CATALOG_ACTIONABLE | MISSING_PROFITABILITY | REVENUE_REDUCTION,"Load and validate COGS and Gross Profit; do not estimate loss until source cost is confirmed. | Validate SKU/UPC, presentation, duplicate status and pack-size configuration before any merge. | Validate discount/refund authorization, business purpose and policy compliance.",75
673,689,1.25 Sweets & Candies,Duvalin Fresa Avellana BOX,522.41,511.49,10.919999999999959,,,,positive_sales_without_complete_profitability,pack_or_case_count_unresolved,actionable_review_candidate,critical,87.21719457013575,3,3,CATALOG_ACTIONABLE | MISSING_PROFITABILITY | REVENUE_REDUCTION,"Load and validate COGS and Gross Profit; do not estimate loss until source cost is confirmed. | Validate SKU/UPC, presentation, duplicate status and pack-size configuration before any merge. | Validate discount/refund authorization, business purpose and policy compliance.",76
62,78,2. Restaurant,Sirloin Tacos,1672.06,1672.06,0.0,0.0,1672.06,,positive_sales_with_zero_cogs,presentation_not_explicit,no_catalog_finding,critical,87.183908045977,1,1,ZERO_COGS,"Confirm recipes, purchase cost or item cost mapping; zero COGS is not accepted as validated margin.",77
1682,1698,1.09 Cookies & Crackers,Noel Cookies Christmas Plegadiza Holiday / 24 215 Gr,83.86,41.26,42.6,56.84,-15.58,-37.76054289869123,validated_consistent_positive_sales_positive_cogs,weight_based,no_catalog_finding,critical,87.09677419354838,2,2,NEGATIVE_MARGIN | REVENUE_REDUCTION,"Validate discount/refund authorization, business purpose and policy compliance. | Validate selling price, unit cost, discount policy and transaction detail.",78
1759,1775,1.28 Grains,Frijol Rojo UMS 2 LB,499.73,499.73,0.0,,,,positive_sales_without_complete_profitability,weight_based,no_catalog_finding,critical,87.03619909502262,1,1,MISSING_PROFITABILITY,Load and validate COGS and Gross Profit; do not estimate loss until source cost is confirmed.,79
86,102,2. Restaurant,Jarritos 12.5oz - Kiosk Beverage,499.33,499.33,0.0,,,,positive_sales_without_complete_profitability,volume_based,no_catalog_finding,critical,86.8552036199095,1,1,MISSING_PROFITABILITY,Load and validate COGS and Gross Profit; do not estimate loss until source cost is confirmed.,80
63,79,2. Restaurant,Catering  100 tacos,1660.0,1660.0,0.0,0.0,1660.0,,positive_sales_with_zero_cogs,presentation_not_explicit,no_catalog_finding,critical,86.72413793103448,1,1,ZERO_COGS,"Confirm recipes, purchase cost or item cost mapping; zero COGS is not accepted as validated margin.",81
963,979,1.05 Chips & Snacks,Incas Food Habas Saladitas 4oz,493.36,493.36,0.0,,,,positive_sales_without_complete_profitability,weight_based,no_catalog_finding,critical,86.67420814479638,1,1,MISSING_PROFITABILITY,Load and validate COGS and Gross Profit; do not estimate loss until source cost is confirmed.,82
364,380,1.12 Frozen Products,Tajacol Frozen Tostones - 2 LB,296.0,285.82,10.180000000000007,12.0,6.5,,positive_sales_with_configuration_anomaly,weight_based,no_catalog_finding,critical,86.66666666666666,2,2,PROFIT_CONFIGURATION_ANOMALY | REVENUE_REDUCTION,"Reconcile item COGS, reported Gross Profit and POS configuration against source transactions. | Validate discount/refund authorization, business purpose and policy compliance.",83
1972,1988,Uncategorized,Nestle Savoy Cri Cri 27 g / .95 oz X unit,499.33,473.23,26.099999999999966,,,,positive_sales_without_complete_profitability,explicit_single_unit,actionable_review_candidate,critical,86.49321266968326,3,3,CATALOG_ACTIONABLE | MISSING_PROFITABILITY | REVENUE_REDUCTION,"Load and validate COGS and Gross Profit; do not estimate loss until source cost is confirmed. | Validate SKU/UPC, presentation, duplicate status and pack-size configuration before any merge. | Validate discount/refund authorization, business purpose and policy compliance.",84
679,695,1.25 Sweets & Candies,De La Rosa Pulparindo Extra Spicy 280g / 10oz BOX X20,468.33,468.33,0.0,,,,positive_sales_without_complete_profitability,explicit_multipack,informational_family_variant,critical,86.31221719457014,1,1,MISSING_PROFITABILITY,Load and validate COGS and Gross Profit; do not estimate loss until source cost is confirmed.,85
1495,1511,3.Coffee160,160 Latte 16oz,1599.63,1574.82,24.810000000000173,0.0,1574.82,,positive_sales_with_zero_cogs,weight_based,no_catalog_finding,critical,86.26436781609195,2,2,REVENUE_REDUCTION | ZERO_COGS,"Confirm recipes, purchase cost or item cost mapping; zero COGS is not accepted as validated margin. | Validate discount/refund authorization, business purpose and policy compliance.",86
470,486,1.03 Beverages,Jarritos Tamarindo 12.5oz x Unit,467.64,467.64,0.0,,,,positive_sales_without_complete_profitability,explicit_single_unit,no_catalog_finding,critical,86.13122171945702,1,1,MISSING_PROFITABILITY,Load and validate COGS and Gross Profit; do not estimate loss until source cost is confirmed.,87
472,488,1.03 Beverages,Jarritos Mineragua 12.5oz,495.51,465.35,30.159999999999968,,,,positive_sales_without_complete_profitability,volume_based,no_catalog_finding,critical,85.9502262443439,2,2,MISSING_PROFITABILITY | REVENUE_REDUCTION,"Load and validate COGS and Gross Profit; do not estimate loss until source cost is confirmed. | Validate discount/refund authorization, business purpose and policy compliance.",88
108,124,2. Restaurant,Empanada Vegana 15 pck,186.89,144.89,42.0,157.63,-12.74,-8.792877355235007,validated_consistent_positive_sales_positive_cogs,explicit_multipack,no_catalog_finding,critical,85.80645161290323,2,2,NEGATIVE_MARGIN | REVENUE_REDUCTION,"Validate discount/refund authorization, business purpose and policy compliance. | Validate selling price, unit cost, discount policy and transaction detail.",89
420,436,1.03 Beverages,Maltin Polar 12 oz Maltin Polar 12 oz x 6,1440.97,1440.97,0.0,0.0,1440.97,,positive_sales_with_zero_cogs,explicit_multipack,informational_family_variant,critical,85.80459770114942,1,1,ZERO_COGS,"Confirm recipes, purchase cost or item cost mapping; zero COGS is not accepted as validated margin.",90
473,489,1.03 Beverages,Topo Chico Blueberry Hibiscus Can - 12 Oz 8 Pack,455.0,455.0,0.0,,,,positive_sales_without_complete_profitability,explicit_multipack,informational_family_variant,critical,85.76923076923077,1,1,MISSING_PROFITABILITY,Load and validate COGS and Gross Profit; do not estimate loss until source cost is confirmed.,91
690,706,1.25 Sweets & Candies,Vero Elotes Chile Lollypop 560g T X40 Pack,424.44,424.44,0.0,,,,positive_sales_without_complete_profitability,explicit_multipack,informational_family_variant,critical,85.58823529411765,1,1,MISSING_PROFITABILITY,Load and validate COGS and Gross Profit; do not estimate loss until source cost is confirmed.,92
691,707,1.25 Sweets & Candies,Duvalin  Avellana Vainilla BOX,417.95,417.95,0.0,,,,positive_sales_without_complete_profitability,pack_or_case_count_unresolved,actionable_review_candidate,critical,85.40723981900453,2,2,CATALOG_ACTIONABLE | MISSING_PROFITABILITY,"Load and validate COGS and Gross Profit; do not estimate loss until source cost is confirmed. | Validate SKU/UPC, presentation, duplicate status and pack-size configuration before any merge.",93
421,437,1.03 Beverages,Maltin Polar 7oz Maltin Polar 7oz X 6,1439.69,1439.69,0.0,0.0,1439.69,,positive_sales_with_zero_cogs,explicit_multipack,informational_family_variant,critical,85.34482758620689,1,1,ZERO_COGS,"Confirm recipes, purchase cost or item cost mapping; zero COGS is not accepted as validated margin.",94
692,708,1.25 Sweets & Candies,De La Rosa Mazapan Original 840G X30,417.78,417.78,0.0,,,,positive_sales_without_complete_profitability,explicit_multipack,informational_family_variant,critical,85.22624434389141,1,1,MISSING_PROFITABILITY,Load and validate COGS and Gross Profit; do not estimate loss until source cost is confirmed.,95
477,493,1.03 Beverages,Topo Chico Lime with Mint - Can - 12 Oz 8 Pack,409.5,409.5,0.0,,,,positive_sales_without_complete_profitability,explicit_multipack,actionable_review_candidate,critical,85.04524886877829,2,2,CATALOG_ACTIONABLE | MISSING_PROFITABILITY,"Load and validate COGS and Gross Profit; do not estimate loss until source cost is confirmed. | Validate SKU/UPC, presentation, duplicate status and pack-size configuration before any merge.",96
1999,2015,Uncategorized,Manual Transaction,0.0,-9.1,9.1,,,,non_positive_net_sales,presentation_not_explicit,adjustment_record,critical,85.0,2,2,MANUAL_NEGATIVE_ADJUSTMENT | REVENUE_REDUCTION,"Trace the manual transaction to user, date, reason, approval and original sale. | Validate discount/refund authorization, business purpose and policy compliance.",97
67,83,2. Restaurant,Chunchulla & Arepa,1231.12,1231.12,0.0,0.0,1231.12,,positive_sales_with_zero_cogs,presentation_not_explicit,no_catalog_finding,high,84.88505747126436,1,1,ZERO_COGS,"Confirm recipes, purchase cost or item cost mapping; zero COGS is not accepted as validated margin.",98
1973,1989,Uncategorized,Las Sevillanas Glorias 21 oz Las Sevillanas Glorias unit,401.98,399.99,1.990000000000009,,,,positive_sales_without_complete_profitability,explicit_single_unit,no_catalog_finding,high,84.86425339366517,2,2,MISSING_PROFITABILITY | REVENUE_REDUCTION,"Load and validate COGS and Gross Profit; do not estimate loss until source cost is confirmed. | Validate discount/refund authorization, business purpose and policy compliance.",99
483,499,1.03 Beverages,Jarritos Guayaba 12oz x Unit,386.07,385.82,0.25,,,,positive_sales_without_complete_profitability,explicit_single_unit,no_catalog_finding,high,84.68325791855204,2,2,MISSING_PROFITABILITY | REVENUE_REDUCTION,"Load and validate COGS and Gross Profit; do not estimate loss until source cost is confirmed. | Validate discount/refund authorization, business purpose and policy compliance.",100
845,861,1.25 Sweets & Candies,Las Negras Torta de Naranja con Semillas de Amapola y Miel 1200 g UNIT,74.25,37.22,37.03,49.17,-11.95,-32.106394411606665,validated_consistent_positive_sales_positive_cogs,explicit_single_unit,informational_family_variant,high,84.51612903225806,2,2,NEGATIVE_MARGIN | REVENUE_REDUCTION,"Validate discount/refund authorization, business purpose and policy compliance. | Validate selling price, unit cost, discount policy and transaction detail.",101
698,714,1.25 Sweets & Candies,BonBonBum Fresa UNIT,379.96,379.19,0.7699999999999818,,,,positive_sales_without_complete_profitability,explicit_single_unit,informational_family_variant,high,84.50226244343892,2,2,MISSING_PROFITABILITY | REVENUE_REDUCTION,"Load and validate COGS and Gross Profit; do not estimate loss until source cost is confirmed. | Validate discount/refund authorization, business purpose and policy compliance.",102
210,226,4.Bakery,160 Tres Leches Small,1200.0,1183.5,16.5,0.0,1183.5,,positive_sales_with_zero_cogs,presentation_not_explicit,no_catalog_finding,high,84.42528735632183,2,2,REVENUE_REDUCTION | ZERO_COGS,"Confirm recipes, purchase cost or item cost mapping; zero COGS is not accepted as validated margin. | Validate discount/refund authorization, business purpose and policy compliance.",103
1974,1990,Uncategorized,Jarritos Mandarina 12.5oz x Unit,373.53,373.53,0.0,,,,positive_sales_without_complete_profitability,explicit_single_unit,no_catalog_finding,high,84.32126696832579,1,1,MISSING_PROFITABILITY,Load and validate COGS and Gross Profit; do not estimate loss until source cost is confirmed.,104
487,503,1.03 Beverages,Hit de Lulo 8 oz x Unit,372.13,371.14,0.9900000000000091,,,,positive_sales_without_complete_profitability,explicit_single_unit,no_catalog_finding,high,84.14027149321267,2,2,MISSING_PROFITABILITY | REVENUE_REDUCTION,"Load and validate COGS and Gross Profit; do not estimate loss until source cost is confirmed. | Validate discount/refund authorization, business purpose and policy compliance.",105
212,228,4.Bakery,Tres Leches Cake Large,1199.85,1171.86,27.99000000000001,0.0,1171.86,,positive_sales_with_zero_cogs,presentation_not_explicit,no_catalog_finding,high,83.9655172413793,2,2,REVENUE_REDUCTION | ZERO_COGS,"Confirm recipes, purchase cost or item cost mapping; zero COGS is not accepted as validated margin. | Validate discount/refund authorization, business purpose and policy compliance.",106
488,504,1.03 Beverages,Cuzcatlan Cola Champagne 12oz x Unit,368.53,365.84,2.6899999999999977,,,,positive_sales_without_complete_profitability,explicit_single_unit,no_catalog_finding,high,83.95927601809954,2,2,MISSING_PROFITABILITY | REVENUE_REDUCTION,"Load and validate COGS and Gross Profit; do not estimate loss until source cost is confirmed. | Validate discount/refund authorization, business purpose and policy compliance.",107
1510,1526,3.Coffee160,Passion Fruit Milkshake,365.7,360.18,5.519999999999982,,,,positive_sales_without_complete_profitability,presentation_not_explicit,no_catalog_finding,high,83.77828054298642,2,2,MISSING_PROFITABILITY | REVENUE_REDUCTION,"Load and validate COGS and Gross Profit; do not estimate loss until source cost is confirmed. | Validate discount/refund authorization, business purpose and policy compliance.",108
1651,1667,1.09 Cookies & Crackers,Noel Crackers Saltin Integral 2 Tacos 276 Gr,461.34,356.13,105.20999999999998,,,,positive_sales_without_complete_profitability,weight_based,no_catalog_finding,high,83.5972850678733,2,2,MISSING_PROFITABILITY | REVENUE_REDUCTION,"Load and validate COGS and Gross Profit; do not estimate loss until source cost is confirmed. | Validate discount/refund authorization, business purpose and policy compliance.",109
1752,1768,1.28 Grains,Bunge White Corn Grits Trillado 2 LB,1036.58,1036.58,0.0,0.0,1036.58,,positive_sales_with_zero_cogs,weight_based,informational_family_variant,high,83.50574712643679,1,1,ZERO_COGS,"Confirm recipes, purchase cost or item cost mapping; zero COGS is not accepted as validated margin.",110
234,250,4.Bakery,160 Passion Fruit Cheesecake,341.0,340.45,0.5500000000000114,,,,positive_sales_without_complete_profitability,presentation_not_explicit,no_catalog_finding,high,83.41628959276018,2,2,MISSING_PROFITABILITY | REVENUE_REDUCTION,"Load and validate COGS and Gross Profit; do not estimate loss until source cost is confirmed. | Validate discount/refund authorization, business purpose and policy compliance.",111
1592,1608,1.13 Flours,Maizena Natilla Arequipe 300 gr,342.68,336.09,6.590000000000032,,,,positive_sales_without_complete_profitability,weight_based,no_catalog_finding,high,83.23529411764706,2,2,MISSING_PROFITABILITY | REVENUE_REDUCTION,"Load and validate COGS and Gross Profit; do not estimate loss until source cost is confirmed. | Validate discount/refund authorization, business purpose and policy compliance.",112
268,284,4.Bakery,160 Croissant Roll 2 Pack,66.36,57.36,9.0,67.2,-9.84,-17.154811715481173,validated_consistent_positive_sales_positive_cogs,explicit_multipack,no_catalog_finding,high,83.2258064516129,2,2,NEGATIVE_MARGIN | REVENUE_REDUCTION,"Validate discount/refund authorization, business purpose and policy compliance. | Validate selling price, unit cost, discount policy and transaction detail.",113
713,729,1.25 Sweets & Candies,Nestle Sublime Clasico 26g,335.71,335.71,0.0,,,,positive_sales_without_complete_profitability,weight_based,no_catalog_finding,high,83.05429864253394,1,1,MISSING_PROFITABILITY,Load and validate COGS and Gross Profit; do not estimate loss until source cost is confirmed.,114
1498,1514,3.Coffee160,160 Chocolate 12oz,1105.23,1021.13,84.10000000000002,0.0,1021.13,,positive_sales_with_zero_cogs,weight_based,no_catalog_finding,high,83.04597701149426,2,2,REVENUE_REDUCTION | ZERO_COGS,"Confirm recipes, purchase cost or item cost mapping; zero COGS is not accepted as validated margin. | Validate discount/refund authorization, business purpose and policy compliance.",115
1772,1788,1.28 Grains,Frijol Negro UMS 2LB,337.48,330.99,6.490000000000009,,,,positive_sales_without_complete_profitability,weight_based,no_catalog_finding,high,82.87330316742081,2,2,MISSING_PROFITABILITY | REVENUE_REDUCTION,"Load and validate COGS and Gross Profit; do not estimate loss until source cost is confirmed. | Validate discount/refund authorization, business purpose and policy compliance.",116
494,510,1.03 Beverages,Topo Chico Tangerine Ginger - Can - 12 Oz 8 Pack,318.5,318.5,0.0,,,,positive_sales_without_complete_profitability,explicit_multipack,actionable_review_candidate,high,82.6923076923077,2,2,CATALOG_ACTIONABLE | MISSING_PROFITABILITY,"Load and validate COGS and Gross Profit; do not estimate loss until source cost is confirmed. | Validate SKU/UPC, presentation, duplicate status and pack-size configuration before any merge.",117
1753,1769,1.28 Grains,Frijol Mayocoba UMS 2LB,981.75,977.62,4.1299999999999955,0.0,977.62,,positive_sales_with_zero_cogs,weight_based,no_catalog_finding,high,82.58620689655173,2,2,REVENUE_REDUCTION | ZERO_COGS,"Confirm recipes, purchase cost or item cost mapping; zero COGS is not accepted as validated margin. | Validate discount/refund authorization, business purpose and policy compliance.",118
1976,1992,Uncategorized,Ricolino Bubulubu unit,314.42,314.42,0.0,,,,positive_sales_without_complete_profitability,explicit_single_unit,no_catalog_finding,high,82.51131221719457,1,1,MISSING_PROFITABILITY,Load and validate COGS and Gross Profit; do not estimate loss until source cost is confirmed.,119
1998,2014,Uncategorized,Manual Transaction,0.0,-8.49,8.49,,,,non_positive_net_sales,presentation_not_explicit,adjustment_record,high,82.5,2,2,MANUAL_NEGATIVE_ADJUSTMENT | REVENUE_REDUCTION,"Trace the manual transaction to user, date, reason, approval and original sale. | Validate discount/refund authorization, business purpose and policy compliance.",120
236,252,4.Bakery,160 Pan de Muerto 4pack caja,311.76,311.76,0.0,,,,positive_sales_without_complete_profitability,explicit_multipack,no_catalog_finding,high,82.33031674208145,1,1,MISSING_PROFITABILITY,Load and validate COGS and Gross Profit; do not estimate loss until source cost is confirmed.,121
1001,1017,1.05 Chips & Snacks,Su Sabor Platanito Maduro 3.2oz,229.08,228.58,0.5,67.51,39.56,,positive_sales_with_configuration_anomaly,weight_based,no_catalog_finding,high,82.22222222222223,2,2,PROFIT_CONFIGURATION_ANOMALY | REVENUE_REDUCTION,"Reconcile item COGS, reported Gross Profit and POS configuration against source transactions. | Validate discount/refund authorization, business purpose and policy compliance.",122
1513,1529,3.Coffee160,Nutella Milkshake,303.6,303.6,0.0,,,,positive_sales_without_complete_profitability,presentation_not_explicit,no_catalog_finding,high,82.14932126696833,1,1,MISSING_PROFITABILITY,Load and validate COGS and Gross Profit; do not estimate loss until source cost is confirmed.,123
1500,1516,3.Coffee160,160 Vanilla Latte 16oz,1007.66,931.27,76.38999999999999,0.0,931.27,,positive_sales_with_zero_cogs,weight_based,informational_family_variant,high,82.12643678160919,2,2,REVENUE_REDUCTION | ZERO_COGS,"Confirm recipes, purchase cost or item cost mapping; zero COGS is not accepted as validated margin. | Validate discount/refund authorization, business purpose and policy compliance.",124
1977,1993,Uncategorized,De La Rosa Mazapan Original 840g Box 30 unit 28g / 1 Oz,294.52,294.32,0.19999999999998863,,,,positive_sales_without_complete_profitability,explicit_multipack,actionable_review_candidate,high,81.96832579185521,3,3,CATALOG_ACTIONABLE | MISSING_PROFITABILITY | REVENUE_REDUCTION,"Load and validate COGS and Gross Profit; do not estimate loss until source cost is confirmed. | Validate SKU/UPC, presentation, duplicate status and pack-size configuration before any merge. | Validate discount/refund authorization, business purpose and policy compliance.",125
836,852,1.25 Sweets & Candies,Winter's Panetton Doypack 6/500Gr,89.94,44.94,45.0,53.94,-9.0,-20.02670226969293,validated_consistent_positive_sales_positive_cogs,explicit_multipack,no_catalog_finding,high,81.93548387096774,2,2,NEGATIVE_MARGIN | REVENUE_REDUCTION,"Validate discount/refund authorization, business purpose and policy compliance. | Validate selling price, unit cost, discount policy and transaction detail.",126
502,518,1.03 Beverages,Maltin Polar 7oz X24,293.93,293.93,0.0,,,,positive_sales_without_complete_profitability,explicit_multipack,informational_family_variant,high,81.78733031674207,1,1,MISSING_PROFITABILITY,Load and validate COGS and Gross Profit; do not estimate loss until source cost is confirmed.,127
1502,1518,3.Coffee160,160 Vanilla Latte 12oz,825.0,804.61,20.389999999999986,0.0,804.61,,positive_sales_with_zero_cogs,weight_based,informational_family_variant,high,81.66666666666666,2,2,REVENUE_REDUCTION | ZERO_COGS,"Confirm recipes, purchase cost or item cost mapping; zero COGS is not accepted as validated margin. | Validate discount/refund authorization, business purpose and policy compliance.",128
717,733,1.25 Sweets & Candies,De La Rosa Pulparindo Original 20/10oz - 280gr X20,278.69,274.2,4.490000000000009,,,,positive_sales_without_complete_profitability,explicit_multipack,actionable_review_candidate,high,81.60633484162895,3,3,CATALOG_ACTIONABLE | MISSING_PROFITABILITY | REVENUE_REDUCTION,"Load and validate COGS and Gross Profit; do not estimate loss until source cost is confirmed. | Validate SKU/UPC, presentation, duplicate status and pack-size configuration before any merge. | Validate discount/refund authorization, business purpose and policy compliance.",129
366,382,1.12 Frozen Products,Frushecha Soursop Pulp 14oz,277.13,274.13,3.0,,,,positive_sales_without_complete_profitability,weight_based,no_catalog_finding,high,81.42533936651583,2,2,MISSING_PROFITABILITY | REVENUE_REDUCTION,"Load and validate COGS and Gross Profit; do not estimate loss until source cost is confirmed. | Validate discount/refund authorization, business purpose and policy compliance.",130
507,523,1.03 Beverages,Topo Chico Mineral Water Glass 750 ML - T BOX 12,260.97,260.97,0.0,,,,positive_sales_without_complete_profitability,explicit_multipack,actionable_review_candidate,high,81.2443438914027,2,2,CATALOG_ACTIONABLE | MISSING_PROFITABILITY,"Load and validate COGS and Gross Profit; do not estimate loss until source cost is confirmed. | Validate SKU/UPC, presentation, duplicate status and pack-size configuration before any merge.",131
651,667,1.25 Sweets & Candies,Nestle Savoy Carre Leche y Avellanas 2.2lb / 1kg UNIT,719.1,719.1,0.0,0.0,719.1,,positive_sales_with_zero_cogs,explicit_single_unit,actionable_review_candidate,high,81.20689655172414,2,2,CATALOG_ACTIONABLE | ZERO_COGS,"Confirm recipes, purchase cost or item cost mapping; zero COGS is not accepted as validated margin. | Validate SKU/UPC, presentation, duplicate status and pack-size configuration before any merge.",132
1978,1994,Uncategorized,Tamaroca Banderilla Con Chile unit,258.7,258.7,0.0,,,,positive_sales_without_complete_profitability,explicit_single_unit,no_catalog_finding,high,81.06334841628959,1,1,MISSING_PROFITABILITY,Load and validate COGS and Gross Profit; do not estimate loss until source cost is confirmed.,133
722,738,1.25 Sweets & Candies,Ricolino Mini Paleta Payaso 15 Pzas 375g / 13.23oz X15,256.75,256.75,0.0,,,,positive_sales_without_complete_profitability,explicit_multipack,informational_family_variant,high,80.88235294117646,1,1,MISSING_PROFITABILITY,Load and validate COGS and Gross Profit; do not estimate loss until source cost is confirmed.,134
443,459,1.03 Beverages,Jarritos Lime 12.5oz x Unit,717.96,716.72,1.240000000000009,0.0,716.72,,positive_sales_with_zero_cogs,explicit_single_unit,no_catalog_finding,high,80.74712643678161,2,2,REVENUE_REDUCTION | ZERO_COGS,"Confirm recipes, purchase cost or item cost mapping; zero COGS is not accepted as validated margin. | Validate discount/refund authorization, business purpose and policy compliance.",135
1517,1533,3.Coffee160,Cookies & Cream Milkshake,262.2,256.68,5.519999999999982,,,,positive_sales_without_complete_profitability,presentation_not_explicit,no_catalog_finding,high,80.70135746606334,2,2,MISSING_PROFITABILITY | REVENUE_REDUCTION,"Load and validate COGS and Gross Profit; do not estimate loss until source cost is confirmed. | Validate discount/refund authorization, business purpose and policy compliance.",136
270,286,4.Bakery,160 Three Cheese Croissant,56.5,53.0,3.5,60.72,-7.72,-14.566037735849054,validated_consistent_positive_sales_positive_cogs,presentation_not_explicit,no_catalog_finding,high,80.64516129032258,2,2,NEGATIVE_MARGIN | REVENUE_REDUCTION,"Validate discount/refund authorization, business purpose and policy compliance. | Validate selling price, unit cost, discount policy and transaction detail.",137
723,739,1.25 Sweets & Candies,De la Rosa Mazapan 11.8 oz BOX,259.74,254.75,4.990000000000009,,,,positive_sales_without_complete_profitability,pack_or_case_count_unresolved,actionable_review_candidate,high,80.52036199095022,3,3,CATALOG_ACTIONABLE | MISSING_PROFITABILITY | REVENUE_REDUCTION,"Load and validate COGS and Gross Profit; do not estimate loss until source cost is confirmed. | Validate SKU/UPC, presentation, duplicate status and pack-size configuration before any merge. | Validate discount/refund authorization, business purpose and policy compliance.",138
1659,1675,1.09 Cookies & Crackers,Gamesa Emperador Chocolate 14.3oz,251.79,251.79,0.0,,,,positive_sales_without_complete_profitability,weight_based,no_catalog_finding,high,80.3393665158371,1,1,MISSING_PROFITABILITY,Load and validate COGS and Gross Profit; do not estimate loss until source cost is confirmed.,139
1970,1986,Uncategorized,Jarritos Grapefruit  12.5oz x Unit,565.26,553.89,11.370000000000005,0.0,553.89,,positive_sales_with_zero_cogs,explicit_single_unit,no_catalog_finding,high,80.28735632183908,2,2,REVENUE_REDUCTION | ZERO_COGS,"Confirm recipes, purchase cost or item cost mapping; zero COGS is not accepted as validated margin. | Validate discount/refund authorization, business purpose and policy compliance.",140
1191,1207,1.23 Sauces,Sibarita Amarillin 250g / 8.82oz,242.68,242.68,0.0,,,,positive_sales_without_complete_profitability,weight_based,informational_family_variant,high,80.15837104072398,1,1,MISSING_PROFITABILITY,Load and validate COGS and Gross Profit; do not estimate loss until source cost is confirmed.,141
1997,2013,Uncategorized,Manual Transaction,0.0,-7.99,7.99,,,,non_positive_net_sales,presentation_not_explicit,adjustment_record,high,80.0,2,2,MANUAL_NEGATIVE_ADJUSTMENT | REVENUE_REDUCTION,"Trace the manual transaction to user, date, reason, approval and original sale. | Validate discount/refund authorization, business purpose and policy compliance.",142
994,1010,1.05 Chips & Snacks,Besitos  Calenos / Cassava Snack 30g T x6 PACK,239.84,239.84,0.0,,,,positive_sales_without_complete_profitability,explicit_multipack,actionable_review_candidate,high,79.97737556561086,2,2,CATALOG_ACTIONABLE | MISSING_PROFITABILITY,"Load and validate COGS and Gross Profit; do not estimate loss until source cost is confirmed. | Validate SKU/UPC, presentation, duplicate status and pack-size configuration before any merge.",143
465,481,1.03 Beverages,Jarritos Mango12.5 oz x Unit,514.77,513.79,0.9800000000000182,0.0,513.79,,positive_sales_with_zero_cogs,explicit_single_unit,no_catalog_finding,high,79.82758620689656,2,2,REVENUE_REDUCTION | ZERO_COGS,"Confirm recipes, purchase cost or item cost mapping; zero COGS is not accepted as validated margin. | Validate discount/refund authorization, business purpose and policy compliance.",144
730,746,1.25 Sweets & Candies,Arcor Turron de Mani 25 g unit,234.82,234.82,0.0,,,,positive_sales_without_complete_profitability,explicit_single_unit,no_catalog_finding,high,79.79638009049773,1,1,MISSING_PROFITABILITY,Load and validate COGS and Gross Profit; do not estimate loss until source cost is confirmed.,145
1725,1741,1.14 Herbal Teas,CBSE Yerba Mate Naranja 500GR,233.74,233.74,0.0,,,,positive_sales_without_complete_profitability,weight_based,no_catalog_finding,high,79.61538461538461,1,1,MISSING_PROFITABILITY,Load and validate COGS and Gross Profit; do not estimate loss until source cost is confirmed.,146
1462,1478,1.04 Can Products,La Costena Peach Halves 820g,231.71,231.71,0.0,,,,positive_sales_without_complete_profitability,weight_based,no_catalog_finding,high,79.43438914027149,1,1,MISSING_PROFITABILITY,Load and validate COGS and Gross Profit; do not estimate loss until source cost is confirmed.,147
1505,1521,3.Coffee160,160 Chocolate 16oz,529.82,513.16,16.660000000000082,0.0,513.16,,positive_sales_with_zero_cogs,weight_based,no_catalog_finding,high,79.36781609195403,2,2,REVENUE_REDUCTION | ZERO_COGS,"Confirm recipes, purchase cost or item cost mapping; zero COGS is not accepted as validated margin. | Validate discount/refund authorization, business purpose and policy compliance.",148
1304,1320,"1.06 Coffee, Cocoa, Panela, Butter",Caboclo Cafe 500 gr,140.94,91.64,49.3,99.06,-7.42,-8.096900916630293,validated_consistent_positive_sales_positive_cogs,weight_based,no_catalog_finding,high,79.35483870967742,2,2,NEGATIVE_MARGIN | REVENUE_REDUCTION,"Validate discount/refund authorization, business purpose and policy compliance. | Validate selling price, unit cost, discount policy and transaction detail.",149
96,112,2. Restaurant,Fresh Bocado Empanada Coctelera Papa y Queso 15pack,237.86,231.06,6.800000000000011,,,,positive_sales_without_complete_profitability,explicit_multipack,no_catalog_finding,high,79.25339366515837,2,2,MISSING_PROFITABILITY | REVENUE_REDUCTION,"Load and validate COGS and Gross Profit; do not estimate loss until source cost is confirmed. | Validate discount/refund authorization, business purpose and policy compliance.",150
732,748,1.25 Sweets & Candies,Ricolino Bubulubu X24,227.94,227.94,0.0,,,,positive_sales_without_complete_profitability,explicit_multipack,informational_family_variant,high,79.07239819004525,1,1,MISSING_PROFITABILITY,Load and validate COGS and Gross Profit; do not estimate loss until source cost is confirmed.,151
688,704,1.25 Sweets & Candies,Kinder Delice Cacao 1.48oz x Unit,428.28,428.28,0.0,0.0,428.28,,positive_sales_with_zero_cogs,explicit_single_unit,no_catalog_finding,high,78.9080459770115,1,1,ZERO_COGS,"Confirm recipes, purchase cost or item cost mapping; zero COGS is not accepted as validated margin.",152
1375,1391,1.07 Condiments & Spices,Chile Piquin 25 Gr,224.5,224.5,0.0,,,,positive_sales_without_complete_profitability,weight_based,no_catalog_finding,high,78.89140271493213,1,1,MISSING_PROFITABILITY,Load and validate COGS and Gross Profit; do not estimate loss until source cost is confirmed.,153
1786,1802,1.28 Grains,Verde Valle Arroz 4 lb,224.12,224.12,0.0,,,,positive_sales_without_complete_profitability,weight_based,no_catalog_finding,high,78.710407239819,1,1,MISSING_PROFITABILITY,Load and validate COGS and Gross Profit; do not estimate loss until source cost is confirmed.,154
1508,1524,3.Coffee160,160 Honey Beans 300g,403.73,400.73,3.0,0.0,400.73,,positive_sales_with_zero_cogs,weight_based,no_catalog_finding,high,78.44827586206897,2,2,REVENUE_REDUCTION | ZERO_COGS,"Confirm recipes, purchase cost or item cost mapping; zero COGS is not accepted as validated margin. | Validate discount/refund authorization, business purpose and policy compliance.",155
97,113,2. Restaurant,Tres Leches - Sponge Cake Kiosk,223.72,223.72,0.0,,,,positive_sales_without_complete_profitability,presentation_not_explicit,no_catalog_finding,high,78.43891402714932,1,1,MISSING_PROFITABILITY,Load and validate COGS and Gross Profit; do not estimate loss until source cost is confirmed.,156
1660,1676,1.09 Cookies & Crackers,Nestle Susy 4 Pack 200g / 7.04 oz X4,223.72,223.72,0.0,,,,positive_sales_without_complete_profitability,explicit_multipack,actionable_review_candidate,high,78.43891402714932,2,2,CATALOG_ACTIONABLE | MISSING_PROFITABILITY,"Load and validate COGS and Gross Profit; do not estimate loss until source cost is confirmed. | Validate SKU/UPC, presentation, duplicate status and pack-size configuration before any merge.",157
734,750,1.25 Sweets & Candies,De la Rosa Pulparindo Sandia 10 oz/ 280g BOX,223.68,223.68,0.0,,,,positive_sales_without_complete_profitability,pack_or_case_count_unresolved,actionable_review_candidate,high,78.16742081447964,2,2,CATALOG_ACTIONABLE | MISSING_PROFITABILITY,"Load and validate COGS and Gross Profit; do not estimate loss until source cost is confirmed. | Validate SKU/UPC, presentation, duplicate status and pack-size configuration before any merge.",158
786,802,1.25 Sweets & Candies,Su Sabor Guava and Manjar Twist / Mermelada de Guava y Manjar  270g,175.78,101.78,74.0,108.02,-6.24,-6.130870505010807,validated_consistent_positive_sales_positive_cogs,weight_based,no_catalog_finding,high,78.06451612903226,2,2,NEGATIVE_MARGIN | REVENUE_REDUCTION,"Validate discount/refund authorization, business purpose and policy compliance. | Validate selling price, unit cost, discount policy and transaction detail.",159
1509,1525,3.Coffee160,160 Cafe Regular 12oz,391.69,386.59,5.100000000000023,0.0,386.59,,positive_sales_with_zero_cogs,weight_based,informational_family_variant,high,77.98850574712644,2,2,REVENUE_REDUCTION | ZERO_COGS,"Confirm recipes, purchase cost or item cost mapping; zero COGS is not accepted as validated margin. | Validate discount/refund authorization, business purpose and policy compliance.",160
737,753,1.25 Sweets & Candies,De La Rosa Mazapan Gigante 1000 g X20,219.9,219.9,0.0,,,,positive_sales_without_complete_profitability,explicit_multipack,informational_family_variant,high,77.98642533936652,1,1,MISSING_PROFITABILITY,Load and validate COGS and Gross Profit; do not estimate loss until source cost is confirmed.,161
2013,2029,1.16 Miscelanea,Veladora Virgen de Guadalupe,207.48,207.48,0.0,,,,positive_sales_without_complete_profitability,presentation_not_explicit,no_catalog_finding,high,77.8054298642534,1,1,MISSING_PROFITABILITY,Load and validate COGS and Gross Profit; do not estimate loss until source cost is confirmed.,162
163,179,4.Bakery,160 Rosca de Reyes Grande,5440.0,4069.94,1370.06,1428.0,2751.92,,positive_sales_with_configuration_anomaly,presentation_not_explicit,no_catalog_finding,high,77.77777777777777,2,2,PROFIT_CONFIGURATION_ANOMALY | REVENUE_REDUCTION,"Reconcile item COGS, reported Gross Profit and POS configuration against source transactions. | Validate discount/refund authorization, business purpose and policy compliance.",163
514,530,1.03 Beverages,Topo Chico Tangerine Ginger - Can - 12 Oz 8 PACK,204.75,204.75,0.0,,,,positive_sales_without_complete_profitability,explicit_multipack,actionable_review_candidate,high,77.62443438914028,2,2,CATALOG_ACTIONABLE | MISSING_PROFITABILITY,"Load and validate COGS and Gross Profit; do not estimate loss until source cost is confirmed. | Validate SKU/UPC, presentation, duplicate status and pack-size configuration before any merge.",164
1975,1991,Uncategorized,Postobon Hit Mora Bottle 8oz x Unit,374.12,372.92,1.1999999999999886,0.0,372.92,,positive_sales_with_zero_cogs,explicit_single_unit,no_catalog_finding,high,77.52873563218391,2,2,REVENUE_REDUCTION | ZERO_COGS,"Confirm recipes, purchase cost or item cost mapping; zero COGS is not accepted as validated margin. | Validate discount/refund authorization, business purpose and policy compliance.",165
1996,2012,Uncategorized,Manual Transaction,0.0,-6.99,6.99,,,,non_positive_net_sales,presentation_not_explicit,adjustment_record,high,77.5,2,2,MANUAL_NEGATIVE_ADJUSTMENT | REVENUE_REDUCTION,"Trace the manual transaction to user, date, reason, approval and original sale. | Validate discount/refund authorization, business purpose and policy compliance.",166
515,531,1.03 Beverages,Fanta Naranja 500ml / 16.91oz x Unit,204.36,204.36,0.0,,,,positive_sales_without_complete_profitability,explicit_single_unit,informational_family_variant,high,77.44343891402715,1,1,MISSING_PROFITABILITY,Load and validate COGS and Gross Profit; do not estimate loss until source cost is confirmed.,167
1728,1744,1.14 Herbal Teas,CBSE Yerba Mate Cuyanas 500g,197.78,197.78,0.0,,,,positive_sales_without_complete_profitability,weight_based,no_catalog_finding,high,77.26244343891403,1,1,MISSING_PROFITABILITY,Load and validate COGS and Gross Profit; do not estimate loss until source cost is confirmed.,168
242,258,4.Bakery,160 Empanada criolla pollo y queso,198.0,196.2,1.8000000000000114,,,,positive_sales_without_complete_profitability,presentation_not_explicit,no_catalog_finding,high,77.08144796380091,2,2,MISSING_PROFITABILITY | REVENUE_REDUCTION,"Load and validate COGS and Gross Profit; do not estimate loss until source cost is confirmed. | Validate discount/refund authorization, business purpose and policy compliance.",169
1511,1527,3.Coffee160,Passion Fruit-Mango Lemonade,345.87,335.16,10.70999999999998,0.0,335.16,,positive_sales_with_zero_cogs,presentation_not_explicit,no_catalog_finding,high,77.06896551724138,2,2,REVENUE_REDUCTION | ZERO_COGS,"Confirm recipes, purchase cost or item cost mapping; zero COGS is not accepted as validated margin. | Validate discount/refund authorization, business purpose and policy compliance.",170
519,535,1.03 Beverages,Topo Chico Lime Mineral Water - 12oz X24,195.98,195.98,0.0,,,,positive_sales_without_complete_profitability,explicit_multipack,informational_family_variant,high,76.90045248868779,1,1,MISSING_PROFITABILITY,Load and validate COGS and Gross Profit; do not estimate loss until source cost is confirmed.,171
819,835,1.25 Sweets & Candies,Reserva Minas Doce Leite / Caramel 650g,89.94,57.47,32.47,63.6,-6.13,-10.666434661562556,validated_consistent_positive_sales_positive_cogs,weight_based,no_catalog_finding,high,76.7741935483871,2,2,NEGATIVE_MARGIN | REVENUE_REDUCTION,"Validate discount/refund authorization, business purpose and policy compliance. | Validate selling price, unit cost, discount policy and transaction detail.",172
743,759,1.25 Sweets & Candies,Ricolino Mini Paleta Payaso 15 Pzas 375g / 13.23oz X Unit,197.5,195.0,2.5,,,,positive_sales_without_complete_profitability,explicit_single_unit,no_catalog_finding,high,76.71945701357465,2,2,MISSING_PROFITABILITY | REVENUE_REDUCTION,"Load and validate COGS and Gross Profit; do not estimate loss until source cost is confirmed. | Validate discount/refund authorization, business purpose and policy compliance.",173
1512,1528,3.Coffee160,Coconut Lemonade,334.89,332.14,2.75,0.0,332.14,,positive_sales_with_zero_cogs,presentation_not_explicit,no_catalog_finding,high,76.60919540229885,2,2,REVENUE_REDUCTION | ZERO_COGS,"Confirm recipes, purchase cost or item cost mapping; zero COGS is not accepted as validated margin. | Validate discount/refund authorization, business purpose and policy compliance.",174
1664,1680,1.09 Cookies & Crackers,Gamesa Barras de Coco 14 oz,191.81,191.81,0.0,,,,positive_sales_without_complete_profitability,weight_based,no_catalog_finding,high,76.53846153846153,1,1,MISSING_PROFITABILITY,Load and validate COGS and Gross Profit; do not estimate loss until source cost is confirmed.,175
745,761,1.25 Sweets & Candies,Marinela Sponch - 1.59 oz X24,202.93,188.43,14.5,,,,positive_sales_without_complete_profitability,explicit_multipack,informational_family_variant,high,76.35746606334841,2,2,MISSING_PROFITABILITY | REVENUE_REDUCTION,"Load and validate COGS and Gross Profit; do not estimate loss until source cost is confirmed. | Validate discount/refund authorization, business purpose and policy compliance.",176
746,762,1.25 Sweets & Candies,Marinela Barritas Pineapple Strawberry - 1.94 oz BOX,376.87,188.37,188.5,,,,positive_sales_without_complete_profitability,pack_or_case_count_unresolved,actionable_review_candidate,high,76.17647058823529,3,3,CATALOG_ACTIONABLE | MISSING_PROFITABILITY | REVENUE_REDUCTION,"Load and validate COGS and Gross Profit; do not estimate loss until source cost is confirmed. | Validate SKU/UPC, presentation, duplicate status and pack-size configuration before any merge. | Validate discount/refund authorization, business purpose and policy compliance.",177
235,251,4.Bakery,160 Flan Entero,325.0,325.0,0.0,0.0,325.0,,positive_sales_with_zero_cogs,presentation_not_explicit,no_catalog_finding,high,76.14942528735632,1,1,ZERO_COGS,"Confirm recipes, purchase cost or item cost mapping; zero COGS is not accepted as validated margin.",178
1665,1681,1.09 Cookies & Crackers,Gamesa Emperador Pecan 14.3oz,185.25,184.27,0.9799999999999898,,,,positive_sales_without_complete_profitability,weight_based,no_catalog_finding,high,75.99547511312217,2,2,MISSING_PROFITABILITY | REVENUE_REDUCTION,"Load and validate COGS and Gross Profit; do not estimate loss until source cost is confirmed. | Validate discount/refund authorization, business purpose and policy compliance.",179
1203,1219,1.23 Sauces,Incas food aji panca paste especial sin picante 1.7kg,183.96,183.96,0.0,,,,positive_sales_without_complete_profitability,weight_based,no_catalog_finding,high,75.81447963800905,1,1,MISSING_PROFITABILITY,Load and validate COGS and Gross Profit; do not estimate loss until source cost is confirmed.,180
495,511,1.03 Beverages,Sangria Senorial 11.16oz x Unit,320.85,318.06,2.7900000000000205,0.0,318.06,,positive_sales_with_zero_cogs,explicit_single_unit,no_catalog_finding,high,75.6896551724138,2,2,REVENUE_REDUCTION | ZERO_COGS,"Confirm recipes, purchase cost or item cost mapping; zero COGS is not accepted as validated margin. | Validate discount/refund authorization, business purpose and policy compliance.",181
1522,1538,3.Coffee160,Mandarin Frappe,179.7,179.7,0.0,,,,positive_sales_without_complete_profitability,presentation_not_explicit,no_catalog_finding,high,75.63348416289593,1,1,MISSING_PROFITABILITY,Load and validate COGS and Gross Profit; do not estimate loss until source cost is confirmed.,182
1088,1104,1.26 Tortillas,"Don Pancho Tortilla Lonchera 4"" 35.29oz",314.55,206.05,108.5,211.95,-5.9,-2.8633826741082262,validated_consistent_positive_sales_positive_cogs,weight_based,no_catalog_finding,high,75.48387096774194,2,2,NEGATIVE_MARGIN | REVENUE_REDUCTION,"Validate discount/refund authorization, business purpose and policy compliance. | Validate selling price, unit cost, discount policy and transaction detail.",183
528,544,1.03 Beverages,Guarana Antartica Cero 350mL Unit,178.62,178.62,0.0,,,,positive_sales_without_complete_profitability,explicit_single_unit,informational_family_variant,high,75.4524886877828,1,1,MISSING_PROFITABILITY,Load and validate COGS and Gross Profit; do not estimate loss until source cost is confirmed.,184
1925,1941,1.11 Fresh Products,Tamarindo KG,178.18,178.18,0.0,,,,positive_sales_without_complete_profitability,presentation_not_explicit,no_catalog_finding,high,75.27149321266968,1,1,MISSING_PROFITABILITY,Load and validate COGS and Gross Profit; do not estimate loss until source cost is confirmed.,185
496,512,1.03 Beverages,Frescolita Lata 330 ml x Unit,317.42,317.42,0.0,0.0,317.42,,positive_sales_with_zero_cogs,explicit_single_unit,no_catalog_finding,high,75.22988505747126,1,1,ZERO_COGS,"Confirm recipes, purchase cost or item cost mapping; zero COGS is not accepted as validated margin.",186
529,545,1.03 Beverages,Jarritos Watermelon 12.5oz x Unit,177.99,177.74,0.25,,,,positive_sales_without_complete_profitability,explicit_single_unit,no_catalog_finding,high,75.09049773755656,2,2,MISSING_PROFITABILITY | REVENUE_REDUCTION,"Load and validate COGS and Gross Profit; do not estimate loss until source cost is confirmed. | Validate discount/refund authorization, business purpose and policy compliance.",187
149,165,4.Bakery,160 Rosca de Reyes Mediana,11760.0,9945.0,1815.0,3315.0,6630.0,66.66666666666666,validated_consistent_positive_sales_positive_cogs,presentation_not_explicit,no_catalog_finding,high,75.0,1,1,REVENUE_REDUCTION,"Validate discount/refund authorization, business purpose and policy compliance.",188
408,424,1.03 Beverages,Postobon Apple Flavoured Manzana Soda 1.5 L,4356.27,2808.6,1547.6700000000005,2673.97,134.63,4.793491419212419,validated_consistent_positive_sales_positive_cogs,volume_based,no_catalog_finding,high,75.0,2,2,LOW_MARGIN | REVENUE_REDUCTION,"Review price-cost relationship and whether discounts compressed the observed margin. | Validate discount/refund authorization, business purpose and policy compliance.",189
1995,2011,Uncategorized,Manual Transaction,0.0,-6.79,6.79,,,,non_positive_net_sales,presentation_not_explicit,adjustment_record,high,75.0,2,2,MANUAL_NEGATIVE_ADJUSTMENT | REVENUE_REDUCTION,"Trace the manual transaction to user, date, reason, approval and original sale. | Validate discount/refund authorization, business purpose and policy compliance.",190
754,770,1.25 Sweets & Candies,Las Nelas Choco Wow Cake 6 / 800 Gr Unit,253.98,156.09,97.88999999999999,,,,positive_sales_without_complete_profitability,explicit_multipack,label_standardization,high,74.90950226244344,3,3,LABEL_STANDARDIZATION | MISSING_PROFITABILITY | REVENUE_REDUCTION,"Load and validate COGS and Gross Profit; do not estimate loss until source cost is confirmed. | Standardize UNIT/PACK wording without changing the commercial presentation. | Validate discount/refund authorization, business purpose and policy compliance.",191
1101,1117,1.10 Dairy,Rumba Cheese Panela Kg,8533.99,7713.32,820.6700000000001,5442.6,2270.72,29.43894457898804,validated_consistent_positive_sales_positive_cogs,presentation_not_explicit,no_catalog_finding,high,74.85882352941177,1,1,REVENUE_REDUCTION,"Validate discount/refund authorization, business purpose and policy compliance.",192
1106,1122,1.10 Dairy,Rumba Cotija Rallado 300g,3987.15,3189.15,798.0,2026.35,1162.8,36.461126005361926,validated_consistent_positive_sales_positive_cogs,weight_based,no_catalog_finding,high,74.81176470588235,1,1,REVENUE_REDUCTION,"Validate discount/refund authorization, business purpose and policy compliance.",193
498,514,1.03 Beverages,Guarana Antartica 350ml x unit,304.41,304.41,0.0,0.0,304.41,,positive_sales_with_zero_cogs,explicit_single_unit,no_catalog_finding,high,74.77011494252874,1,1,ZERO_COGS,"Confirm recipes, purchase cost or item cost mapping; zero COGS is not accepted as validated margin.",194
1105,1121,1.10 Dairy,Rumba Oaxaca Rallado 300g,4294.93,3534.23,760.7000000000003,2182.77,1351.46,38.23916383483814,validated_consistent_positive_sales_positive_cogs,weight_based,no_catalog_finding,high,74.76470588235293,1,1,REVENUE_REDUCTION,"Validate discount/refund authorization, business purpose and policy compliance.",195
757,773,1.25 Sweets & Candies,Lucas Gusano Chamoy 36g X  unit,153.23,152.43,0.799999999999983,,,,positive_sales_without_complete_profitability,explicit_single_unit,no_catalog_finding,high,74.72850678733032,2,2,MISSING_PROFITABILITY | REVENUE_REDUCTION,"Load and validate COGS and Gross Profit; do not estimate loss until source cost is confirmed. | Validate discount/refund authorization, business purpose and policy compliance.",196
1100,1116,1.10 Dairy,Rumba Cheese Fresco Kg,8691.08,7960.31,730.7699999999995,5475.72,2484.59,31.21222665951452,validated_consistent_positive_sales_positive_cogs,presentation_not_explicit,no_catalog_finding,high,74.71764705882353,1,1,REVENUE_REDUCTION,"Validate discount/refund authorization, business purpose and policy compliance.",197
3,19,2. Restaurant,Burrito,49313.16,48620.65,692.510000000002,19429.2,29191.45,60.03920145041253,validated_consistent_positive_sales_positive_cogs,presentation_not_explicit,no_catalog_finding,high,74.67058823529412,1,1,REVENUE_REDUCTION,"Validate discount/refund authorization, business purpose and policy compliance.",198
1113,1129,1.10 Dairy,Rumba Cheese Quesito Quesillo 350g,2464.67,1785.12,679.5500000000002,1590.27,194.85,10.915232589405754,validated_consistent_positive_sales_positive_cogs,weight_based,no_catalog_finding,high,74.62352941176471,2,2,LOW_MARGIN | REVENUE_REDUCTION,"Review price-cost relationship and whether discounts compressed the observed margin. | Validate discount/refund authorization, business purpose and policy compliance.",199
9,25,2. Restaurant,Churrasco - Argentine Steak,30868.0,30212.94,655.0600000000013,12762.96,17449.98,57.75664334553341,validated_consistent_positive_sales_positive_cogs,presentation_not_explicit,no_catalog_finding,high,74.5764705882353,1,1,REVENUE_REDUCTION,"Validate discount/refund authorization, business purpose and policy compliance.",200
1017,1033,1.05 Chips & Snacks,Chicharron De Cuadro 250g 250g,149.5,149.5,0.0,,,,positive_sales_without_complete_profitability,weight_based,no_catalog_finding,high,74.5475113122172,1,1,MISSING_PROFITABILITY,Load and validate COGS and Gross Profit; do not estimate loss until source cost is confirmed.,201
927,943,1.05 Chips & Snacks,Sabritas Fritos Chorizo Chipotle 170g (21),2027.1,1376.1,651.0,1191.9,184.2,13.385655112273817,validated_consistent_positive_sales_positive_cogs,weight_based,no_catalog_finding,high,74.52941176470588,2,2,LOW_MARGIN | REVENUE_REDUCTION,"Review price-cost relationship and whether discounts compressed the observed margin. | Validate discount/refund authorization, business purpose and policy compliance.",202
1104,1120,1.10 Dairy,Rumba D' Hoja Fresco Cheese 16,4377.63,3765.34,612.29,2827.43,937.91,24.909038758784067,validated_consistent_positive_sales_positive_cogs,presentation_not_explicit,no_catalog_finding,high,74.43529411764706,1,1,REVENUE_REDUCTION,"Validate discount/refund authorization, business purpose and policy compliance.",203
2,18,2. Restaurant,Mexican Bowl,65228.61,64634.79,593.8199999999997,27021.68,37613.11,58.19328878456943,validated_consistent_positive_sales_positive_cogs,presentation_not_explicit,no_catalog_finding,high,74.38823529411765,1,1,REVENUE_REDUCTION,"Validate discount/refund authorization, business purpose and policy compliance.",204
49,65,2. Restaurant,Platano Maduro - Fried Plantain,2733.15,2637.91,95.24000000000024,2113.56,524.35,19.87747876159536,validated_consistent_positive_sales_positive_cogs,presentation_not_explicit,no_catalog_finding,high,74.38461538461539,2,2,LOW_MARGIN | REVENUE_REDUCTION,"Review price-cost relationship and whether discounts compressed the observed margin. | Validate discount/refund authorization, business purpose and policy compliance.",205
1981,1997,Uncategorized,Ricolino Paleta Payaso 450g/15.8oz x Unit,145.27,145.27,0.0,,,,positive_sales_without_complete_profitability,explicit_single_unit,no_catalog_finding,high,74.36651583710407,1,1,MISSING_PROFITABILITY,Load and validate COGS and Gross Profit; do not estimate loss until source cost is confirmed.,206
301,317,1.12 Frozen Products,La Saltena Tapa Hojaldre 550gr 6561,4125.25,3543.55,581.6999999999998,2548.07,995.48,28.092731864937704,validated_consistent_positive_sales_positive_cogs,weight_based,no_catalog_finding,high,74.34117647058824,1,1,REVENUE_REDUCTION,"Validate discount/refund authorization, business purpose and policy compliance.",207
500,516,1.03 Beverages,Jarritos Fruit Punch 12.5oz x Unit,302.91,297.91,5.0,0.0,297.91,,positive_sales_with_zero_cogs,explicit_single_unit,no_catalog_finding,high,74.3103448275862,2,2,REVENUE_REDUCTION | ZERO_COGS,"Confirm recipes, purchase cost or item cost mapping; zero COGS is not accepted as validated margin. | Validate discount/refund authorization, business purpose and policy compliance.",208
409,425,1.03 Beverages,Pony Malta 330 mL,2523.56,2508.58,14.980000000000018,1536.08,972.5,38.76695182134913,validated_consistent_positive_sales_positive_cogs,volume_based,actionable_review_candidate,high,74.25925925925927,2,2,CATALOG_ACTIONABLE | REVENUE_REDUCTION,"Validate SKU/UPC, presentation, duplicate status and pack-size configuration before any merge. | Validate discount/refund authorization, business purpose and policy compliance.",209
303,319,1.12 Frozen Products,"La Saltena Tapas Empanada Criolla 6"" 550 Gr",3507.09,2987.84,519.25,2099.67,888.17,29.726156688443822,validated_consistent_positive_sales_positive_cogs,weight_based,no_catalog_finding,high,74.24705882352941,1,1,REVENUE_REDUCTION,"Validate discount/refund authorization, business purpose and policy compliance.",210
7,23,2. Restaurant,Natural Juice,38390.0,37873.06,516.9400000000023,8858.25,29014.81,76.6106831610649,validated_consistent_positive_sales_positive_cogs,presentation_not_explicit,no_catalog_finding,high,74.2,1,1,REVENUE_REDUCTION,"Validate discount/refund authorization, business purpose and policy compliance.",211
1243,1259,1.23 Sauces,La Costena Mexican Hot Sauce 5oz,68.77,35.98,32.79,41.86,-5.88,-16.342412451361866,validated_consistent_positive_sales_positive_cogs,weight_based,no_catalog_finding,high,74.19354838709677,2,2,NEGATIVE_MARGIN | REVENUE_REDUCTION,"Validate discount/refund authorization, business purpose and policy compliance. | Validate selling price, unit cost, discount policy and transaction detail.",212
541,557,1.03 Beverages,Postobon Kola Champagne Colombiana CAN - 10.5 oz X6,142.89,142.89,0.0,,,,positive_sales_without_complete_profitability,explicit_multipack,informational_family_variant,high,74.18552036199095,1,1,MISSING_PROFITABILITY,Load and validate COGS and Gross Profit; do not estimate loss until source cost is confirmed.,213
8,24,2. Restaurant,Bandeja Paisa,36846.27,36385.0,461.2699999999968,11058.63,25326.37,69.60662360862993,validated_consistent_positive_sales_positive_cogs,presentation_not_explicit,no_catalog_finding,high,74.15294117647059,1,1,REVENUE_REDUCTION,"Validate discount/refund authorization, business purpose and policy compliance.",214
315,331,1.12 Frozen Products,La Saltena Rotiseras Criolla 5.5 12 Pack 767 Gr,2350.48,1931.1,419.3800000000001,1513.13,417.97,21.64414064522811,validated_consistent_positive_sales_positive_cogs,explicit_multipack,no_catalog_finding,high,74.10588235294118,2,2,LOW_MARGIN | REVENUE_REDUCTION,"Review price-cost relationship and whether discounts compressed the observed margin. | Validate discount/refund authorization, business purpose and policy compliance.",215
5,21,2. Restaurant,Colombian Bowl,40700.46,40291.77,408.6900000000023,10190.46,30101.31,74.7083337366415,validated_consistent_positive_sales_positive_cogs,presentation_not_explicit,no_catalog_finding,high,74.05882352941177,1,1,REVENUE_REDUCTION,"Validate discount/refund authorization, business purpose and policy compliance.",216
946,962,1.05 Chips & Snacks,Sabritas Crujitos Queso y Chile  - 120 Gr,1096.86,703.56,393.29999999999995,674.9,28.66,4.073568707715049,validated_consistent_positive_sales_positive_cogs,weight_based,no_catalog_finding,high,74.01176470588236,2,2,LOW_MARGIN | REVENUE_REDUCTION,"Review price-cost relationship and whether discounts compressed the observed margin. | Validate discount/refund authorization, business purpose and policy compliance.",217
109,125,2. Restaurant,Maltin Polar - Malta Beverage Kiosk,141.36,140.96,0.4000000000000057,,,,positive_sales_without_complete_profitability,presentation_not_explicit,no_catalog_finding,high,74.00452488687782,2,2,MISSING_PROFITABILITY | REVENUE_REDUCTION,"Load and validate COGS and Gross Profit; do not estimate loss until source cost is confirmed. | Validate discount/refund authorization, business purpose and policy compliance.",218
4,20,2. Restaurant,Birria Quesadillas (Quesabirrias),48841.01,48453.7,387.31000000000495,22535.76,25917.94,53.49011530595187,validated_consistent_positive_sales_positive_cogs,presentation_not_explicit,no_catalog_finding,high,73.96470588235294,1,1,REVENUE_REDUCTION,"Validate discount/refund authorization, business purpose and policy compliance.",219
922,938,1.05 Chips & Snacks,La Visita Chicharrones Tronador 6 oz,2746.11,2398.87,347.24000000000024,1773.38,625.49,26.07436001117193,validated_consistent_positive_sales_positive_cogs,weight_based,no_catalog_finding,high,73.91764705882353,1,1,REVENUE_REDUCTION,"Validate discount/refund authorization, business purpose and policy compliance.",220
1633,1649,1.09 Cookies & Crackers,Nestle Cocosette  8pack UNIT,2466.2,2453.91,12.289999999999964,1511.4,942.51,38.408499089208654,validated_consistent_positive_sales_positive_cogs,explicit_multipack,actionable_review_candidate,high,73.88888888888889,2,2,CATALOG_ACTIONABLE | REVENUE_REDUCTION,"Validate SKU/UPC, presentation, duplicate status and pack-size configuration before any merge. | Validate discount/refund authorization, business purpose and policy compliance.",221
934,950,1.05 Chips & Snacks,Sabritas Doritos Dinamita Chile Limon 200g 30,1437.57,1118.82,318.75,921.8,197.02,17.609624425734257,validated_consistent_positive_sales_positive_cogs,weight_based,no_catalog_finding,high,73.87058823529412,2,2,LOW_MARGIN | REVENUE_REDUCTION,"Review price-cost relationship and whether discounts compressed the observed margin. | Validate discount/refund authorization, business purpose and policy compliance.",222
1514,1530,3.Coffee160,160 Espresso,287.04,282.54,4.5,0.0,282.54,,positive_sales_with_zero_cogs,presentation_not_explicit,no_catalog_finding,high,73.85057471264368,2,2,REVENUE_REDUCTION | ZERO_COGS,"Confirm recipes, purchase cost or item cost mapping; zero COGS is not accepted as validated margin. | Validate discount/refund authorization, business purpose and policy compliance.",223
151,167,4.Bakery,160 Mexican Conchas 4 Pack,9024.99,8710.02,314.96999999999935,2969.08,5740.94,65.911903761415,validated_consistent_positive_sales_positive_cogs,explicit_multipack,no_catalog_finding,high,73.8235294117647,1,1,REVENUE_REDUCTION,"Validate discount/refund authorization, business purpose and policy compliance.",224
248,264,4.Bakery,160 Alfajor Unit X4 PACK,139.86,139.86,0.0,,,,positive_sales_without_complete_profitability,explicit_multipack,label_standardization,high,73.8235294117647,2,2,LABEL_STANDARDIZATION | MISSING_PROFITABILITY,Load and validate COGS and Gross Profit; do not estimate loss until source cost is confirmed. | Standardize UNIT/PACK wording without changing the commercial presentation.,225
17,33,2. Restaurant,Lomo Saltado - Peruvian Stir Fry,13230.0,12917.06,312.9400000000005,5130.0,7787.06,60.28508035110157,validated_consistent_positive_sales_positive_cogs,presentation_not_explicit,no_catalog_finding,high,73.7764705882353,1,1,REVENUE_REDUCTION,"Validate discount/refund authorization, business purpose and policy compliance.",226
15,31,2. Restaurant,Chicken Milanesa - Chuleta de Pollo,13690.25,13379.91,310.34000000000015,3300.0,10079.91,75.33615696966571,validated_consistent_positive_sales_positive_cogs,presentation_not_explicit,no_catalog_finding,high,73.72941176470589,1,1,REVENUE_REDUCTION,"Validate discount/refund authorization, business purpose and policy compliance.",227
12,28,2. Restaurant,Sancocho Soup,17147.97,16854.78,293.1900000000023,4948.44,11906.34,70.6407321839858,validated_consistent_positive_sales_positive_cogs,presentation_not_explicit,no_catalog_finding,high,73.68235294117648,1,1,REVENUE_REDUCTION,"Validate discount/refund authorization, business purpose and policy compliance.",228
1524,1540,3.Coffee160,Oatmeal Frappe,137.77,135.97,1.8000000000000114,,,,positive_sales_without_complete_profitability,presentation_not_explicit,no_catalog_finding,high,73.64253393665157,2,2,MISSING_PROFITABILITY | REVENUE_REDUCTION,"Load and validate COGS and Gross Profit; do not estimate loss until source cost is confirmed. | Validate discount/refund authorization, business purpose and policy compliance.",229
942,958,1.05 Chips & Snacks,Sabritas Churrumaiz Flama 185g T,1054.68,766.68,288.0000000000001,581.82,184.86,24.11175457818125,validated_consistent_positive_sales_positive_cogs,weight_based,no_catalog_finding,high,73.63529411764706,1,1,REVENUE_REDUCTION,"Validate discount/refund authorization, business purpose and policy compliance.",230
961,977,1.05 Chips & Snacks,Paketaxo Queso 208g c,809.19,534.19,275.0,495.72,38.47,7.201557498268405,validated_consistent_positive_sales_positive_cogs,weight_based,no_catalog_finding,high,73.54117647058823,2,2,LOW_MARGIN | REVENUE_REDUCTION,"Review price-cost relationship and whether discounts compressed the observed margin. | Validate discount/refund authorization, business purpose and policy compliance.",231
1115,1131,1.10 Dairy,Rumba Cheese Asadero Kg,1639.23,1373.41,265.81999999999994,1045.45,327.96,23.87924945937484,validated_consistent_positive_sales_positive_cogs,presentation_not_explicit,no_catalog_finding,high,73.49411764705883,1,1,REVENUE_REDUCTION,"Validate discount/refund authorization, business purpose and policy compliance.",232
1091,1107,1.26 Tortillas,Leyva's Huarache 8ct,131.88,131.88,0.0,,,,positive_sales_without_complete_profitability,presentation_not_explicit,no_catalog_finding,high,73.46153846153845,1,1,MISSING_PROFITABILITY,Load and validate COGS and Gross Profit; do not estimate loss until source cost is confirmed.,233
937,953,1.05 Chips & Snacks,Paketaxo Botanero Verde 255G S,1176.76,915.51,261.25,764.86,150.65,16.455309062708217,validated_consistent_positive_sales_positive_cogs,weight_based,no_catalog_finding,high,73.44705882352942,2,2,LOW_MARGIN | REVENUE_REDUCTION,"Review price-cost relationship and whether discounts compressed the observed margin. | Validate discount/refund authorization, business purpose and policy compliance.",234
1936,1952,1.15 Instant Powder,Nestle Milo AtivGo 100g,671.11,419.42,251.69,425.25,-5.83,-1.3900147823184397,validated_consistent_positive_sales_positive_cogs,weight_based,no_catalog_finding,high,73.4,2,2,NEGATIVE_MARGIN | REVENUE_REDUCTION,"Validate discount/refund authorization, business purpose and policy compliance. | Validate selling price, unit cost, discount policy and transaction detail.",235
504,520,1.03 Beverages,Maltin Polar 7oz Maltin Polar 7oz Unit,282.58,281.59,0.9900000000000091,0.0,281.59,,positive_sales_with_zero_cogs,explicit_single_unit,informational_family_variant,high,73.39080459770115,2,2,REVENUE_REDUCTION | ZERO_COGS,"Confirm recipes, purchase cost or item cost mapping; zero COGS is not accepted as validated margin. | Validate discount/refund authorization, business purpose and policy compliance.",236
157,173,4.Bakery,160 Guava Bread/Roscon,5249.43,4998.83,250.60000000000036,2611.26,2387.57,47.76257644288764,validated_consistent_positive_sales_positive_cogs,presentation_not_explicit,no_catalog_finding,high,73.35294117647058,1,1,REVENUE_REDUCTION,"Validate discount/refund authorization, business purpose and policy compliance.",237
984,1000,1.05 Chips & Snacks,Don Satur Bizcochitos Salados 200g,309.38,309.38,0.0,169.32,85.17,,positive_sales_with_configuration_anomaly,weight_based,no_catalog_finding,high,73.33333333333333,1,1,PROFIT_CONFIGURATION_ANOMALY,"Reconcile item COGS, reported Gross Profit and POS configuration against source transactions.",238
305,321,1.12 Frozen Products,TajaCol Frozen Fruit Pulp Tablet Passion Fruit 14 oz,3026.67,2791.67,235.0,1887.48,904.19,32.38885684912615,validated_consistent_positive_sales_positive_cogs,weight_based,no_catalog_finding,high,73.30588235294118,1,1,REVENUE_REDUCTION,"Validate discount/refund authorization, business purpose and policy compliance.",239
760,776,1.25 Sweets & Candies,Nestle Chocolate Triangulo 30g unit,131.56,131.56,0.0,,,,positive_sales_without_complete_profitability,explicit_single_unit,actionable_review_candidate,high,73.28054298642533,2,2,CATALOG_ACTIONABLE | MISSING_PROFITABILITY,"Load and validate COGS and Gross Profit; do not estimate loss until source cost is confirmed. | Validate SKU/UPC, presentation, duplicate status and pack-size configuration before any merge.",240
486,502,1.03 Beverages,Topo Chico Tropical Mango - 12 Oz Unit,609.96,380.39,229.57000000000005,377.4,2.99,0.7860353847367176,validated_consistent_positive_sales_positive_cogs,explicit_single_unit,informational_family_variant,high,73.25882352941176,2,2,LOW_MARGIN | REVENUE_REDUCTION,"Review price-cost relationship and whether discounts compressed the observed margin. | Validate discount/refund authorization, business purpose and policy compliance.",241
6,22,2. Restaurant,Tacos 3 Pack,38140.19,37912.2,227.99000000000524,17903.4,20008.8,52.77667874721066,validated_consistent_positive_sales_positive_cogs,explicit_multipack,no_catalog_finding,high,73.21176470588236,1,1,REVENUE_REDUCTION,"Validate discount/refund authorization, business purpose and policy compliance.",242
26,42,2. Restaurant,Pechuga de Pollo - Grilled Chicken,8215.85,7988.89,226.96000000000004,2423.1,5565.79,69.66912800151209,validated_consistent_positive_sales_positive_cogs,presentation_not_explicit,no_catalog_finding,high,73.16470588235293,1,1,REVENUE_REDUCTION,"Validate discount/refund authorization, business purpose and policy compliance.",243
423,439,1.03 Beverages,Topo Chico Box 12 - 355ml UNIT,1440.41,1354.92,85.49000000000001,918.23,436.69,32.22994715555162,validated_consistent_positive_sales_positive_cogs,explicit_multipack,actionable_review_candidate,high,73.14814814814815,2,2,CATALOG_ACTIONABLE | REVENUE_REDUCTION,"Validate SKU/UPC, presentation, duplicate status and pack-size configuration before any merge. | Validate discount/refund authorization, business purpose and policy compliance.",244
761,777,1.25 Sweets & Candies,Lucas Skwinkles Salsagheti 10.2 oz / 288 g X unit,132.0,130.9,1.0999999999999943,,,,positive_sales_without_complete_profitability,explicit_single_unit,no_catalog_finding,high,73.09954751131221,2,2,MISSING_PROFITABILITY | REVENUE_REDUCTION,"Load and validate COGS and Gross Profit; do not estimate loss until source cost is confirmed. | Validate discount/refund authorization, business purpose and policy compliance.",245
1110,1126,1.10 Dairy,Rumba Latino Cheese Costeño Kg,2462.0,2249.17,212.82999999999993,1562.88,686.28,30.512589088419283,validated_consistent_positive_sales_positive_cogs,presentation_not_explicit,no_catalog_finding,high,73.07058823529411,1,1,REVENUE_REDUCTION,"Validate discount/refund authorization, business purpose and policy compliance.",246
156,172,4.Bakery,160 Cheese Trenza Bread,6280.14,6072.74,207.40000000000055,4206.93,1865.81,30.724351775310648,validated_consistent_positive_sales_positive_cogs,presentation_not_explicit,no_catalog_finding,high,73.02352941176471,1,1,REVENUE_REDUCTION,"Validate discount/refund authorization, business purpose and policy compliance.",247
1282,1298,"1.06 Coffee, Cocoa, Panela, Butter",Pilao Cafe TRADICIONAL  500gr,1010.07,805.46,204.61,709.93,95.53,11.860303429096415,validated_consistent_positive_sales_positive_cogs,weight_based,no_catalog_finding,high,72.9764705882353,2,2,LOW_MARGIN | REVENUE_REDUCTION,"Review price-cost relationship and whether discounts compressed the observed margin. | Validate discount/refund authorization, business purpose and policy compliance.",248
1515,1531,3.Coffee160,160 Medium Roast Beans 300g,279.8,279.8,0.0,0.0,279.8,,positive_sales_with_zero_cogs,weight_based,no_catalog_finding,high,72.93103448275862,1,1,ZERO_COGS,"Confirm recipes, purchase cost or item cost mapping; zero COGS is not accepted as validated margin.",249
333,349,1.12 Frozen Products,La Saltena Rotiseras Hojaldre 5.5 12 Pack 767 Gr,1175.99,977.53,198.46000000000004,757.5,220.03,22.50877210929588,validated_consistent_positive_sales_positive_cogs,explicit_multipack,no_catalog_finding,high,72.92941176470589,2,2,LOW_MARGIN | REVENUE_REDUCTION,"Review price-cost relationship and whether discounts compressed the observed margin. | Validate discount/refund authorization, business purpose and policy compliance.",250
545,561,1.03 Beverages,Postobon Apple Can - 10.5 Oz X6,129.9,129.9,0.0,,,,positive_sales_without_complete_profitability,explicit_multipack,informational_family_variant,high,72.91855203619909,1,1,MISSING_PROFITABILITY,Load and validate COGS and Gross Profit; do not estimate loss until source cost is confirmed.,251
43,59,2. Restaurant,Coca Cola 355 ml lata Rest,3480.0,3282.44,197.55999999999995,904.15,2378.29,72.45494205530032,validated_consistent_positive_sales_positive_cogs,volume_based,no_catalog_finding,high,72.88235294117646,1,1,REVENUE_REDUCTION,"Validate discount/refund authorization, business purpose and policy compliance.",252
11,27,2. Restaurant,Picada,19379.76,19190.78,188.97999999999956,10554.24,8636.54,45.00359026574221,validated_consistent_positive_sales_positive_cogs,presentation_not_explicit,no_catalog_finding,high,72.78823529411764,1,1,REVENUE_REDUCTION,"Validate discount/refund authorization, business purpose and policy compliance.",253
762,778,1.25 Sweets & Candies,Canels Chiclets Canels Unit,129.25,128.98,0.27000000000001023,,,,positive_sales_without_complete_profitability,explicit_single_unit,informational_family_variant,high,72.73755656108597,2,2,MISSING_PROFITABILITY | REVENUE_REDUCTION,"Load and validate COGS and Gross Profit; do not estimate loss until source cost is confirmed. | Validate discount/refund authorization, business purpose and policy compliance.",254
57,73,2. Restaurant,"Porcion de Carne Azada, Birria o Lengua",2150.0,1961.67,188.32999999999993,1032.0,929.67,47.39176314058939,validated_consistent_positive_sales_positive_cogs,presentation_not_explicit,no_catalog_finding,high,72.69411764705882,1,1,REVENUE_REDUCTION,"Validate discount/refund authorization, business purpose and policy compliance.",255
19,35,2. Restaurant,Fish Tacos,11524.71,11340.75,183.95999999999913,2972.52,8368.23,73.78903511672507,validated_consistent_positive_sales_positive_cogs,presentation_not_explicit,no_catalog_finding,high,72.6470588235294,1,1,REVENUE_REDUCTION,"Validate discount/refund authorization, business purpose and policy compliance.",256
162,178,4.Bakery,160 Dulce de Leche Roscon,4274.65,4100.25,174.39999999999964,2235.65,1864.6,45.47527589781111,validated_consistent_positive_sales_positive_cogs,presentation_not_explicit,no_catalog_finding,high,72.6,1,1,REVENUE_REDUCTION,"Validate discount/refund authorization, business purpose and policy compliance.",257
1395,1411,1.07 Condiments & Spices,Comino Molido / Cumin Ground 50 Gr 50 Gr,128.57,128.57,0.0,,,,positive_sales_without_complete_profitability,weight_based,no_catalog_finding,high,72.55656108597285,1,1,MISSING_PROFITABILITY,Load and validate COGS and Gross Profit; do not estimate loss until source cost is confirmed.,258
171,187,4.Bakery,160 Pan de Maiz,2972.28,2799.92,172.36000000000013,1522.15,1277.77,45.63594674133547,validated_consistent_positive_sales_positive_cogs,presentation_not_explicit,no_catalog_finding,high,72.5529411764706,1,1,REVENUE_REDUCTION,"Validate discount/refund authorization, business purpose and policy compliance.",259
434,450,1.03 Beverages,Postobon Uva Soda Bottle - 14 Oz,1035.62,867.93,167.68999999999994,619.34,248.59,28.64171073704101,validated_consistent_positive_sales_positive_cogs,volume_based,informational_family_variant,high,72.50588235294117,1,1,REVENUE_REDUCTION,"Validate discount/refund authorization, business purpose and policy compliance.",260
1994,2010,Uncategorized,Manual Transaction,0.0,-4.25,4.25,,,,non_positive_net_sales,presentation_not_explicit,adjustment_record,high,72.5,2,2,MANUAL_NEGATIVE_ADJUSTMENT | REVENUE_REDUCTION,"Trace the manual transaction to user, date, reason, approval and original sale. | Validate discount/refund authorization, business purpose and policy compliance.",261
1779,1795,1.28 Grains,Bunge Yellow Corn Grits Trillado 2LB,278.69,277.79,0.8999999999999773,0.0,277.79,,positive_sales_with_zero_cogs,weight_based,informational_family_variant,high,72.47126436781609,2,2,REVENUE_REDUCTION | ZERO_COGS,"Confirm recipes, purchase cost or item cost mapping; zero COGS is not accepted as validated margin. | Validate discount/refund authorization, business purpose and policy compliance.",262
1556,1572,1.22 Refrigerated,Rey Sol Longaniza 300g,1154.23,992.23,162.0,715.33,276.9,27.90683611662618,validated_consistent_positive_sales_positive_cogs,weight_based,no_catalog_finding,high,72.45882352941177,1,1,REVENUE_REDUCTION,"Validate discount/refund authorization, business purpose and policy compliance.",263
1901,1917,1.08 Brines,Su Sabor Brevas en Almibar 790g / 28oz,571.49,421.49,150.0,375.72,45.77,10.859095114949346,validated_consistent_positive_sales_positive_cogs,weight_based,no_catalog_finding,high,72.41176470588235,2,2,LOW_MARGIN | REVENUE_REDUCTION,"Review price-cost relationship and whether discounts compressed the observed margin. | Validate discount/refund authorization, business purpose and policy compliance.",264
931,947,1.05 Chips & Snacks,"Sabritas Fritos Chile-Limon 170g ,",1335.09,1266.86,68.23000000000002,871.29,395.57,31.224444690021,validated_consistent_positive_sales_positive_cogs,weight_based,actionable_review_candidate,high,72.40740740740742,2,2,CATALOG_ACTIONABLE | REVENUE_REDUCTION,"Validate SKU/UPC, presentation, duplicate status and pack-size configuration before any merge. | Validate discount/refund authorization, business purpose and policy compliance.",265
1216,1232,1.23 Sauces,Bufalo Salsa Picante Clasica 5.5 oz,125.79,125.79,0.0,,,,positive_sales_without_complete_profitability,weight_based,no_catalog_finding,high,72.37556561085972,1,1,MISSING_PROFITABILITY,Load and validate COGS and Gross Profit; do not estimate loss until source cost is confirmed.,266
1290,1306,"1.06 Coffee, Cocoa, Panela, Butter",Colcafe Café Clásico Instantáneo 85 g,550.09,405.44,144.65000000000003,392.37,13.07,3.2236582478295186,validated_consistent_positive_sales_positive_cogs,weight_based,no_catalog_finding,high,72.36470588235294,2,2,LOW_MARGIN | REVENUE_REDUCTION,"Review price-cost relationship and whether discounts compressed the observed margin. | Validate discount/refund authorization, business purpose and policy compliance.",267
32,48,2. Restaurant,Shrimp Tacos,7004.59,6863.64,140.94999999999982,2496.9,4366.74,63.621343776771496,validated_consistent_positive_sales_positive_cogs,presentation_not_explicit,no_catalog_finding,high,72.31764705882352,1,1,REVENUE_REDUCTION,"Validate discount/refund authorization, business purpose and policy compliance.",268
1109,1125,1.10 Dairy,Rumba Cheese Cuajada  Kg,2453.25,2320.52,132.73000000000002,1551.08,769.44,33.1580852567528,validated_consistent_positive_sales_positive_cogs,presentation_not_explicit,no_catalog_finding,high,72.2235294117647,1,1,REVENUE_REDUCTION,"Validate discount/refund authorization, business purpose and policy compliance.",269
764,780,1.25 Sweets & Candies,Bimbo Mini Mantecadas - 2.20 oz Box,129.25,125.73,3.519999999999996,,,,positive_sales_without_complete_profitability,pack_or_case_count_unresolved,actionable_review_candidate,high,72.1945701357466,3,3,CATALOG_ACTIONABLE | MISSING_PROFITABILITY | REVENUE_REDUCTION,"Load and validate COGS and Gross Profit; do not estimate loss until source cost is confirmed. | Validate SKU/UPC, presentation, duplicate status and pack-size configuration before any merge. | Validate discount/refund authorization, business purpose and policy compliance.",270
35,51,2. Restaurant,Quesadilla,6169.47,6037.07,132.40000000000055,2134.44,3902.63,64.64443844447722,validated_consistent_positive_sales_positive_cogs,presentation_not_explicit,no_catalog_finding,high,72.17647058823529,1,1,REVENUE_REDUCTION,"Validate discount/refund authorization, business purpose and policy compliance.",271
989,1005,1.05 Chips & Snacks,La Molienda Papa Salada 6oz,396.97,265.22,131.75,237.44,27.78,10.474323203378328,validated_consistent_positive_sales_positive_cogs,weight_based,no_catalog_finding,high,72.12941176470588,2,2,LOW_MARGIN | REVENUE_REDUCTION,"Review price-cost relationship and whether discounts compressed the observed margin. | Validate discount/refund authorization, business purpose and policy compliance.",272
1638,1654,1.09 Cookies & Crackers,Nestle Susy 4 Pack 200g / 7.04 oz UNIT,1014.64,982.24,32.39999999999998,668.66,313.58,31.92498778302655,validated_consistent_positive_sales_positive_cogs,explicit_multipack,actionable_review_candidate,high,72.03703703703704,2,2,CATALOG_ACTIONABLE | REVENUE_REDUCTION,"Validate SKU/UPC, presentation, duplicate status and pack-size configuration before any merge. | Validate discount/refund authorization, business purpose and policy compliance.",273
1526,1542,3.Coffee160,160 Salsa side / Extra salsa,126.0,125.5,0.5,,,,positive_sales_without_complete_profitability,presentation_not_explicit,no_catalog_finding,high,72.01357466063348,2,2,MISSING_PROFITABILITY | REVENUE_REDUCTION,"Load and validate COGS and Gross Profit; do not estimate loss until source cost is confirmed. | Validate discount/refund authorization, business purpose and policy compliance.",274
94,110,2. Restaurant,Ribeye Steak,296.91,254.97,41.940000000000026,0.0,254.97,,positive_sales_with_zero_cogs,presentation_not_explicit,no_catalog_finding,high,72.01149425287356,2,2,REVENUE_REDUCTION | ZERO_COGS,"Confirm recipes, purchase cost or item cost mapping; zero COGS is not accepted as validated margin. | Validate discount/refund authorization, business purpose and policy compliance.",275
646,662,1.25 Sweets & Candies,Su Sabor Obleas Arequipe 6.53 oz,989.01,866.01,123.0,565.69,300.32,34.67858338818258,validated_consistent_positive_sales_positive_cogs,weight_based,no_catalog_finding,high,71.98823529411764,1,1,REVENUE_REDUCTION,"Validate discount/refund authorization, business purpose and policy compliance.",276
928,944,1.05 Chips & Snacks,M. Lycha Sweet Plantain Chips 12oz,1373.95,1373.95,0.0,1128.75,245.2,17.846355398668074,validated_consistent_positive_sales_positive_cogs,weight_based,no_catalog_finding,high,71.92307692307692,1,1,LOW_MARGIN,Review price-cost relationship and whether discounts compressed the observed margin.,277
693,709,1.25 Sweets & Candies,Su Sabor Rollitos de Bocadillo con Arequipe 12oz /  340g,533.93,416.43,117.49999999999994,330.63,85.8,20.603702903249044,validated_consistent_positive_sales_positive_cogs,weight_based,no_catalog_finding,high,71.84705882352941,2,2,LOW_MARGIN | REVENUE_REDUCTION,"Review price-cost relationship and whether discounts compressed the observed margin. | Validate discount/refund authorization, business purpose and policy compliance.",278
766,782,1.25 Sweets & Candies,Gummy Rock Sandia Watermelon Spicy lolly pop spacy candy 85g Gummy Rock Sandia Watermelon Spicy lolly pop spacy candy 85g unit,181.77,123.15,58.620000000000005,,,,positive_sales_without_complete_profitability,explicit_single_unit,no_catalog_finding,high,71.83257918552036,2,2,MISSING_PROFITABILITY | REVENUE_REDUCTION,"Load and validate COGS and Gross Profit; do not estimate loss until source cost is confirmed. | Validate discount/refund authorization, business purpose and policy compliance.",279
10,26,2. Restaurant,Beef Colombian Empanada,22896.5,22780.01,116.4900000000016,10853.9,11926.11,52.35340107401183,validated_consistent_positive_sales_positive_cogs,presentation_not_explicit,no_catalog_finding,high,71.80000000000001,1,1,REVENUE_REDUCTION,"Validate discount/refund authorization, business purpose and policy compliance.",280
79,95,2. Restaurant,Chorizo Colombiano - Colombian Sausage,817.18,703.34,113.83999999999992,436.8,266.54,37.896323257599455,validated_consistent_positive_sales_positive_cogs,presentation_not_explicit,no_catalog_finding,high,71.75294117647059,1,1,REVENUE_REDUCTION,"Validate discount/refund authorization, business purpose and policy compliance.",281
28,44,2. Restaurant,Chicharron - Pork Belly,7374.77,7261.27,113.5,2122.9,5138.37,70.76406744274762,validated_consistent_positive_sales_positive_cogs,presentation_not_explicit,no_catalog_finding,high,71.70588235294117,1,1,REVENUE_REDUCTION,"Validate discount/refund authorization, business purpose and policy compliance.",282
1574,1590,1.13 Flours,Maseca Tamales 2 kg,1594.86,1481.46,113.39999999999986,987.24,494.22,33.36033372483901,validated_consistent_positive_sales_positive_cogs,weight_based,no_catalog_finding,high,71.65882352941176,1,1,REVENUE_REDUCTION,"Validate discount/refund authorization, business purpose and policy compliance.",283
111,127,2. Restaurant,Flan - Caramel Custard Kiosk,120.78,120.78,0.0,,,,positive_sales_without_complete_profitability,presentation_not_explicit,no_catalog_finding,high,71.65158371040724,1,1,MISSING_PROFITABILITY,Load and validate COGS and Gross Profit; do not estimate loss until source cost is confirmed.,284
1038,1054,1.05 Chips & Snacks,Seniorial chicharron chile limon 1.97oz,85.5,49.8,35.7,55.26,-5.46,-10.963855421686748,validated_consistent_positive_sales_positive_cogs,weight_based,no_catalog_finding,high,71.61290322580645,2,2,NEGATIVE_MARGIN | REVENUE_REDUCTION,"Validate discount/refund authorization, business purpose and policy compliance. | Validate selling price, unit cost, discount policy and transaction detail.",285
1521,1537,3.Coffee160,160 Cafe Regular 16oz,201.5,198.51,2.990000000000009,0.0,198.51,,positive_sales_with_zero_cogs,weight_based,informational_family_variant,high,71.55172413793103,2,2,REVENUE_REDUCTION | ZERO_COGS,"Confirm recipes, purchase cost or item cost mapping; zero COGS is not accepted as validated margin. | Validate discount/refund authorization, business purpose and policy compliance.",286
683,699,1.25 Sweets & Candies,Ricolino Paleta Payaso 450g/15.8oz UNIT,563.73,455.73,108.0,340.84,114.89,25.21010247295548,validated_consistent_positive_sales_positive_cogs,explicit_single_unit,informational_family_variant,high,71.49411764705883,1,1,REVENUE_REDUCTION,"Validate discount/refund authorization, business purpose and policy compliance.",287
767,783,1.25 Sweets & Candies,Marinela Gansitos - 50 Gr X24,119.97,119.97,0.0,,,,positive_sales_without_complete_profitability,explicit_multipack,informational_family_variant,high,71.47058823529412,1,1,MISSING_PROFITABILITY,Load and validate COGS and Gross Profit; do not estimate loss until source cost is confirmed.,288
978,994,1.05 Chips & Snacks,La Molienda Papa Casera Spicy Hot 170g/ 6 oz,503.28,398.28,105.0,322.56,75.72,19.011750527267253,validated_consistent_positive_sales_positive_cogs,weight_based,no_catalog_finding,high,71.32941176470587,2,2,LOW_MARGIN | REVENUE_REDUCTION,"Review price-cost relationship and whether discounts compressed the observed margin. | Validate discount/refund authorization, business purpose and policy compliance.",289
1496,1512,3.Coffee160,160 Condensed Latte 16oz,1376.5,1361.09,15.410000000000082,1260.0,101.09,7.427135604552235,validated_consistent_positive_sales_positive_cogs,weight_based,informational_family_variant,high,71.3076923076923,2,2,LOW_MARGIN | REVENUE_REDUCTION,"Review price-cost relationship and whether discounts compressed the observed margin. | Validate discount/refund authorization, business purpose and policy compliance.",290
1430,1446,1.04 Can Products,La Costena Chipotle Peppers in Adobo Sauce - 11.2 oz / 319ml,934.83,934.83,0.0,615.42,319.41,34.167709637046315,validated_consistent_positive_sales_positive_cogs,volume_based,actionable_review_candidate,high,71.2962962962963,1,1,CATALOG_ACTIONABLE,"Validate SKU/UPC, presentation, duplicate status and pack-size configuration before any merge.",291
768,784,1.25 Sweets & Candies,Dulces Tipicos Jabalina Extreme 50ct,119.96,119.96,0.0,,,,positive_sales_without_complete_profitability,presentation_not_explicit,no_catalog_finding,high,71.289592760181,1,1,MISSING_PROFITABILITY,Load and validate COGS and Gross Profit; do not estimate loss until source cost is confirmed.,292
41,57,2. Restaurant,Coca cola Zero 355ml lata Rest,3730.0,3625.13,104.86999999999989,969.8,2655.33,73.24785593895943,validated_consistent_positive_sales_positive_cogs,volume_based,no_catalog_finding,high,71.28235294117647,1,1,REVENUE_REDUCTION,"Validate discount/refund authorization, business purpose and policy compliance.",293
454,470,1.03 Beverages,Electrolit Suero Hidratante Limon 625ml,687.85,583.1,104.75,331.41,251.69,43.16412279197393,validated_consistent_positive_sales_positive_cogs,volume_based,no_catalog_finding,high,71.23529411764706,1,1,REVENUE_REDUCTION,"Validate discount/refund authorization, business purpose and policy compliance.",294
742,758,1.25 Sweets & Candies,Ramo Cake Extrafino - 600 Gr,298.87,195.37,103.5,190.45,4.92,2.518298612888365,validated_consistent_positive_sales_positive_cogs,weight_based,no_catalog_finding,high,71.18823529411765,2,2,LOW_MARGIN | REVENUE_REDUCTION,"Review price-cost relationship and whether discounts compressed the observed margin. | Validate discount/refund authorization, business purpose and policy compliance.",295
1120,1136,1.10 Dairy,Rumba Cheese Oaxaca Boule 200 Gr,395.67,293.67,102.0,241.23,52.44,17.856778016140566,validated_consistent_positive_sales_positive_cogs,weight_based,actionable_review_candidate,high,71.14117647058823,3,3,CATALOG_ACTIONABLE | LOW_MARGIN | REVENUE_REDUCTION,"Review price-cost relationship and whether discounts compressed the observed margin. | Validate SKU/UPC, presentation, duplicate status and pack-size configuration before any merge. | Validate discount/refund authorization, business purpose and policy compliance.",296
548,564,1.03 Beverages,Frescolita Lata 330 ml x 6,119.92,119.92,0.0,,,,positive_sales_without_complete_profitability,explicit_multipack,actionable_review_candidate,high,71.10859728506787,2,2,CATALOG_ACTIONABLE | MISSING_PROFITABILITY,"Load and validate COGS and Gross Profit; do not estimate loss until source cost is confirmed. | Validate SKU/UPC, presentation, duplicate status and pack-size configuration before any merge.",297
99,115,2. Restaurant,Burridog & Fries,203.83,197.83,6.0,0.0,197.83,,positive_sales_with_zero_cogs,presentation_not_explicit,no_catalog_finding,high,71.0919540229885,2,2,REVENUE_REDUCTION | ZERO_COGS,"Confirm recipes, purchase cost or item cost mapping; zero COGS is not accepted as validated margin. | Validate discount/refund authorization, business purpose and policy compliance.",298
13,29,2. Restaurant,Carne Asada,14378.1,14279.13,98.97000000000116,6784.05,7495.08,52.48975252693967,validated_consistent_positive_sales_positive_cogs,presentation_not_explicit,no_catalog_finding,high,71.04705882352941,1,1,REVENUE_REDUCTION,"Validate discount/refund authorization, business purpose and policy compliance.",299
770,786,1.25 Sweets & Candies,De La Rosa Pulparindots Mango 12.8Oz / 360g BOX,119.88,118.88,1.0,,,,positive_sales_without_complete_profitability,pack_or_case_count_unresolved,actionable_review_candidate,high,70.92760180995475,3,3,CATALOG_ACTIONABLE | MISSING_PROFITABILITY | REVENUE_REDUCTION,"Load and validate COGS and Gross Profit; do not estimate loss until source cost is confirmed. | Validate SKU/UPC, presentation, duplicate status and pack-size configuration before any merge. | Validate discount/refund authorization, business purpose and policy compliance.",300
662,678,1.25 Sweets & Candies,Nestle Cri Cri 123g UNIT,656.47,561.97,94.5,422.09,139.88,24.891008416819403,validated_consistent_positive_sales_positive_cogs,explicit_single_unit,no_catalog_finding,high,70.90588235294118,1,1,REVENUE_REDUCTION,"Validate discount/refund authorization, business purpose and policy compliance.",301
83,99,2. Restaurant,Papas Fritas - French Fries,650.37,556.55,93.82000000000005,57.05,499.5,89.74934866588806,validated_consistent_positive_sales_positive_cogs,presentation_not_explicit,no_catalog_finding,high,70.85882352941178,1,1,REVENUE_REDUCTION,"Validate discount/refund authorization, business purpose and policy compliance.",302
29,45,2. Restaurant,Meat Quesadilla,7311.28,7218.29,92.98999999999978,3705.2,3513.09,48.66928316817418,validated_consistent_positive_sales_positive_cogs,presentation_not_explicit,no_catalog_finding,high,70.81176470588235,1,1,REVENUE_REDUCTION,"Validate discount/refund authorization, business purpose and policy compliance.",303
166,182,4.Bakery,160 Venezuelan Cheese Empanada,3762.57,3673.87,88.70000000000027,1414.5,2259.37,61.49836548380863,validated_consistent_positive_sales_positive_cogs,presentation_not_explicit,no_catalog_finding,high,70.76470588235294,1,1,REVENUE_REDUCTION,"Validate discount/refund authorization, business purpose and policy compliance.",304
772,788,1.25 Sweets & Candies,Nestle Toronto Box 324g X36 - BOX,116.97,116.97,0.0,,,,positive_sales_without_complete_profitability,explicit_multipack,informational_family_variant,high,70.74660633484163,1,1,MISSING_PROFITABILITY,Load and validate COGS and Gross Profit; do not estimate loss until source cost is confirmed.,305
167,183,4.Bakery,160 Venezuelan Pabellon Empanada,3682.77,3594.22,88.55000000000018,1569.1,2025.12,56.34379642871055,validated_consistent_positive_sales_positive_cogs,presentation_not_explicit,no_catalog_finding,high,70.71764705882353,1,1,REVENUE_REDUCTION,"Validate discount/refund authorization, business purpose and policy compliance.",306
1085,1101,1.26 Tortillas,"Don Pancho Corn Tortillas 5"" 40.23 oz Taquera",388.72,300.88,87.84000000000003,265.2,35.68,11.858548258441903,validated_consistent_positive_sales_positive_cogs,weight_based,no_catalog_finding,high,70.67058823529412,2,2,LOW_MARGIN | REVENUE_REDUCTION,"Review price-cost relationship and whether discounts compressed the observed margin. | Validate discount/refund authorization, business purpose and policy compliance.",307
532,548,1.03 Beverages,Boing Mango 500ml x unit,171.47,171.47,0.0,0.0,171.47,,positive_sales_with_zero_cogs,explicit_single_unit,no_catalog_finding,high,70.63218390804597,1,1,ZERO_COGS,"Confirm recipes, purchase cost or item cost mapping; zero COGS is not accepted as validated margin.",308
30,46,2. Restaurant,Calentao Breakfast,7240.17,7152.51,87.65999999999985,2144.52,5007.99,70.01723870361593,validated_consistent_positive_sales_positive_cogs,presentation_not_explicit,no_catalog_finding,high,70.62352941176471,1,1,REVENUE_REDUCTION,"Validate discount/refund authorization, business purpose and policy compliance.",309
40,56,2. Restaurant,Taco Unit,5185.0,5097.83,87.17000000000007,2411.64,2686.19,52.69281243195635,validated_consistent_positive_sales_positive_cogs,explicit_single_unit,no_catalog_finding,high,70.5764705882353,1,1,REVENUE_REDUCTION,"Validate discount/refund authorization, business purpose and policy compliance.",310
2017,2033,1.16 Miscelanea,Veladora Divino Nino,115.71,115.71,0.0,,,,positive_sales_without_complete_profitability,presentation_not_explicit,no_catalog_finding,high,70.56561085972851,1,1,MISSING_PROFITABILITY,Load and validate COGS and Gross Profit; do not estimate loss until source cost is confirmed.,311
940,956,1.05 Chips & Snacks,Sabritas Tostitos salsa verde 175g,854.93,854.13,0.7999999999999545,493.27,360.86,42.24883799889947,validated_consistent_positive_sales_positive_cogs,weight_based,actionable_review_candidate,high,70.55555555555556,2,2,CATALOG_ACTIONABLE | REVENUE_REDUCTION,"Validate SKU/UPC, presentation, duplicate status and pack-size configuration before any merge. | Validate discount/refund authorization, business purpose and policy compliance.",312
807,823,1.25 Sweets & Candies,Nestle Toronto Box 324g Nestle Toronto unit,155.25,68.31,86.94,,,,positive_sales_without_complete_profitability,pack_or_case_count_unresolved,actionable_review_candidate,high,70.52941176470588,3,3,CATALOG_ACTIONABLE | MISSING_PROFITABILITY | REVENUE_REDUCTION,"Load and validate COGS and Gross Profit; do not estimate loss until source cost is confirmed. | Validate SKU/UPC, presentation, duplicate status and pack-size configuration before any merge. | Validate discount/refund authorization, business purpose and policy compliance.",313
160,176,4.Bakery,160 Venezuelan Chicken Empanada,4253.34,4168.61,84.73000000000047,1599.0,2569.61,61.64189022240028,validated_consistent_positive_sales_positive_cogs,presentation_not_explicit,no_catalog_finding,high,70.43529411764706,1,1,REVENUE_REDUCTION,"Validate discount/refund authorization, business purpose and policy compliance.",314
232,248,4.Bakery,160 LM White Chocolate Cake,473.93,389.69,84.24000000000001,211.5,178.19,45.72608996894968,validated_consistent_positive_sales_positive_cogs,presentation_not_explicit,no_catalog_finding,high,70.38823529411764,1,1,REVENUE_REDUCTION,"Validate discount/refund authorization, business purpose and policy compliance.",315
775,791,1.25 Sweets & Candies,Chocolatina Chocobreak 150g X30,113.22,113.22,0.0,,,,positive_sales_without_complete_profitability,explicit_multipack,informational_family_variant,high,70.38461538461539,1,1,MISSING_PROFITABILITY,Load and validate COGS and Gross Profit; do not estimate loss until source cost is confirmed.,316
227,243,4.Bakery,160 Tequeno Promo  $1.00,485.0,480.09,4.910000000000025,485.0,-4.91,-1.0227249057468393,validated_consistent_positive_sales_positive_cogs,presentation_not_explicit,no_catalog_finding,high,70.3225806451613,2,2,NEGATIVE_MARGIN | REVENUE_REDUCTION,"Validate discount/refund authorization, business purpose and policy compliance. | Validate selling price, unit cost, discount policy and transaction detail.",317
174,190,4.Bakery,160 Fresas con Crema,2428.96,2347.58,81.38000000000011,1361.95,985.63,41.98493768050503,validated_consistent_positive_sales_positive_cogs,presentation_not_explicit,no_catalog_finding,high,70.24705882352941,1,1,REVENUE_REDUCTION,"Validate discount/refund authorization, business purpose and policy compliance.",318
1397,1413,1.07 Condiments & Spices,Goya Adobo con Comino 340 Gr - 12oz,112.5,112.5,0.0,,,,positive_sales_without_complete_profitability,weight_based,no_catalog_finding,high,70.20361990950227,1,1,MISSING_PROFITABILITY,Load and validate COGS and Gross Profit; do not estimate loss until source cost is confirmed.,319
165,181,4.Bakery,160 Chocoflan,3855.14,3774.65,80.48999999999978,1941.44,1833.21,48.566357145695626,validated_consistent_positive_sales_positive_cogs,presentation_not_explicit,no_catalog_finding,high,70.2,1,1,REVENUE_REDUCTION,"Validate discount/refund authorization, business purpose and policy compliance.",320
537,553,1.03 Beverages,Jarritos Fresa 12.5oz x Unit,158.67,158.67,0.0,0.0,158.67,,positive_sales_with_zero_cogs,explicit_single_unit,no_catalog_finding,high,70.17241379310344,1,1,ZERO_COGS,"Confirm recipes, purchase cost or item cost mapping; zero COGS is not accepted as validated margin.",321
965,981,1.05 Chips & Snacks,Sabritas Cheetos Flamin Hot 145g 1310,559.2,482.2,77.00000000000006,355.36,126.84,26.30443799253422,validated_consistent_positive_sales_positive_cogs,weight_based,no_catalog_finding,high,70.15294117647059,1,1,REVENUE_REDUCTION,"Validate discount/refund authorization, business purpose and policy compliance.",322
1497,1513,3.Coffee160,160 Condensed Latte 12oz,1100.29,1079.88,20.409999999999854,992.29,87.59,8.111086417009297,validated_consistent_positive_sales_positive_cogs,weight_based,informational_family_variant,high,70.07692307692308,2,2,LOW_MARGIN | REVENUE_REDUCTION,"Review price-cost relationship and whether discounts compressed the observed margin. | Validate discount/refund authorization, business purpose and policy compliance.",323
778,794,1.25 Sweets & Candies,De La Rosa Pulparindots Original BOX,111.0,111.0,0.0,,,,positive_sales_without_complete_profitability,pack_or_case_count_unresolved,actionable_review_candidate,high,70.02262443438914,2,2,CATALOG_ACTIONABLE | MISSING_PROFITABILITY,"Load and validate COGS and Gross Profit; do not estimate loss until source cost is confirmed. | Validate SKU/UPC, presentation, duplicate status and pack-size configuration before any merge.",324
1363,1379,1.07 Condiments & Spices,Consomate 2.96oz,382.89,309.83,73.06,242.88,66.95,21.6086240841752,validated_consistent_positive_sales_positive_cogs,weight_based,no_catalog_finding,high,70.01176470588236,2,2,LOW_MARGIN | REVENUE_REDUCTION,"Review price-cost relationship and whether discounts compressed the observed margin. | Validate discount/refund authorization, business purpose and policy compliance.",325
1993,2009,Uncategorized,Manual Transaction,0.0,-4.0,4.0,,,,non_positive_net_sales,presentation_not_explicit,adjustment_record,high,70.0,2,2,MANUAL_NEGATIVE_ADJUSTMENT | REVENUE_REDUCTION,"Trace the manual transaction to user, date, reason, approval and original sale. | Validate discount/refund authorization, business purpose and policy compliance.",326
81,97,2. Restaurant,Torta de Churrasco,737.59,665.61,71.98000000000002,369.0,296.61,44.56213097759949,validated_consistent_positive_sales_positive_cogs,presentation_not_explicit,no_catalog_finding,high,69.96470588235294,1,1,REVENUE_REDUCTION,"Validate discount/refund authorization, business purpose and policy compliance.",327
733,749,1.25 Sweets & Candies,Dulcor sweet potato vanilla and chocolate 700 gr,298.77,227.27,71.49999999999997,205.85,21.42,9.424913098957187,validated_consistent_positive_sales_positive_cogs,weight_based,no_catalog_finding,high,69.91764705882352,2,2,LOW_MARGIN | REVENUE_REDUCTION,"Review price-cost relationship and whether discounts compressed the observed margin. | Validate discount/refund authorization, business purpose and policy compliance.",328
146,162,4.Bakery,160 Tres Leches Cake Sli,20582.24,20510.98,71.26000000000204,6192.17,14318.81,69.81046249374725,validated_consistent_positive_sales_positive_cogs,presentation_not_explicit,no_catalog_finding,high,69.87058823529412,1,1,REVENUE_REDUCTION,"Validate discount/refund authorization, business purpose and policy compliance.",329
553,569,1.03 Beverages,Maltin Polar 12 oz X24,109.98,109.98,0.0,,,,positive_sales_without_complete_profitability,explicit_multipack,informational_family_variant,high,69.84162895927602,1,1,MISSING_PROFITABILITY,Load and validate COGS and Gross Profit; do not estimate loss until source cost is confirmed.,330
59,75,2. Restaurant,Arroz Blanco - White Rice,1867.32,1796.45,70.86999999999989,187.2,1609.25,89.57944835648084,validated_consistent_positive_sales_positive_cogs,presentation_not_explicit,no_catalog_finding,high,69.82352941176471,1,1,REVENUE_REDUCTION,"Validate discount/refund authorization, business purpose and policy compliance.",331
148,164,4.Bakery,160 Pandebono,10038.0,9968.99,69.01000000000022,4822.42,5146.56,51.62569126862401,validated_consistent_positive_sales_positive_cogs,presentation_not_explicit,no_catalog_finding,high,69.7764705882353,1,1,REVENUE_REDUCTION,"Validate discount/refund authorization, business purpose and policy compliance.",332
251,267,4.Bakery,160 Chocoflan Grande,130.0,130.0,0.0,0.0,130.0,,positive_sales_with_zero_cogs,presentation_not_explicit,no_catalog_finding,high,69.71264367816092,1,1,ZERO_COGS,"Confirm recipes, purchase cost or item cost mapping; zero COGS is not accepted as validated margin.",333
783,799,1.25 Sweets & Candies,Tamaroca Banderilla Con Chile X30,104.97,104.97,0.0,,,,positive_sales_without_complete_profitability,explicit_multipack,informational_family_variant,high,69.6606334841629,1,1,MISSING_PROFITABILITY,Load and validate COGS and Gross Profit; do not estimate loss until source cost is confirmed.,334
22,38,2. Restaurant,Chicken Colombian Empanada,10469.25,10404.2,65.04999999999927,4758.75,5645.45,54.26125987581938,validated_consistent_positive_sales_positive_cogs,presentation_not_explicit,no_catalog_finding,high,69.63529411764705,1,1,REVENUE_REDUCTION,"Validate discount/refund authorization, business purpose and policy compliance.",335
294,310,1.12 Frozen Products,Ravi Frozen Yellow Sliced Plantain 3 LB,9469.71,9404.73,64.97999999999956,5282.83,4121.9,43.827946150500864,validated_consistent_positive_sales_positive_cogs,weight_based,no_catalog_finding,high,69.58823529411765,1,1,REVENUE_REDUCTION,"Validate discount/refund authorization, business purpose and policy compliance.",336
178,194,4.Bakery,160 Venezuela Plantain & Cheese Empanada,2154.6,2091.15,63.44999999999982,810.0,1281.15,61.26533247256295,validated_consistent_positive_sales_positive_cogs,presentation_not_explicit,no_catalog_finding,high,69.54117647058824,1,1,REVENUE_REDUCTION,"Validate discount/refund authorization, business purpose and policy compliance.",337
1202,1218,1.23 Sauces,Fritz Corn Sauce 240g,251.76,188.76,63.0,161.28,27.48,14.55816910362365,validated_consistent_positive_sales_positive_cogs,weight_based,no_catalog_finding,high,69.49411764705883,2,2,LOW_MARGIN | REVENUE_REDUCTION,"Review price-cost relationship and whether discounts compressed the observed margin. | Validate discount/refund authorization, business purpose and policy compliance.",338
556,572,1.03 Beverages,Postobon Uva Soda Bottle - 14 Oz X24,103.92,103.92,0.0,,,,positive_sales_without_complete_profitability,explicit_multipack,informational_family_variant,high,69.47963800904978,1,1,MISSING_PROFITABILITY,Load and validate COGS and Gross Profit; do not estimate loss until source cost is confirmed.,339
245,261,4.Bakery,160 LM Copa Veneciana Frutos Rojos / Berry Cup,217.49,154.59,62.900000000000006,94.54,60.05,38.84468594346336,validated_consistent_positive_sales_positive_cogs,presentation_not_explicit,no_catalog_finding,high,69.4470588235294,1,1,REVENUE_REDUCTION,"Validate discount/refund authorization, business purpose and policy compliance.",340
1117,1133,1.10 Dairy,Rumba Cheese Oaxaca Boule 200 Gr,707.41,707.41,0.0,431.29,276.12,39.0325271059216,validated_consistent_positive_sales_positive_cogs,weight_based,actionable_review_candidate,high,69.44444444444444,1,1,CATALOG_ACTIONABLE,"Validate SKU/UPC, presentation, duplicate status and pack-size configuration before any merge.",341
1183,1199,1.23 Sauces,Emperador Teloloapan Mole Almendrado  1k,371.88,309.9,61.98000000000002,200.8,109.1,35.20490480800258,validated_consistent_positive_sales_positive_cogs,presentation_not_explicit,no_catalog_finding,high,69.35294117647058,1,1,REVENUE_REDUCTION,"Validate discount/refund authorization, business purpose and policy compliance.",342
787,803,1.25 Sweets & Candies,Nestle Savoy Cri Cri 27 g / .95 oz X12,115.96,101.46,14.5,,,,positive_sales_without_complete_profitability,explicit_multipack,actionable_review_candidate,high,69.29864253393666,3,3,CATALOG_ACTIONABLE | MISSING_PROFITABILITY | REVENUE_REDUCTION,"Load and validate COGS and Gross Profit; do not estimate loss until source cost is confirmed. | Validate SKU/UPC, presentation, duplicate status and pack-size configuration before any merge. | Validate discount/refund authorization, business purpose and policy compliance.",343
675,691,1.25 Sweets & Candies,Su Sabor Bocadillo de Guayaba regular 18 uni / 650g,550.19,489.79,60.400000000000034,328.86,160.93,32.856938688009144,validated_consistent_positive_sales_positive_cogs,weight_based,no_catalog_finding,high,69.25882352941176,1,1,REVENUE_REDUCTION,"Validate discount/refund authorization, business purpose and policy compliance.",344
1527,1543,3.Coffee160,Mint Lemonade,126.27,124.62,1.6499999999999915,0.0,124.62,,positive_sales_with_zero_cogs,presentation_not_explicit,no_catalog_finding,high,69.2528735632184,2,2,REVENUE_REDUCTION | ZERO_COGS,"Confirm recipes, purchase cost or item cost mapping; zero COGS is not accepted as validated margin. | Validate discount/refund authorization, business purpose and policy compliance.",345
1092,1108,1.26 Tortillas,Don Pancho Thin Chip Tortilla 26oz,169.66,109.66,60.0,113.56,-3.9,-3.556447200437717,validated_consistent_positive_sales_positive_cogs,weight_based,no_catalog_finding,high,69.18823529411765,2,2,NEGATIVE_MARGIN | REVENUE_REDUCTION,"Validate discount/refund authorization, business purpose and policy compliance. | Validate selling price, unit cost, discount policy and transaction detail.",346
159,175,4.Bakery,160 Venezuelan Beef Empanada,4831.89,4771.91,59.98000000000047,1816.5,2955.41,61.93348156189031,validated_consistent_positive_sales_positive_cogs,presentation_not_explicit,no_catalog_finding,high,69.11764705882354,1,1,REVENUE_REDUCTION,"Validate discount/refund authorization, business purpose and policy compliance.",347
789,805,1.25 Sweets & Candies,Pelon Pelo Rico 28 Gr X12,99.9,99.9,0.0,,,,positive_sales_without_complete_profitability,explicit_multipack,informational_family_variant,high,69.11764705882354,1,1,MISSING_PROFITABILITY,Load and validate COGS and Gross Profit; do not estimate loss until source cost is confirmed.,348
653,669,1.25 Sweets & Candies,Gamesa Marias box 19.7oz / 560g,719.36,682.19,37.16999999999996,442.08,240.11,35.19693926911857,validated_consistent_positive_sales_positive_cogs,pack_or_case_count_unresolved,actionable_review_candidate,high,69.07407407407408,2,2,CATALOG_ACTIONABLE | REVENUE_REDUCTION,"Validate SKU/UPC, presentation, duplicate status and pack-size configuration before any merge. | Validate discount/refund authorization, business purpose and policy compliance.",349
442,458,1.03 Beverages,Jarritos Lime 12.5oz UNIT,794.03,735.54,58.49000000000001,455.84,279.7,38.0264839437692,validated_consistent_positive_sales_positive_cogs,explicit_single_unit,no_catalog_finding,high,69.02352941176471,1,1,REVENUE_REDUCTION,"Validate discount/refund authorization, business purpose and policy compliance.",350
951,967,1.05 Chips & Snacks,Sinha Batata Palha / Tradicional Potatoes 90g,694.26,635.86,58.39999999999998,415.86,220.0,34.598811059038155,validated_consistent_positive_sales_positive_cogs,weight_based,no_catalog_finding,high,68.97647058823529,1,1,REVENUE_REDUCTION,"Validate discount/refund authorization, business purpose and policy compliance.",351
790,806,1.25 Sweets & Candies,Sonrics Rockaleta X20,98.75,98.75,0.0,,,,positive_sales_without_complete_profitability,explicit_multipack,actionable_review_candidate,high,68.93665158371041,2,2,CATALOG_ACTIONABLE | MISSING_PROFITABILITY,"Load and validate COGS and Gross Profit; do not estimate loss until source cost is confirmed. | Validate SKU/UPC, presentation, duplicate status and pack-size configuration before any merge.",352
70,86,2. Restaurant,Frijoles Colombianos - Colombian Beans,1133.16,1074.86,58.30000000000018,90.88,983.98,91.54494538823664,validated_consistent_positive_sales_positive_cogs,presentation_not_explicit,no_catalog_finding,high,68.92941176470589,1,1,REVENUE_REDUCTION,"Validate discount/refund authorization, business purpose and policy compliance.",353
203,219,4.Bakery,160 Pasabocas Pastel Guayaba,1317.25,1311.47,5.779999999999973,416.59,900.38,,positive_sales_with_configuration_anomaly,presentation_not_explicit,no_catalog_finding,high,68.88888888888889,2,2,PROFIT_CONFIGURATION_ANOMALY | REVENUE_REDUCTION,"Reconcile item COGS, reported Gross Profit and POS configuration against source transactions. | Validate discount/refund authorization, business purpose and policy compliance.",354
724,740,1.25 Sweets & Candies,Nestle Savoy Cri Cri 27 g / .95 oz UNIT,312.78,254.73,58.04999999999998,202.28,52.45,20.59042908177286,validated_consistent_positive_sales_positive_cogs,explicit_single_unit,actionable_review_candidate,high,68.88235294117646,3,3,CATALOG_ACTIONABLE | LOW_MARGIN | REVENUE_REDUCTION,"Review price-cost relationship and whether discounts compressed the observed margin. | Validate SKU/UPC, presentation, duplicate status and pack-size configuration before any merge. | Validate discount/refund authorization, business purpose and policy compliance.",355
50,66,2. Restaurant,Tacos de Chicharron en Salsa Verde,2609.4,2552.92,56.48000000000002,859.2,1693.72,66.34442129013051,validated_consistent_positive_sales_positive_cogs,presentation_not_explicit,no_catalog_finding,high,68.83529411764707,1,1,REVENUE_REDUCTION,"Validate discount/refund authorization, business purpose and policy compliance.",356
253,269,4.Bakery,160 Milhojas Grande,120.0,120.0,0.0,0.0,120.0,,positive_sales_with_zero_cogs,presentation_not_explicit,no_catalog_finding,high,68.79310344827586,1,1,ZERO_COGS,"Confirm recipes, purchase cost or item cost mapping; zero COGS is not accepted as validated margin.",357
170,186,4.Bakery,160 Venezuelan Chicken & Cheese Empanada,2960.58,2904.54,56.039999999999964,1113.0,1791.54,61.68067921254312,validated_consistent_positive_sales_positive_cogs,presentation_not_explicit,no_catalog_finding,high,68.78823529411764,1,1,REVENUE_REDUCTION,"Validate discount/refund authorization, business purpose and policy compliance.",358
1224,1240,1.23 Sauces,M. Lycha Salsita de Tomate Sofrito criollo 8 oz / 227 g,97.72,97.72,0.0,,,,positive_sales_without_complete_profitability,weight_based,no_catalog_finding,high,68.7556561085973,1,1,MISSING_PROFITABILITY,Load and validate COGS and Gross Profit; do not estimate loss until source cost is confirmed.,359
293,309,1.12 Frozen Products,Caribe Yuca Frozen 4 LB,18830.54,18774.57,55.970000000001164,11804.97,6969.6,37.122554604446336,validated_consistent_positive_sales_positive_cogs,weight_based,no_catalog_finding,high,68.71764705882353,1,1,REVENUE_REDUCTION,"Validate discount/refund authorization, business purpose and policy compliance.",360
23,39,2. Restaurant,UMS Lechona,10233.6,10177.63,55.970000000001164,2490.67,7686.96,75.52799620343833,validated_consistent_positive_sales_positive_cogs,presentation_not_explicit,no_catalog_finding,high,68.71764705882353,1,1,REVENUE_REDUCTION,"Validate discount/refund authorization, business purpose and policy compliance.",361
215,231,4.Bakery,160 Quesadilla Salvadorena,1054.22,999.24,54.98000000000002,729.88,269.36,26.95648693006685,validated_consistent_positive_sales_positive_cogs,presentation_not_explicit,no_catalog_finding,high,68.64705882352942,1,1,REVENUE_REDUCTION,"Validate discount/refund authorization, business purpose and policy compliance.",362
444,460,1.03 Beverages,Topo Chico Lime Mineral Water - 12oz UNIT,770.07,715.32,54.75,513.38,201.94,28.23072191466756,validated_consistent_positive_sales_positive_cogs,explicit_single_unit,informational_family_variant,high,68.5764705882353,1,1,REVENUE_REDUCTION,"Validate discount/refund authorization, business purpose and policy compliance.",363
1529,1545,3.Coffee160,Macadamia Nuts Milkshake,96.6,96.6,0.0,,,,positive_sales_without_complete_profitability,presentation_not_explicit,no_catalog_finding,high,68.57466063348417,1,1,MISSING_PROFITABILITY,Load and validate COGS and Gross Profit; do not estimate loss until source cost is confirmed.,364
351,367,1.12 Frozen Products,TajaCol Frozen Fruit Pulp Tablet Mango 14 oz,556.76,502.15,54.610000000000014,326.54,175.61,34.97162202529125,validated_consistent_positive_sales_positive_cogs,weight_based,no_catalog_finding,high,68.50588235294117,1,1,REVENUE_REDUCTION,"Validate discount/refund authorization, business purpose and policy compliance.",365
814,830,1.25 Sweets & Candies,Aldor Frunas Original  352g x 32,113.81,59.81,54.0,42.75,17.06,28.52365825112857,validated_consistent_positive_sales_positive_cogs,explicit_multipack,no_catalog_finding,high,68.45882352941176,1,1,REVENUE_REDUCTION,"Validate discount/refund authorization, business purpose and policy compliance.",366
794,810,1.25 Sweets & Candies,Lucas Skwinkles Salsagheti 10.2 oz / 288 g X12,92.75,92.75,0.0,,,,positive_sales_without_complete_profitability,explicit_multipack,informational_family_variant,high,68.39366515837104,1,1,MISSING_PROFITABILITY,Load and validate COGS and Gross Profit; do not estimate loss until source cost is confirmed.,367
61,77,2. Restaurant,Pork Milanesa - Chuleta de Cerdo,1742.17,1689.68,52.49000000000001,415.0,1274.68,75.4391364045263,validated_consistent_positive_sales_positive_cogs,presentation_not_explicit,no_catalog_finding,high,68.36470588235295,1,1,REVENUE_REDUCTION,"Validate discount/refund authorization, business purpose and policy compliance.",368
952,968,1.05 Chips & Snacks,Sabritas Tostitos Salsa Verde  - 175 Gr,623.56,623.56,0.0,408.19,215.37,34.53877734299827,validated_consistent_positive_sales_positive_cogs,weight_based,actionable_review_candidate,high,68.33333333333334,1,1,CATALOG_ACTIONABLE,"Validate SKU/UPC, presentation, duplicate status and pack-size configuration before any merge.",369
112,128,2. Restaurant,COLOMBIAN STEAK BREAKFAST,119.92,119.92,0.0,0.0,119.92,,positive_sales_with_zero_cogs,presentation_not_explicit,no_catalog_finding,high,68.33333333333333,1,1,ZERO_COGS,"Confirm recipes, purchase cost or item cost mapping; zero COGS is not accepted as validated margin.",370
2018,2034,1.16 Miscelanea,Veladora Santisima Muerte Black,143.64,91.64,51.999999999999986,91.8,-0.16,-0.1745962461807071,validated_consistent_positive_sales_positive_cogs,presentation_not_explicit,no_catalog_finding,high,68.31764705882352,2,2,NEGATIVE_MARGIN | REVENUE_REDUCTION,"Validate discount/refund authorization, business purpose and policy compliance. | Validate selling price, unit cost, discount policy and transaction detail.",371
2049,2065,1.01 Aceites,La Espanola Extra Virgin Olive Oil 16.9 Oz - 500 ML,50.98,0.0,50.98,0.0,0.0,,non_positive_net_sales,volume_based,no_catalog_finding,high,68.27058823529411,1,1,REVENUE_REDUCTION,"Validate discount/refund authorization, business purpose and policy compliance.",372
2005,2021,1.16 Miscelanea,Paper Bag,905.4,905.4,0.0,863.28,42.12,4.652087475149106,validated_consistent_positive_sales_positive_cogs,presentation_not_explicit,no_catalog_finding,high,68.23076923076923,1,1,LOW_MARGIN,Review price-cost relationship and whether discounts compressed the observed margin.,373
1368,1384,1.07 Condiments & Spices,Knorr Beef Flavor Bouillon 1.14 Kg - 2.53 LB,324.87,274.89,49.98000000000002,168.85,106.04,38.57543017206883,validated_consistent_positive_sales_positive_cogs,weight_based,informational_family_variant,high,68.2235294117647,1,1,REVENUE_REDUCTION,"Validate discount/refund authorization, business purpose and policy compliance.",374
795,811,1.25 Sweets & Candies,Duvalin Fresa Vainilla BOX,90.67,90.67,0.0,,,,positive_sales_without_complete_profitability,pack_or_case_count_unresolved,actionable_review_candidate,high,68.21266968325791,2,2,CATALOG_ACTIONABLE | MISSING_PROFITABILITY,"Load and validate COGS and Gross Profit; do not estimate loss until source cost is confirmed. | Validate SKU/UPC, presentation, duplicate status and pack-size configuration before any merge.",375
1108,1124,1.10 Dairy,Rumba Crema Salvadoreña 375ml,2521.53,2471.68,49.850000000000364,1636.47,835.21,33.79118656136717,validated_consistent_positive_sales_positive_cogs,volume_based,no_catalog_finding,high,68.1764705882353,1,1,REVENUE_REDUCTION,"Validate discount/refund authorization, business purpose and policy compliance.",376
418,434,1.03 Beverages,Coca Cola Mexicana  - T  - 355 ML UNIT,1710.69,1661.25,49.440000000000055,1013.46,647.79,38.994130925507896,validated_consistent_positive_sales_positive_cogs,explicit_single_unit,informational_family_variant,high,68.12941176470588,1,1,REVENUE_REDUCTION,"Validate discount/refund authorization, business purpose and policy compliance.",377
47,63,2. Restaurant,Nestle Pure Life,3082.51,3033.37,49.14000000000033,464.7,2568.67,84.68040496213783,validated_consistent_positive_sales_positive_cogs,presentation_not_explicit,no_catalog_finding,high,68.03529411764706,1,1,REVENUE_REDUCTION,"Validate discount/refund authorization, business purpose and policy compliance.",378
1027,1043,1.05 Chips & Snacks,Super Ricas Todo Rico Original Unit,89.72,89.72,0.0,,,,positive_sales_without_complete_profitability,explicit_single_unit,no_catalog_finding,high,68.03167420814479,1,1,MISSING_PROFITABILITY,Load and validate COGS and Gross Profit; do not estimate loss until source cost is confirmed.,379
663,679,1.25 Sweets & Candies,Nestle Savoy Carre Leche y Avellanas 2.2lb / 1kg UNIT,558.39,558.39,0.0,370.32,188.07,33.68076075860957,validated_consistent_positive_sales_positive_cogs,explicit_single_unit,actionable_review_candidate,high,67.96296296296296,1,1,CATALOG_ACTIONABLE,"Validate SKU/UPC, presentation, duplicate status and pack-size configuration before any merge.",380
536,552,1.03 Beverages,Frescolita Lata -  330 ml X6,207.87,159.9,47.97,149.4,10.5,6.566604127579737,validated_consistent_positive_sales_positive_cogs,explicit_multipack,actionable_review_candidate,high,67.94117647058823,3,3,CATALOG_ACTIONABLE | LOW_MARGIN | REVENUE_REDUCTION,"Review price-cost relationship and whether discounts compressed the observed margin. | Validate SKU/UPC, presentation, duplicate status and pack-size configuration before any merge. | Validate discount/refund authorization, business purpose and policy compliance.",381
1142,1158,1.23 Sauces,"Salsa Zaaschila Guacamole Habanero 265gr ,",1067.86,1020.36,47.499999999999886,622.74,397.62,38.9685993178878,validated_consistent_positive_sales_positive_cogs,weight_based,no_catalog_finding,high,67.89411764705883,1,1,REVENUE_REDUCTION,"Validate discount/refund authorization, business purpose and policy compliance.",382
255,271,4.Bakery,160 Conchas Unit,149.5,112.5,37.0,0.0,112.5,,positive_sales_with_zero_cogs,explicit_single_unit,no_catalog_finding,high,67.8735632183908,2,2,REVENUE_REDUCTION | ZERO_COGS,"Confirm recipes, purchase cost or item cost mapping; zero COGS is not accepted as validated margin. | Validate discount/refund authorization, business purpose and policy compliance.",383
1604,1620,1.13 Flours,Pinduca Farofa de Mandioca Tradicional 400g,171.57,124.57,47.0,99.76,24.81,19.91651280404592,validated_consistent_positive_sales_positive_cogs,weight_based,no_catalog_finding,high,67.84705882352941,2,2,LOW_MARGIN | REVENUE_REDUCTION,"Review price-cost relationship and whether discounts compressed the observed margin. | Validate discount/refund authorization, business purpose and policy compliance.",384
347,363,1.12 Frozen Products,TajaCol Frozen Fruit Pulp Guava 14 oz / 397 g,606.15,559.41,46.74000000000001,348.3,211.11,37.7379739368263,validated_consistent_positive_sales_positive_cogs,weight_based,no_catalog_finding,high,67.8,1,1,REVENUE_REDUCTION,"Validate discount/refund authorization, business purpose and policy compliance.",385
1398,1414,1.07 Condiments & Spices,Goya Adobo Sin Pimienta 12oz,87.89,87.89,0.0,,,,positive_sales_without_complete_profitability,weight_based,no_catalog_finding,high,67.76018099547511,1,1,MISSING_PROFITABILITY,Load and validate COGS and Gross Profit; do not estimate loss until source cost is confirmed.,386
1801,1817,1.28 Grains,Urbano Feijao Carioca / White Beans  1 Kg,87.89,87.89,0.0,,,,positive_sales_without_complete_profitability,weight_based,no_catalog_finding,high,67.76018099547511,1,1,MISSING_PROFITABILITY,Load and validate COGS and Gross Profit; do not estimate loss until source cost is confirmed.,387
39,55,2. Restaurant,Chilaquiles Eggs Verdes Breakfast,5261.49,5215.03,46.460000000000036,1674.27,3540.76,67.8952949455708,validated_consistent_positive_sales_positive_cogs,presentation_not_explicit,no_catalog_finding,high,67.75294117647059,1,1,REVENUE_REDUCTION,"Validate discount/refund authorization, business purpose and policy compliance.",388
401,417,1.12 Frozen Products,Puro Verde sopa de verduras 400,15.98,7.98,8.0,11.12,-3.14,-39.34837092731829,validated_consistent_positive_sales_positive_cogs,presentation_not_explicit,no_catalog_finding,high,67.74193548387098,2,2,NEGATIVE_MARGIN | REVENUE_REDUCTION,"Validate discount/refund authorization, business purpose and policy compliance. | Validate selling price, unit cost, discount policy and transaction detail.",389
93,109,2. Restaurant,Papa Criolla - Andean Potatoes,315.21,270.3,44.90999999999997,55.3,215.0,79.54125046244913,validated_consistent_positive_sales_positive_cogs,presentation_not_explicit,no_catalog_finding,high,67.65882352941176,1,1,REVENUE_REDUCTION,"Validate discount/refund authorization, business purpose and policy compliance.",390
664,680,1.25 Sweets & Candies,De la Rosa pulparindo Mango 10 Oz / 280g UNIT,540.98,540.98,0.0,354.5,186.48,34.47077525971385,validated_consistent_positive_sales_positive_cogs,explicit_single_unit,actionable_review_candidate,high,67.59259259259258,1,1,CATALOG_ACTIONABLE,"Validate SKU/UPC, presentation, duplicate status and pack-size configuration before any merge.",391
21,37,2. Restaurant,Cheese Colombian Empanada,10623.25,10578.94,44.30999999999949,4828.75,5750.19,54.35506770999741,validated_consistent_positive_sales_positive_cogs,presentation_not_explicit,no_catalog_finding,high,67.56470588235294,1,1,REVENUE_REDUCTION,"Validate discount/refund authorization, business purpose and policy compliance.",392
1268,1284,"1.06 Coffee, Cocoa, Panela, Butter",Juan Valdez Volcan - Whole Bean 16 oz,1739.4,1695.92,43.48000000000002,1106.25,589.67,34.769918392376994,validated_consistent_positive_sales_positive_cogs,weight_based,no_catalog_finding,high,67.51764705882353,1,1,REVENUE_REDUCTION,"Validate discount/refund authorization, business purpose and policy compliance.",393
1992,2008,Uncategorized,Manual Transaction,0.0,-3.0,3.0,,,,non_positive_net_sales,presentation_not_explicit,adjustment_record,high,67.5,2,2,MANUAL_NEGATIVE_ADJUSTMENT | REVENUE_REDUCTION,"Trace the manual transaction to user, date, reason, approval and original sale. | Validate discount/refund authorization, business purpose and policy compliance.",394
567,583,1.03 Beverages,Topo Chico Mineral Water Glass 750 ML - T Box X12,86.99,86.99,0.0,,,,positive_sales_without_complete_profitability,explicit_multipack,actionable_review_candidate,high,67.48868778280543,2,2,CATALOG_ACTIONABLE | MISSING_PROFITABILITY,"Load and validate COGS and Gross Profit; do not estimate loss until source cost is confirmed. | Validate SKU/UPC, presentation, duplicate status and pack-size configuration before any merge.",395
186,202,4.Bakery,160 Gelatina Mosaico,1975.0,1931.75,43.25,1106.0,825.75,42.74621457227902,validated_consistent_positive_sales_positive_cogs,presentation_not_explicit,no_catalog_finding,high,67.47058823529412,1,1,REVENUE_REDUCTION,"Validate discount/refund authorization, business purpose and policy compliance.",396
719,735,1.25 Sweets & Candies,Su Sabor Bocadillo Combinado 650g,309.38,266.38,43.0,177.32,89.06,33.4334409490202,validated_consistent_positive_sales_positive_cogs,weight_based,no_catalog_finding,high,67.42352941176472,1,1,REVENUE_REDUCTION,"Validate discount/refund authorization, business purpose and policy compliance.",397
1797,1813,1.28 Grains,Maiz Blanco Honeyville/ White Corn x 2 lb,107.88,107.88,0.0,0.0,107.88,,positive_sales_with_zero_cogs,explicit_multipack,no_catalog_finding,high,67.41379310344827,1,1,ZERO_COGS,"Confirm recipes, purchase cost or item cost mapping; zero COGS is not accepted as validated margin.",398
1139,1155,1.23 Sauces,Zaaschila Guacamole & Serrano Sauce 265 g,1472.05,1429.06,42.99000000000001,858.45,570.61,39.929044266860735,validated_consistent_positive_sales_positive_cogs,weight_based,no_catalog_finding,high,67.37647058823529,1,1,REVENUE_REDUCTION,"Validate discount/refund authorization, business purpose and policy compliance.",399
798,814,1.25 Sweets & Candies,Nestle Princesa Chocolate 30 g / 1.1oz,87.15,86.65,0.5,,,,positive_sales_without_complete_profitability,weight_based,no_catalog_finding,high,67.3076923076923,2,2,MISSING_PROFITABILITY | REVENUE_REDUCTION,"Load and validate COGS and Gross Profit; do not estimate loss until source cost is confirmed. | Validate discount/refund authorization, business purpose and policy compliance.",400
24,40,2. Restaurant,Tamal Veracruzano,9184.57,9142.7,41.86999999999898,5349.75,3792.95,41.48610366740677,validated_consistent_positive_sales_positive_cogs,presentation_not_explicit,no_catalog_finding,high,67.18823529411765,1,1,REVENUE_REDUCTION,"Validate discount/refund authorization, business purpose and policy compliance.",401
720,736,1.25 Sweets & Candies,Su Sabor Deli manjar,304.39,264.39,40.0,206.18,58.21,22.01671772759938,validated_consistent_positive_sales_positive_cogs,presentation_not_explicit,no_catalog_finding,high,67.14117647058823,2,2,LOW_MARGIN | REVENUE_REDUCTION,"Review price-cost relationship and whether discounts compressed the observed margin. | Validate discount/refund authorization, business purpose and policy compliance.",402
800,816,1.25 Sweets & Candies,Terrabussi Alfajor Glaseado - 228 Gr Unit,83.79,83.79,0.0,,,,positive_sales_without_complete_profitability,explicit_single_unit,informational_family_variant,high,67.12669683257919,1,1,MISSING_PROFITABILITY,Load and validate COGS and Gross Profit; do not estimate loss until source cost is confirmed.,403
224,240,4.Bakery,160 LM Copa Veneciana Passion Fruit,612.71,573.01,39.700000000000045,290.14,282.87,49.36563061726672,validated_consistent_positive_sales_positive_cogs,presentation_not_explicit,no_catalog_finding,high,67.04705882352941,1,1,REVENUE_REDUCTION,"Validate discount/refund authorization, business purpose and policy compliance.",404
456,472,1.03 Beverages,Postobon Hit Lulo Juice Drink 1 LT,616.97,577.43,39.54000000000008,340.47,236.96,41.03700881492129,validated_consistent_positive_sales_positive_cogs,volume_based,no_catalog_finding,high,67.0,1,1,REVENUE_REDUCTION,"Validate discount/refund authorization, business purpose and policy compliance.",405
558,574,1.03 Beverages,Fanta Naranja 355ml/12OZ x Unit,99.75,99.75,0.0,0.0,99.75,,positive_sales_with_zero_cogs,explicit_single_unit,informational_family_variant,high,66.95402298850576,1,1,ZERO_COGS,"Confirm recipes, purchase cost or item cost mapping; zero COGS is not accepted as validated margin.",406
407,423,1.03 Beverages,Pony Malta 11.12 oz / 330 ml UNIT,3238.17,3198.63,39.539999999999964,1840.94,1357.69,42.445984687194205,validated_consistent_positive_sales_positive_cogs,explicit_single_unit,informational_family_variant,high,66.95294117647059,1,1,REVENUE_REDUCTION,"Validate discount/refund authorization, business purpose and policy compliance.",407
802,818,1.25 Sweets & Candies,De La Rosa Pulparindots Sandia 12.8Oz / 360 BOX,80.91,80.91,0.0,,,,positive_sales_without_complete_profitability,pack_or_case_count_unresolved,actionable_review_candidate,high,66.94570135746606,2,2,CATALOG_ACTIONABLE | MISSING_PROFITABILITY,"Load and validate COGS and Gross Profit; do not estimate loss until source cost is confirmed. | Validate SKU/UPC, presentation, duplicate status and pack-size configuration before any merge.",408
152,168,4.Bakery,160 Papa Rellena Unidad / Stuffed Potato Unit,8648.0,8609.59,38.409999999999854,3240.0,5369.59,62.367545957473006,validated_consistent_positive_sales_positive_cogs,explicit_single_unit,no_catalog_finding,high,66.90588235294118,1,1,REVENUE_REDUCTION,"Validate discount/refund authorization, business purpose and policy compliance.",409
1589,1605,1.13 Flours,Tres Estrellas Churros 17.6 oz,426.39,388.19,38.19999999999999,267.79,120.4,31.01573971508797,validated_consistent_positive_sales_positive_cogs,weight_based,no_catalog_finding,high,66.85882352941177,1,1,REVENUE_REDUCTION,"Validate discount/refund authorization, business purpose and policy compliance.",410
189,205,4.Bakery,160 Mini Roscon,1853.19,1815.22,37.97000000000003,1168.2,647.02,35.644164343715914,validated_consistent_positive_sales_positive_cogs,presentation_not_explicit,no_catalog_finding,high,66.81176470588235,1,1,REVENUE_REDUCTION,"Validate discount/refund authorization, business purpose and policy compliance.",411
219,235,4.Bakery,160 Mini Rosca De Reyes,705.0,667.5,37.5,125.02,542.48,81.27041198501873,validated_consistent_positive_sales_positive_cogs,presentation_not_explicit,no_catalog_finding,high,66.76470588235294,1,1,REVENUE_REDUCTION,"Validate discount/refund authorization, business purpose and policy compliance.",412
570,586,1.03 Beverages,Postobon Manzana Lata 12oz / 355ml x 6,77.94,77.94,0.0,,,,positive_sales_without_complete_profitability,explicit_multipack,no_catalog_finding,high,66.76470588235294,1,1,MISSING_PROFITABILITY,Load and validate COGS and Gross Profit; do not estimate loss until source cost is confirmed.,413
1031,1047,1.05 Chips & Snacks,Rebanaditas Paleta Chile 40 Pzas / 640 g unit,75.95,75.63,0.3200000000000074,,,,positive_sales_without_complete_profitability,explicit_single_unit,actionable_review_candidate,high,66.58371040723982,3,3,CATALOG_ACTIONABLE | MISSING_PROFITABILITY | REVENUE_REDUCTION,"Load and validate COGS and Gross Profit; do not estimate loss until source cost is confirmed. | Validate SKU/UPC, presentation, duplicate status and pack-size configuration before any merge. | Validate discount/refund authorization, business purpose and policy compliance.",414
155,171,4.Bakery,160 Flan Unimarket,6248.39,6211.69,36.70000000000073,2907.57,3304.12,53.19196547155444,validated_consistent_positive_sales_positive_cogs,presentation_not_explicit,no_catalog_finding,high,66.5764705882353,1,1,REVENUE_REDUCTION,"Validate discount/refund authorization, business purpose and policy compliance.",415
1853,1869,1.18 Pasta-Soups,Maggi Sopa de Mariscos 2.82oz,567.15,530.61,36.539999999999964,354.47,176.14,33.19575582819773,validated_consistent_positive_sales_positive_cogs,weight_based,no_catalog_finding,high,66.52941176470588,1,1,REVENUE_REDUCTION,"Validate discount/refund authorization, business purpose and policy compliance.",416
560,576,1.03 Beverages,Boing Guava 500ml x Unit,95.76,95.76,0.0,0.0,95.76,,positive_sales_with_zero_cogs,explicit_single_unit,informational_family_variant,high,66.49425287356321,1,1,ZERO_COGS,"Confirm recipes, purchase cost or item cost mapping; zero COGS is not accepted as validated margin.",417
406,422,1.03 Beverages,Coca Cola Mexicana - 355 ML UNIT,3435.38,3399.13,36.25,2256.54,1142.59,33.61418951319896,validated_consistent_positive_sales_positive_cogs,explicit_single_unit,informational_family_variant,high,66.48235294117647,1,1,REVENUE_REDUCTION,"Validate discount/refund authorization, business purpose and policy compliance.",418
1346,1362,1.07 Condiments & Spices,Knorr Tomato & Chicken Flavor Bouillon 7.9 oz - 450 Gr,504.39,504.39,0.0,324.19,180.2,35.72632288506909,validated_consistent_positive_sales_positive_cogs,weight_based,actionable_review_candidate,high,66.48148148148148,1,1,CATALOG_ACTIONABLE,"Validate SKU/UPC, presentation, duplicate status and pack-size configuration before any merge.",419
821,837,1.25 Sweets & Candies,Reserva Minas Doce Laranja Em Calda 650g,77.94,55.19,22.75,58.02,-2.83,-5.127740532705201,validated_consistent_positive_sales_positive_cogs,weight_based,no_catalog_finding,high,66.45161290322581,2,2,NEGATIVE_MARGIN | REVENUE_REDUCTION,"Validate discount/refund authorization, business purpose and policy compliance. | Validate selling price, unit cost, discount policy and transaction detail.",420
805,821,1.25 Sweets & Candies,BonBonBum Mango x  UNIT,72.57,72.33,0.23999999999999488,,,,positive_sales_without_complete_profitability,explicit_single_unit,no_catalog_finding,high,66.4027149321267,2,2,MISSING_PROFITABILITY | REVENUE_REDUCTION,"Load and validate COGS and Gross Profit; do not estimate loss until source cost is confirmed. | Validate discount/refund authorization, business purpose and policy compliance.",421
809,825,1.25 Sweets & Candies,Cool Toons Paleta Dragon Puerqui X15,96.75,62.91,33.84,,,,positive_sales_without_complete_profitability,explicit_multipack,informational_family_variant,high,66.38823529411765,2,2,MISSING_PROFITABILITY | REVENUE_REDUCTION,"Load and validate COGS and Gross Profit; do not estimate loss until source cost is confirmed. | Validate discount/refund authorization, business purpose and policy compliance.",422
60,76,2. Restaurant,UMS Birria Kg,1818.61,1785.98,32.62999999999988,808.26,977.72,54.74417406689884,validated_consistent_positive_sales_positive_cogs,presentation_not_explicit,no_catalog_finding,high,66.29411764705883,1,1,REVENUE_REDUCTION,"Validate discount/refund authorization, business purpose and policy compliance.",423
806,822,1.25 Sweets & Candies,Pelon Pelo Rico Tamarindo - Mini 13Gr X12,71.88,71.88,0.0,,,,positive_sales_without_complete_profitability,explicit_multipack,informational_family_variant,high,66.22171945701358,1,1,MISSING_PROFITABILITY,Load and validate COGS and Gross Profit; do not estimate loss until source cost is confirmed.,424
362,378,1.12 Frozen Products,Fresh Bocado Mango Frozen Pulp Cojin 90gr / 10ct,329.7,297.7,32.0,190.5,107.2,36.009405441719856,validated_consistent_positive_sales_positive_cogs,weight_based,no_catalog_finding,high,66.15294117647059,1,1,REVENUE_REDUCTION,"Validate discount/refund authorization, business purpose and policy compliance.",425
1700,1716,1.19 Peppers,Chile Ancho 250g,494.67,494.67,0.0,257.07,237.6,48.03202134756504,validated_consistent_positive_sales_positive_cogs,weight_based,actionable_review_candidate,high,66.11111111111111,1,1,CATALOG_ACTIONABLE,"Validate SKU/UPC, presentation, duplicate status and pack-size configuration before any merge.",426
1270,1286,"1.06 Coffee, Cocoa, Panela, Butter",Juan Valdez Colina Whole Bean 16oz,1652.43,1620.54,31.8900000000001,1050.0,570.54,35.206782924210444,validated_consistent_positive_sales_positive_cogs,weight_based,no_catalog_finding,high,66.10588235294118,1,1,REVENUE_REDUCTION,"Validate discount/refund authorization, business purpose and policy compliance.",427
181,197,4.Bakery,160 Venezuelan Pastelitos Pollo,2030.0,1998.5,31.5,870.0,1128.5,56.46735051288466,validated_consistent_positive_sales_positive_cogs,presentation_not_explicit,no_catalog_finding,high,66.05882352941177,1,1,REVENUE_REDUCTION,"Validate discount/refund authorization, business purpose and policy compliance.",428
1305,1321,"1.06 Coffee, Cocoa, Panela, Butter",Grace Azucar Morena 907 gr,71.37,71.37,0.0,,,,positive_sales_without_complete_profitability,weight_based,no_catalog_finding,high,66.04072398190046,1,1,MISSING_PROFITABILITY,Load and validate COGS and Gross Profit; do not estimate loss until source cost is confirmed.,429
793,809,1.25 Sweets & Candies,BonBonBum Maracuya unit,93.81,93.63,0.18000000000000682,0.0,93.63,,positive_sales_with_zero_cogs,explicit_single_unit,informational_family_variant,high,66.0344827586207,2,2,REVENUE_REDUCTION | ZERO_COGS,"Confirm recipes, purchase cost or item cost mapping; zero COGS is not accepted as validated margin. | Validate discount/refund authorization, business purpose and policy compliance.",430
34,50,2. Restaurant,Fresh Bocado Empanada Coctelera Carne 15pack,6405.23,6373.79,31.4399999999996,3298.75,3075.04,48.24507867375611,validated_consistent_positive_sales_positive_cogs,explicit_multipack,no_catalog_finding,high,66.01176470588236,1,1,REVENUE_REDUCTION,"Validate discount/refund authorization, business purpose and policy compliance.",431
190,206,4.Bakery,160 Brazo de Reina Unidad,1775.77,1744.48,31.289999999999964,829.0,915.48,52.47867559387325,validated_consistent_positive_sales_positive_cogs,explicit_single_unit,no_catalog_finding,high,65.96470588235294,1,1,REVENUE_REDUCTION,"Validate discount/refund authorization, business purpose and policy compliance.",432
182,198,4.Bakery,160 Tres Leches con Fruta,2020.62,1989.44,31.179999999999836,833.0,1156.44,58.12892070130288,validated_consistent_positive_sales_positive_cogs,presentation_not_explicit,no_catalog_finding,high,65.87058823529412,1,1,REVENUE_REDUCTION,"Validate discount/refund authorization, business purpose and policy compliance.",433
2032,2048,Bakery Frozen Products,Choco Torta Argentina Unidad,76.5,70.12,6.3799999999999955,,,,positive_sales_without_complete_profitability,explicit_single_unit,no_catalog_finding,high,65.85972850678733,2,2,MISSING_PROFITABILITY | REVENUE_REDUCTION,"Load and validate COGS and Gross Profit; do not estimate loss until source cost is confirmed. | Validate discount/refund authorization, business purpose and policy compliance.",434
415,431,1.03 Beverages,Maltin Polar 12 oz UNIT,2015.94,1984.78,31.160000000000082,984.26,1000.52,50.40961718679148,validated_consistent_positive_sales_positive_cogs,explicit_single_unit,informational_family_variant,high,65.82352941176471,1,1,REVENUE_REDUCTION,"Validate discount/refund authorization, business purpose and policy compliance.",435
147,163,4.Bakery,160 Tequenos Queso X3,13663.19,13632.38,30.81000000000131,6843.0,6789.38,49.80333588118876,validated_consistent_positive_sales_positive_cogs,explicit_multipack,no_catalog_finding,high,65.7764705882353,1,1,REVENUE_REDUCTION,"Validate discount/refund authorization, business purpose and policy compliance.",436
1506,1522,3.Coffee160,160 Dark Roast Beans 300g ground,509.66,509.66,0.0,411.06,98.6,19.346230820547028,validated_consistent_positive_sales_positive_cogs,weight_based,no_catalog_finding,high,65.76923076923077,1,1,LOW_MARGIN,Review price-cost relationship and whether discounts compressed the observed margin.,437
173,189,4.Bakery,160 Venezuelan Pastelito Carne,2506.0,2475.2,30.800000000000182,1074.0,1401.2,56.60956690368456,validated_consistent_positive_sales_positive_cogs,presentation_not_explicit,no_catalog_finding,high,65.72941176470587,1,1,REVENUE_REDUCTION,"Validate discount/refund authorization, business purpose and policy compliance.",438
298,314,1.12 Frozen Products,Fresh Bocado Passion Fruit 64oz,4548.39,4517.9,30.49000000000069,2767.99,1749.91,38.73281834480622,validated_consistent_positive_sales_positive_cogs,weight_based,informational_family_variant,high,65.68235294117648,1,1,REVENUE_REDUCTION,"Validate discount/refund authorization, business purpose and policy compliance.",439
20,36,2. Restaurant,Frijolada con Chicharron,10832.21,10801.83,30.3799999999992,3396.64,7405.19,68.55495781733279,validated_consistent_positive_sales_positive_cogs,presentation_not_explicit,no_catalog_finding,high,65.63529411764706,1,1,REVENUE_REDUCTION,"Validate discount/refund authorization, business purpose and policy compliance.",440
564,580,1.03 Beverages,Hatsu Tea White Mangosteen  473ml x Unit,104.79,90.79,14.0,0.0,90.79,,positive_sales_with_zero_cogs,explicit_single_unit,no_catalog_finding,high,65.57471264367817,2,2,REVENUE_REDUCTION | ZERO_COGS,"Confirm recipes, purchase cost or item cost mapping; zero COGS is not accepted as validated margin. | Validate discount/refund authorization, business purpose and policy compliance.",441
1226,1242,1.23 Sauces,Delicioso Foods Chipotle Sauce 4 L,119.98,89.98,30.0,75.6,14.38,15.98132918426317,validated_consistent_positive_sales_positive_cogs,volume_based,no_catalog_finding,high,65.54117647058824,2,2,LOW_MARGIN | REVENUE_REDUCTION,"Review price-cost relationship and whether discounts compressed the observed margin. | Validate discount/refund authorization, business purpose and policy compliance.",442
1983,1999,Uncategorized,De La Rosa Pulparindots sandia 12.8Oz / 360 Unit,63.36,63.36,0.0,,,,positive_sales_without_complete_profitability,explicit_single_unit,no_catalog_finding,high,65.49773755656109,1,1,MISSING_PROFITABILITY,Load and validate COGS and Gross Profit; do not estimate loss until source cost is confirmed.,443
484,500,1.03 Beverages,Topo Chico Lime with Mint - Can - 12 Oz UNIT,415.61,385.65,29.960000000000036,257.15,128.5,33.3203682095164,validated_consistent_positive_sales_positive_cogs,explicit_single_unit,informational_family_variant,high,65.44705882352942,1,1,REVENUE_REDUCTION,"Validate discount/refund authorization, business purpose and policy compliance.",444
576,592,1.03 Beverages,La Cascada Kolashanpan 20oz,95.83,65.93,29.89999999999999,57.35,8.58,13.013802517821931,validated_consistent_positive_sales_positive_cogs,volume_based,informational_family_variant,high,65.4,2,2,LOW_MARGIN | REVENUE_REDUCTION,"Review price-cost relationship and whether discounts compressed the observed margin. | Validate discount/refund authorization, business purpose and policy compliance.",445
1102,1118,1.10 Dairy,Rumba Cheese Cotija Kg,4835.18,4805.93,29.25,3065.03,1740.9,36.22399826880541,validated_consistent_positive_sales_positive_cogs,presentation_not_explicit,no_catalog_finding,high,65.35294117647058,1,1,REVENUE_REDUCTION,"Validate discount/refund authorization, business purpose and policy compliance.",446
1407,1423,1.07 Condiments & Spices,Maggi Chicken Flavor Bouillon 6 - 2.43 oz,63.25,63.25,0.0,,,,positive_sales_without_complete_profitability,weight_based,no_catalog_finding,high,65.31674208144797,1,1,MISSING_PROFITABILITY,Load and validate COGS and Gross Profit; do not estimate loss until source cost is confirmed.,447
153,169,4.Bakery,160 Chilean Beef Empanada,8273.91,8244.9,29.01000000000022,5248.8,2996.1,36.33882763890405,validated_consistent_positive_sales_positive_cogs,presentation_not_explicit,no_catalog_finding,high,65.30588235294118,1,1,REVENUE_REDUCTION,"Validate discount/refund authorization, business purpose and policy compliance.",448
31,47,2. Restaurant,Tamal Tolimense,6897.94,6869.05,28.889999999999418,4657.5,2211.55,32.19586405689287,validated_consistent_positive_sales_positive_cogs,presentation_not_explicit,no_catalog_finding,high,65.25882352941176,1,1,REVENUE_REDUCTION,"Validate discount/refund authorization, business purpose and policy compliance.",449
440,456,1.03 Beverages,Coca Cola Mexicana - 500 ml UNIT,798.4,769.68,28.720000000000027,458.2,311.48,40.46876624051554,validated_consistent_positive_sales_positive_cogs,explicit_single_unit,informational_family_variant,high,65.21176470588236,1,1,REVENUE_REDUCTION,"Validate discount/refund authorization, business purpose and policy compliance.",450
175,191,4.Bakery,160 Brazilian Coconut Cake,2362.5,2334.36,28.139999999999873,972.39,1361.97,58.34447128977536,validated_consistent_positive_sales_positive_cogs,presentation_not_explicit,no_catalog_finding,high,65.16470588235295,1,1,REVENUE_REDUCTION,"Validate discount/refund authorization, business purpose and policy compliance.",451
1417,1433,1.07 Condiments & Spices,Pampas Salt Templado para Churrasco  500g,26.94,13.5,13.440000000000001,15.6,-2.1,-15.555555555555555,validated_consistent_positive_sales_positive_cogs,weight_based,no_catalog_finding,high,65.16129032258064,2,2,NEGATIVE_MARGIN | REVENUE_REDUCTION,"Validate discount/refund authorization, business purpose and policy compliance. | Validate selling price, unit cost, discount policy and transaction detail.",452
206,222,4.Bakery,160 LM Passionfruit Cheesecake Unit,1295.34,1267.24,28.09999999999991,867.16,400.08,31.57097313847416,validated_consistent_positive_sales_positive_cogs,explicit_single_unit,no_catalog_finding,high,65.11764705882354,1,1,REVENUE_REDUCTION,"Validate discount/refund authorization, business purpose and policy compliance.",453
115,131,2. Restaurant,Delivery fee,90.0,90.0,0.0,0.0,90.0,,positive_sales_with_zero_cogs,presentation_not_explicit,actionable_review_candidate,high,65.11494252873564,2,2,CATALOG_ACTIONABLE | ZERO_COGS,"Confirm recipes, purchase cost or item cost mapping; zero COGS is not accepted as validated margin. | Validate SKU/UPC, presentation, duplicate status and pack-size configuration before any merge.",454
14,30,2. Restaurant,Taco Kit,14032.36,14004.36,28.0,5252.52,8751.84,62.49368053948913,validated_consistent_positive_sales_positive_cogs,presentation_not_explicit,no_catalog_finding,high,65.04705882352941,1,1,REVENUE_REDUCTION,"Validate discount/refund authorization, business purpose and policy compliance.",455
82,98,2. Restaurant,Croquettes Sweet plantain & Cheese 15 pack,607.68,579.68,28.0,430.08,149.6,25.80734198178305,validated_consistent_positive_sales_positive_cogs,explicit_multipack,no_catalog_finding,high,65.04705882352941,1,1,REVENUE_REDUCTION,"Validate discount/refund authorization, business purpose and policy compliance.",456
1166,1182,1.23 Sauces,Salsa Zaaschila Chipotle Cremosa 265gr .,469.06,469.06,0.0,268.84,200.22,42.68537074148296,validated_consistent_positive_sales_positive_cogs,weight_based,actionable_review_candidate,high,65.0,1,1,CATALOG_ACTIONABLE,"Validate SKU/UPC, presentation, duplicate status and pack-size configuration before any merge.",457
1991,2007,Uncategorized,Manual Transaction,0.0,-2.49,2.49,,,,non_positive_net_sales,presentation_not_explicit,adjustment_record,high,65.0,2,2,MANUAL_NEGATIVE_ADJUSTMENT | REVENUE_REDUCTION,"Trace the manual transaction to user, date, reason, approval and original sale. | Validate discount/refund authorization, business purpose and policy compliance.",458
265,281,4.Bakery,160 Passion Fruit Custard Cannoli,62.25,62.0,0.25,,,,positive_sales_without_complete_profitability,presentation_not_explicit,no_catalog_finding,medium,64.95475113122171,2,2,MISSING_PROFITABILITY | REVENUE_REDUCTION,"Load and validate COGS and Gross Profit; do not estimate loss until source cost is confirmed. | Validate discount/refund authorization, business purpose and policy compliance.",459
1132,1148,1.23 Sauces,Incas Food Aji Amarillo 15.7oz,1916.63,1888.65,27.980000000000018,1175.85,712.8,37.74124374553252,validated_consistent_positive_sales_positive_cogs,weight_based,no_catalog_finding,medium,64.92941176470589,1,1,REVENUE_REDUCTION,"Validate discount/refund authorization, business purpose and policy compliance.",460
1571,1587,1.13 Flours,Maseca Regular - 4 LB,2769.25,2741.42,27.829999999999927,1782.73,958.69,34.97056270108192,validated_consistent_positive_sales_positive_cogs,weight_based,no_catalog_finding,medium,64.88235294117646,1,1,REVENUE_REDUCTION,"Validate discount/refund authorization, business purpose and policy compliance.",461
1803,1819,1.28 Grains,Prato Fino Arroz 10 lb,59.98,59.98,0.0,,,,positive_sales_without_complete_profitability,weight_based,no_catalog_finding,medium,64.77375565610859,1,1,MISSING_PROFITABILITY,Load and validate COGS and Gross Profit; do not estimate loss until source cost is confirmed.,462
220,236,4.Bakery,160 Argentine Nutella & Brownie Empanada,693.61,665.95,27.659999999999968,502.5,163.45,24.543884676026725,validated_consistent_positive_sales_positive_cogs,presentation_not_explicit,no_catalog_finding,medium,64.74117647058824,1,1,REVENUE_REDUCTION,"Validate discount/refund authorization, business purpose and policy compliance.",463
260,276,4.Bakery,Extra Fruta,80.0,80.0,0.0,0.0,80.0,,positive_sales_with_zero_cogs,presentation_not_explicit,no_catalog_finding,medium,64.65517241379311,1,1,ZERO_COGS,"Confirm recipes, purchase cost or item cost mapping; zero COGS is not accepted as validated margin.",464
539,555,1.03 Beverages,White Claw Zero - Assorted - 355 ML,176.25,148.83,27.419999999999987,78.02,70.81,47.577773298394135,validated_consistent_positive_sales_positive_cogs,volume_based,no_catalog_finding,medium,64.64705882352942,1,1,REVENUE_REDUCTION,"Validate discount/refund authorization, business purpose and policy compliance.",465
684,700,1.25 Sweets & Candies,Terrabussi Alfajor Glaseado - 228 Gr Pack,449.82,449.82,0.0,323.1,126.72,28.171268507402964,validated_consistent_positive_sales_positive_cogs,pack_or_case_count_unresolved,actionable_review_candidate,medium,64.62962962962963,1,1,CATALOG_ACTIONABLE,"Validate SKU/UPC, presentation, duplicate status and pack-size configuration before any merge.",466
51,67,2. Restaurant,Tamal Mexicano - Pollo En Salsa Verde,2515.5,2488.84,26.659999999999854,750.78,1738.06,69.8341395991707,validated_consistent_positive_sales_positive_cogs,presentation_not_explicit,no_catalog_finding,medium,64.6,1,1,REVENUE_REDUCTION,"Validate discount/refund authorization, business purpose and policy compliance.",467
118,134,2. Restaurant,Empanada Coctelera X15 Esp,59.94,59.94,0.0,,,,positive_sales_without_complete_profitability,explicit_multipack,no_catalog_finding,medium,64.59276018099547,1,1,MISSING_PROFITABILITY,Load and validate COGS and Gross Profit; do not estimate loss until source cost is confirmed.,468
1134,1150,1.23 Sauces,Dona Maria Mole Rojo 8.25 oz,1807.9,1781.65,26.25,1143.41,638.24,35.82297308674543,validated_consistent_positive_sales_positive_cogs,weight_based,no_catalog_finding,medium,64.55294117647058,1,1,REVENUE_REDUCTION,"Validate discount/refund authorization, business purpose and policy compliance.",469
459,475,1.03 Beverages,Jarritos Grapefruit  12.5oz UNIT,577.68,551.72,25.959999999999923,357.28,194.44,35.24251431885739,validated_consistent_positive_sales_positive_cogs,explicit_single_unit,no_catalog_finding,medium,64.45882352941176,1,1,REVENUE_REDUCTION,"Validate discount/refund authorization, business purpose and policy compliance.",470
672,688,1.25 Sweets & Candies,Marinela Gansitos - 50 Gr UNIT,514.44,512.73,1.7100000000000364,208.98,301.51,,positive_sales_with_configuration_anomaly,explicit_single_unit,informational_family_variant,medium,64.44444444444444,2,2,PROFIT_CONFIGURATION_ANOMALY | REVENUE_REDUCTION,"Reconcile item COGS, reported Gross Profit and POS configuration against source transactions. | Validate discount/refund authorization, business purpose and policy compliance.",471
1912,1928,1.08 Brines,YaEsta! Huitlacoche 908g,98.45,72.84,25.61,67.5,5.34,7.331136738056013,validated_consistent_positive_sales_positive_cogs,weight_based,no_catalog_finding,medium,64.41176470588235,2,2,LOW_MARGIN | REVENUE_REDUCTION,"Review price-cost relationship and whether discounts compressed the observed margin. | Validate discount/refund authorization, business purpose and policy compliance.",472
815,831,1.25 Sweets & Candies,Las Negras Torta Negra Envinada 1500 g Unit 100g,59.8,58.82,0.9799999999999969,,,,positive_sales_without_complete_profitability,explicit_single_unit,actionable_review_candidate,medium,64.41176470588235,3,3,CATALOG_ACTIONABLE | MISSING_PROFITABILITY | REVENUE_REDUCTION,"Load and validate COGS and Gross Profit; do not estimate loss until source cost is confirmed. | Validate SKU/UPC, presentation, duplicate status and pack-size configuration before any merge. | Validate discount/refund authorization, business purpose and policy compliance.",473
150,166,4.Bakery,160 Almojabana,9927.0,9901.79,25.209999999999127,4866.19,5035.6,50.85545138808235,validated_consistent_positive_sales_positive_cogs,presentation_not_explicit,no_catalog_finding,medium,64.31764705882352,1,1,REVENUE_REDUCTION,"Validate discount/refund authorization, business purpose and policy compliance.",474
818,834,1.25 Sweets & Candies,De La Rosa Pulparindots Original unit,58.41,58.31,0.09999999999999432,,,,positive_sales_without_complete_profitability,explicit_single_unit,actionable_review_candidate,medium,64.23076923076923,3,3,CATALOG_ACTIONABLE | MISSING_PROFITABILITY | REVENUE_REDUCTION,"Load and validate COGS and Gross Profit; do not estimate loss until source cost is confirmed. | Validate SKU/UPC, presentation, duplicate status and pack-size configuration before any merge. | Validate discount/refund authorization, business purpose and policy compliance.",475
197,213,4.Bakery,160 Passionfruit Mousse,1497.0,1472.26,24.74000000000001,620.16,852.1,57.87700542023827,validated_consistent_positive_sales_positive_cogs,presentation_not_explicit,no_catalog_finding,medium,64.2235294117647,1,1,REVENUE_REDUCTION,"Validate discount/refund authorization, business purpose and policy compliance.",476
808,824,1.25 Sweets & Candies,Lucas Muecas Cherry  25g X unit,66.75,66.75,0.0,0.0,66.75,,positive_sales_with_zero_cogs,explicit_single_unit,no_catalog_finding,medium,64.19540229885058,1,1,ZERO_COGS,"Confirm recipes, purchase cost or item cost mapping; zero COGS is not accepted as validated margin.",477
512,528,1.03 Beverages,Electrolit Suero Hidratante Mora Azul,230.98,206.25,24.72999999999999,120.48,85.77,41.58545454545454,validated_consistent_positive_sales_positive_cogs,presentation_not_explicit,no_catalog_finding,medium,64.17647058823529,1,1,REVENUE_REDUCTION,"Validate discount/refund authorization, business purpose and policy compliance.",478
919,935,1.05 Chips & Snacks,Romero Tostadas Caseras 22ct,2869.62,2845.41,24.210000000000036,1795.56,1049.85,36.89626451021118,validated_consistent_positive_sales_positive_cogs,presentation_not_explicit,no_catalog_finding,medium,64.12941176470588,1,1,REVENUE_REDUCTION,"Validate discount/refund authorization, business purpose and policy compliance.",479
1263,1279,"1.06 Coffee, Cocoa, Panela, Butter",Chocolate Corona Con Clavos y Canela 450g,4064.61,4040.63,23.980000000000018,2207.84,1832.79,45.35901579704154,validated_consistent_positive_sales_positive_cogs,weight_based,no_catalog_finding,medium,64.08235294117647,1,1,REVENUE_REDUCTION,"Validate discount/refund authorization, business purpose and policy compliance.",480
581,597,1.03 Beverages,Jarritos Mandarina 12.5oz X24,56.99,56.99,0.0,,,,positive_sales_without_complete_profitability,explicit_multipack,informational_family_variant,medium,64.0497737556561,1,1,MISSING_PROFITABILITY,Load and validate COGS and Gross Profit; do not estimate loss until source cost is confirmed.,481
526,542,1.03 Beverages,Topo Chico Raspberry Lemon - Can - 12 oz Unit,206.31,182.33,23.97999999999999,127.65,54.68,29.98957933417429,validated_consistent_positive_sales_positive_cogs,explicit_single_unit,informational_family_variant,medium,64.03529411764706,1,1,REVENUE_REDUCTION,"Validate discount/refund authorization, business purpose and policy compliance.",482
432,448,1.03 Beverages,Jarritos Pina 12.5oz UNIT,978.57,954.6,23.970000000000027,605.22,349.38,36.59962287869264,validated_consistent_positive_sales_positive_cogs,explicit_single_unit,informational_family_variant,medium,63.98823529411764,1,1,REVENUE_REDUCTION,"Validate discount/refund authorization, business purpose and policy compliance.",483
682,698,1.25 Sweets & Candies,Del Valle Cocadas 12/138 g,479.75,456.36,23.389999999999986,302.88,153.48,33.63134367604522,validated_consistent_positive_sales_positive_cogs,explicit_multipack,no_catalog_finding,medium,63.94117647058823,1,1,REVENUE_REDUCTION,"Validate discount/refund authorization, business purpose and policy compliance.",484
353,369,1.12 Frozen Products,Goya Platanos Maduros Frozen 11oz,415.48,415.48,0.0,264.68,150.8,36.2953692115144,validated_consistent_positive_sales_positive_cogs,weight_based,actionable_review_candidate,medium,63.888888888888886,1,1,CATALOG_ACTIONABLE,"Validate SKU/UPC, presentation, duplicate status and pack-size configuration before any merge.",485
1843,1859,1.02 Beans,Herdez Refried Black Beans 454g,11.18,5.58,5.6,7.28,-1.7,-30.46594982078853,validated_consistent_positive_sales_positive_cogs,weight_based,no_catalog_finding,medium,63.87096774193549,2,2,NEGATIVE_MARGIN | REVENUE_REDUCTION,"Validate discount/refund authorization, business purpose and policy compliance. | Validate selling price, unit cost, discount policy and transaction detail.",486
1984,2000,Uncategorized,Delivery Fee,55.0,55.0,0.0,,,,positive_sales_without_complete_profitability,presentation_not_explicit,no_catalog_finding,medium,63.86877828054298,1,1,MISSING_PROFITABILITY,Load and validate COGS and Gross Profit; do not estimate loss until source cost is confirmed.,487
337,353,1.12 Frozen Products,Signo de Oro Tapas Hojaldre 600g,693.74,670.59,23.149999999999977,450.75,219.84,32.78307162349572,validated_consistent_positive_sales_positive_cogs,weight_based,no_catalog_finding,medium,63.84705882352941,1,1,REVENUE_REDUCTION,"Validate discount/refund authorization, business purpose and policy compliance.",488
468,484,1.03 Beverages,Postobon Bretana Soda Bottle - 14 Oz,496.34,473.27,23.069999999999993,304.69,168.58,35.620259048745964,validated_consistent_positive_sales_positive_cogs,volume_based,no_catalog_finding,medium,63.8,1,1,REVENUE_REDUCTION,"Validate discount/refund authorization, business purpose and policy compliance.",489
264,280,4.Bakery,Tres Leches San Valentin Pequeno,62.93,62.93,0.0,0.0,62.93,,positive_sales_with_zero_cogs,presentation_not_explicit,no_catalog_finding,medium,63.735632183908045,1,1,ZERO_COGS,"Confirm recipes, purchase cost or item cost mapping; zero COGS is not accepted as validated margin.",490
68,84,2. Restaurant,Breakfast Bowl,1154.23,1131.73,22.5,287.21,844.52,74.62203882551492,validated_consistent_positive_sales_positive_cogs,presentation_not_explicit,no_catalog_finding,medium,63.705882352941174,1,1,REVENUE_REDUCTION,"Validate discount/refund authorization, business purpose and policy compliance.",491
822,838,1.25 Sweets & Candies,Las Negras Torta de Café 1350 g unit 90g,56.81,54.85,1.9600000000000009,,,,positive_sales_without_complete_profitability,explicit_single_unit,actionable_review_candidate,medium,63.68778280542986,3,3,CATALOG_ACTIONABLE | MISSING_PROFITABILITY | REVENUE_REDUCTION,"Load and validate COGS and Gross Profit; do not estimate loss until source cost is confirmed. | Validate SKU/UPC, presentation, duplicate status and pack-size configuration before any merge. | Validate discount/refund authorization, business purpose and policy compliance.",492
116,132,2. Restaurant,Huevos Pericos con Arepa,104.93,82.44,22.49000000000001,49.0,33.44,40.56283357593401,validated_consistent_positive_sales_positive_cogs,presentation_not_explicit,no_catalog_finding,medium,63.65882352941176,1,1,REVENUE_REDUCTION,"Validate discount/refund authorization, business purpose and policy compliance.",493
924,940,1.05 Chips & Snacks,Achiras del Huila 120gr,2152.74,2130.6,22.139999999999873,1335.75,794.85,37.30639256547452,validated_consistent_positive_sales_positive_cogs,weight_based,informational_family_variant,medium,63.61176470588235,1,1,REVENUE_REDUCTION,"Validate discount/refund authorization, business purpose and policy compliance.",494
635,651,1.25 Sweets & Candies,De La Rosa Mazapan Gigante 1000 g UNIT,1096.46,1074.47,21.99000000000001,416.21,658.26,61.26369279737917,validated_consistent_positive_sales_positive_cogs,explicit_single_unit,informational_family_variant,medium,63.56470588235294,1,1,REVENUE_REDUCTION,"Validate discount/refund authorization, business purpose and policy compliance.",495
78,94,2. Restaurant,Yuca Frita - Cassava Fries,734.16,712.21,21.949999999999932,193.2,519.01,72.87316943036464,validated_consistent_positive_sales_positive_cogs,presentation_not_explicit,no_catalog_finding,medium,63.51764705882353,1,1,REVENUE_REDUCTION,"Validate discount/refund authorization, business purpose and policy compliance.",496
1037,1053,1.05 Chips & Snacks,Diana Corn Sticks-Palitos,54.6,54.6,0.0,,,,positive_sales_without_complete_profitability,presentation_not_explicit,no_catalog_finding,medium,63.50678733031674,1,1,MISSING_PROFITABILITY,Load and validate COGS and Gross Profit; do not estimate loss until source cost is confirmed.,497
479,495,1.03 Beverages,Topo Chico Passionfruit Can - 12 Oz UNIT,427.57,405.7,21.870000000000005,304.59,101.11,24.922356421000742,validated_consistent_positive_sales_positive_cogs,explicit_single_unit,informational_family_variant,medium,63.470588235294116,1,1,REVENUE_REDUCTION,"Validate discount/refund authorization, business purpose and policy compliance.",498
1148,1164,1.23 Sauces,Sibarita Amarillin 550 Gr,832.56,811.12,21.43999999999994,545.65,265.47,32.72881941019825,validated_consistent_positive_sales_positive_cogs,weight_based,informational_family_variant,medium,63.423529411764704,1,1,REVENUE_REDUCTION,"Validate discount/refund authorization, business purpose and policy compliance.",499
161,177,4.Bakery,160 Empanada Criolla Carne,4147.2,4125.85,21.349999999999454,2221.65,1904.2,46.15291394500527,validated_consistent_positive_sales_positive_cogs,presentation_not_explicit,no_catalog_finding,medium,63.37647058823529,1,1,REVENUE_REDUCTION,"Validate discount/refund authorization, business purpose and policy compliance.",500
1093,1109,1.26 Tortillas,Don Pancho White Corn Tortilla 7''/46 ct / 1.83 Kg,111.92,90.92,21.0,75.12,15.8,17.377914650241973,validated_consistent_positive_sales_positive_cogs,weight_based,no_catalog_finding,medium,63.32941176470588,2,2,LOW_MARGIN | REVENUE_REDUCTION,"Review price-cost relationship and whether discounts compressed the observed margin. | Validate discount/refund authorization, business purpose and policy compliance.",501
827,843,1.25 Sweets & Candies,De la Rosa pulparindo Mango 10 Oz / 280g Unit,51.94,51.94,0.0,,,,positive_sales_without_complete_profitability,explicit_single_unit,actionable_review_candidate,medium,63.32579185520362,2,2,CATALOG_ACTIONABLE | MISSING_PROFITABILITY,"Load and validate COGS and Gross Profit; do not estimate loss until source cost is confirmed. | Validate SKU/UPC, presentation, duplicate status and pack-size configuration before any merge.",502
2030,2046,Bakery Frozen Products,FB Cheese & Guava Tequenos 9 Pack,527.66,506.67,20.989999999999952,341.0,165.67,32.69781119861053,validated_consistent_positive_sales_positive_cogs,explicit_multipack,no_catalog_finding,medium,63.28235294117647,1,1,REVENUE_REDUCTION,"Validate discount/refund authorization, business purpose and policy compliance.",503
117,133,2. Restaurant,Delivery Fee,60.0,60.0,0.0,0.0,60.0,,positive_sales_with_zero_cogs,presentation_not_explicit,actionable_review_candidate,medium,63.275862068965516,2,2,CATALOG_ACTIONABLE | ZERO_COGS,"Confirm recipes, purchase cost or item cost mapping; zero COGS is not accepted as validated margin. | Validate SKU/UPC, presentation, duplicate status and pack-size configuration before any merge.",504
230,246,4.Bakery,160 Alfajor 4 Pack,409.59,408.59,1.0,164.0,244.59,59.8619643163073,validated_consistent_positive_sales_positive_cogs,explicit_multipack,actionable_review_candidate,medium,63.14814814814815,2,2,CATALOG_ACTIONABLE | REVENUE_REDUCTION,"Validate SKU/UPC, presentation, duplicate status and pack-size configuration before any merge. | Validate discount/refund authorization, business purpose and policy compliance.",505
828,844,1.25 Sweets & Candies,Terrabussi Alfajor Glaseado - 228 Gr X6,49.98,49.98,0.0,,,,positive_sales_without_complete_profitability,explicit_multipack,informational_family_variant,medium,63.1447963800905,1,1,MISSING_PROFITABILITY,Load and validate COGS and Gross Profit; do not estimate loss until source cost is confirmed.,506
1602,1618,1.13 Flours,Sinha Farofa Pronta Bacon / Toasted Cassava Flour Tocin Flavor 250g,162.0,141.67,20.330000000000013,104.04,37.63,26.561727959342136,validated_consistent_positive_sales_positive_cogs,weight_based,no_catalog_finding,medium,63.141176470588235,1,1,REVENUE_REDUCTION,"Validate discount/refund authorization, business purpose and policy compliance.",507
915,931,1.05 Chips & Snacks,Fresh Bocado Tortilla Chips 400 gr,7856.76,7836.45,20.3100000000004,3874.35,3962.1,50.55988362077216,validated_consistent_positive_sales_positive_cogs,weight_based,no_catalog_finding,medium,63.09411764705882,1,1,REVENUE_REDUCTION,"Validate discount/refund authorization, business purpose and policy compliance.",508
1712,1728,1.14 Herbal Teas,Rosamonte Yerba Mate 1 kg,1677.45,1657.2,20.25,899.55,757.65,45.718682114409845,validated_consistent_positive_sales_positive_cogs,weight_based,informational_family_variant,medium,63.04705882352941,1,1,REVENUE_REDUCTION,"Validate discount/refund authorization, business purpose and policy compliance.",509
1273,1289,"1.06 Coffee, Cocoa, Panela, Butter",Juan Valdez Ground Volcan12oz,1563.32,1543.32,20.0,1008.44,534.88,34.65775082290128,validated_consistent_positive_sales_positive_cogs,weight_based,no_catalog_finding,medium,63.0,1,1,REVENUE_REDUCTION,"Validate discount/refund authorization, business purpose and policy compliance.",510
833,849,1.25 Sweets & Candies,Nestle Savoy Samba Fresa X20,45.99,45.99,0.0,,,,positive_sales_without_complete_profitability,explicit_multipack,informational_family_variant,medium,62.963800904977376,1,1,MISSING_PROFITABILITY,Load and validate COGS and Gross Profit; do not estimate loss until source cost is confirmed.,511
1614,1630,1.13 Flours,Maseca Nixta Masa 20 KG,79.99,59.99,19.999999999999993,47.52,12.47,20.78679779963328,validated_consistent_positive_sales_positive_cogs,weight_based,no_catalog_finding,medium,62.95294117647059,2,2,LOW_MARGIN | REVENUE_REDUCTION,"Review price-cost relationship and whether discounts compressed the observed margin. | Validate discount/refund authorization, business purpose and policy compliance.",512
1762,1778,1.28 Grains,Bunge Yellow Corn Grits Trillado 50 LB,474.0,454.25,19.75,297.42,156.83,34.525041276829946,validated_consistent_positive_sales_positive_cogs,weight_based,informational_family_variant,medium,62.858823529411765,1,1,REVENUE_REDUCTION,"Validate discount/refund authorization, business purpose and policy compliance.",513
826,842,1.25 Sweets & Candies,Lucas Muecas Chamoy 25g X unit,52.51,52.42,0.0899999999999963,0.0,52.42,,positive_sales_with_zero_cogs,explicit_single_unit,no_catalog_finding,medium,62.81609195402299,2,2,REVENUE_REDUCTION | ZERO_COGS,"Confirm recipes, purchase cost or item cost mapping; zero COGS is not accepted as validated margin. | Validate discount/refund authorization, business purpose and policy compliance.",514
835,851,1.25 Sweets & Candies,Reserva Minas Doce Cidra Ralada  640g,64.95,45.45,19.5,43.7,1.75,3.85038503850385,validated_consistent_positive_sales_positive_cogs,weight_based,no_catalog_finding,medium,62.811764705882354,2,2,LOW_MARGIN | REVENUE_REDUCTION,"Review price-cost relationship and whether discounts compressed the observed margin. | Validate discount/refund authorization, business purpose and policy compliance.",515
119,135,2. Restaurant,Canada Dry Can 355ml,47.5,45.0,2.5,,,,positive_sales_without_complete_profitability,volume_based,no_catalog_finding,medium,62.782805429864254,2,2,MISSING_PROFITABILITY | REVENUE_REDUCTION,"Load and validate COGS and Gross Profit; do not estimate loss until source cost is confirmed. | Validate discount/refund authorization, business purpose and policy compliance.",516
708,724,1.25 Sweets & Candies,Nestle Toronto Box 324g UNIT,340.29,340.29,0.0,239.4,100.89,29.64824120603015,validated_consistent_positive_sales_positive_cogs,pack_or_case_count_unresolved,actionable_review_candidate,medium,62.77777777777778,1,1,CATALOG_ACTIONABLE,"Validate SKU/UPC, presentation, duplicate status and pack-size configuration before any merge.",517
2045,2061,1.01 Aceites,La Espanola Pure Avocado Oil - 16.9 Oz- 500 ML - Glass,155.92,136.43,19.48999999999998,87.43,49.0,35.91585428424833,validated_consistent_positive_sales_positive_cogs,volume_based,no_catalog_finding,medium,62.76470588235294,1,1,REVENUE_REDUCTION,"Validate discount/refund authorization, business purpose and policy compliance.",518
1265,1281,"1.06 Coffee, Cocoa, Panela, Butter",Nestle Abuelita Choc 19oz,3418.2,3399.21,18.98999999999978,2246.45,1152.76,33.91258557135334,validated_consistent_positive_sales_positive_cogs,weight_based,no_catalog_finding,medium,62.71764705882353,1,1,REVENUE_REDUCTION,"Validate discount/refund authorization, business purpose and policy compliance.",519
1059,1075,1.26 Tortillas,Romero White Corn Tortilla 6'' 70ct 58oz,10859.92,10841.03,18.889999999999418,5858.8,4982.23,45.95716458675974,validated_consistent_positive_sales_positive_cogs,weight_based,no_catalog_finding,medium,62.67058823529412,1,1,REVENUE_REDUCTION,"Validate discount/refund authorization, business purpose and policy compliance.",520
87,103,2. Restaurant,Chips & Salsa,467.64,448.76,18.879999999999995,194.6,254.16,56.63606382030484,validated_consistent_positive_sales_positive_cogs,presentation_not_explicit,no_catalog_finding,medium,62.62352941176471,1,1,REVENUE_REDUCTION,"Validate discount/refund authorization, business purpose and policy compliance.",521
837,853,1.25 Sweets & Candies,Aldor Pin Pop Maracuya Unit,44.84,44.6,0.240000000000002,,,,positive_sales_without_complete_profitability,explicit_single_unit,no_catalog_finding,medium,62.60180995475113,2,2,MISSING_PROFITABILITY | REVENUE_REDUCTION,"Load and validate COGS and Gross Profit; do not estimate loss until source cost is confirmed. | Validate discount/refund authorization, business purpose and policy compliance.",522
285,301,4.Bakery,Mini Alfajor de Maizena Coco y Caramelo  175 gr,9.99,8.99,1.0,9.89,-0.9,-10.011123470522804,validated_consistent_positive_sales_positive_cogs,weight_based,no_catalog_finding,medium,62.58064516129032,2,2,NEGATIVE_MARGIN | REVENUE_REDUCTION,"Validate discount/refund authorization, business purpose and policy compliance. | Validate selling price, unit cost, discount policy and transaction detail.",523
45,61,2. Restaurant,Fresh Bocado Empanada Coctelera Queso 15pack,3228.1,3209.41,18.690000000000055,1653.75,1555.66,48.47183750284321,validated_consistent_positive_sales_positive_cogs,explicit_multipack,no_catalog_finding,medium,62.576470588235296,1,1,REVENUE_REDUCTION,"Validate discount/refund authorization, business purpose and policy compliance.",524
920,936,1.05 Chips & Snacks,Mayte Maduritos 3.2oz,2788.8,2770.36,18.440000000000055,1655.13,1115.23,40.25577903232793,validated_consistent_positive_sales_positive_cogs,weight_based,no_catalog_finding,medium,62.529411764705884,1,1,REVENUE_REDUCTION,"Validate discount/refund authorization, business purpose and policy compliance.",525
1990,2006,Uncategorized,Manual Transaction,0.0,-2.2,2.2,,,,non_positive_net_sales,presentation_not_explicit,adjustment_record,medium,62.5,2,2,MANUAL_NEGATIVE_ADJUSTMENT | REVENUE_REDUCTION,"Trace the manual transaction to user, date, reason, approval and original sale. | Validate discount/refund authorization, business purpose and policy compliance.",526
1477,1493,1.04 Can Products,La Costena Fruit Cocktail 28.9oz,89.9,71.9,18.0,44.0,27.9,38.8038942976356,validated_consistent_positive_sales_positive_cogs,volume_based,no_catalog_finding,medium,62.48235294117647,1,1,REVENUE_REDUCTION,"Validate discount/refund authorization, business purpose and policy compliance.",527
73,89,2. Restaurant,Tostada,854.05,836.06,17.99000000000001,474.05,362.01,43.299523957610695,validated_consistent_positive_sales_positive_cogs,presentation_not_explicit,no_catalog_finding,medium,62.43529411764706,1,1,REVENUE_REDUCTION,"Validate discount/refund authorization, business purpose and policy compliance.",528
838,854,1.25 Sweets & Candies,Pelon Pelo Rico 28 g / 1 oz unit,44.55,44.55,0.0,,,,positive_sales_without_complete_profitability,explicit_single_unit,informational_family_variant,medium,62.42081447963801,1,1,MISSING_PROFITABILITY,Load and validate COGS and Gross Profit; do not estimate loss until source cost is confirmed.,529
1061,1077,1.26 Tortillas,Maxi Foods Yellow corn Tortilla 5.5'' 1Kg,5014.98,4996.99,17.98999999999978,3463.8,1533.19,30.682270726977645,validated_consistent_positive_sales_positive_cogs,weight_based,no_catalog_finding,medium,62.364705882352936,1,1,REVENUE_REDUCTION,"Validate discount/refund authorization, business purpose and policy compliance.",530
1531,1547,3.Coffee160,160 Artisan Brewed Coffee 12oz,51.87,51.87,0.0,0.0,51.87,,positive_sales_with_zero_cogs,volume_based,informational_family_variant,medium,62.35632183908046,1,1,ZERO_COGS,"Confirm recipes, purchase cost or item cost mapping; zero COGS is not accepted as validated margin.",531
247,263,4.Bakery,Beso de Angel - Slice,167.79,149.81,17.97999999999999,84.0,65.81,43.92897670382485,validated_consistent_positive_sales_positive_cogs,presentation_not_explicit,no_catalog_finding,medium,62.294117647058826,1,1,REVENUE_REDUCTION,"Validate discount/refund authorization, business purpose and policy compliance.",532
154,170,4.Bakery,160 Galleta Gourmet Churro,6259.5,6241.8,17.699999999999818,4173.0,2068.8,33.14428530231664,validated_consistent_positive_sales_positive_cogs,presentation_not_explicit,no_catalog_finding,medium,62.247058823529414,1,1,REVENUE_REDUCTION,"Validate discount/refund authorization, business purpose and policy compliance.",533
1411,1427,1.07 Condiments & Spices,Achiote Polvo 150 Gr,43.89,43.89,0.0,,,,positive_sales_without_complete_profitability,weight_based,no_catalog_finding,medium,62.23981900452489,1,1,MISSING_PROFITABILITY,Load and validate COGS and Gross Profit; do not estimate loss until source cost is confirmed.,534
238,254,4.Bakery,160 LM Berry Cheesecake,299.29,281.69,17.600000000000023,231.46,50.23,17.831658915829458,validated_consistent_positive_sales_positive_cogs,presentation_not_explicit,no_catalog_finding,medium,62.2,2,2,LOW_MARGIN | REVENUE_REDUCTION,"Review price-cost relationship and whether discounts compressed the observed margin. | Validate discount/refund authorization, business purpose and policy compliance.",535
1675,1691,1.09 Cookies & Crackers,Delicias de la Nona Pepas Batata 180 gr,110.93,93.43,17.5,59.37,34.06,36.455100074922406,validated_consistent_positive_sales_positive_cogs,weight_based,no_catalog_finding,medium,62.15294117647059,1,1,REVENUE_REDUCTION,"Validate discount/refund authorization, business purpose and policy compliance.",536
1549,1565,1.22 Refrigerated,The Real Mexican Carne al Pastor 500g,4145.56,4128.56,17.0,2830.4,1298.16,31.44340883988606,validated_consistent_positive_sales_positive_cogs,weight_based,no_catalog_finding,medium,62.10588235294118,1,1,REVENUE_REDUCTION,"Validate discount/refund authorization, business purpose and policy compliance.",537
1143,1159,1.23 Sauces,Inca's Food Aji Amarillo Paste Especial Sin Picante 15 oz,951.44,934.45,16.99000000000001,585.2,349.25,37.37492642731018,validated_consistent_positive_sales_positive_cogs,weight_based,informational_family_variant,medium,62.05882352941177,1,1,REVENUE_REDUCTION,"Validate discount/refund authorization, business purpose and policy compliance.",538
274,290,4.Bakery,160 Tarta de coco y dulce de leche unidad,49.9,43.65,6.25,,,,positive_sales_without_complete_profitability,explicit_single_unit,no_catalog_finding,medium,62.05882352941177,2,2,MISSING_PROFITABILITY | REVENUE_REDUCTION,"Load and validate COGS and Gross Profit; do not estimate loss until source cost is confirmed. | Validate discount/refund authorization, business purpose and policy compliance.",539
1182,1198,1.23 Sauces,"Salsa Zaaschila Chipotle Cremosa 265gr ,",314.37,314.37,0.0,188.37,126.0,40.08016032064128,validated_consistent_positive_sales_positive_cogs,weight_based,actionable_review_candidate,medium,62.03703703703704,1,1,CATALOG_ACTIONABLE,"Validate SKU/UPC, presentation, duplicate status and pack-size configuration before any merge.",540
310,326,1.12 Frozen Products,Caribe Yuca Sliced - 4 LB,2154.46,2137.67,16.789999999999964,1406.07,731.6,34.22417866181403,validated_consistent_positive_sales_positive_cogs,weight_based,no_catalog_finding,medium,62.01176470588236,1,1,REVENUE_REDUCTION,"Validate discount/refund authorization, business purpose and policy compliance.",541
831,847,1.25 Sweets & Candies,Lucas Polvos Mango 200 g x unit,49.5,49.5,0.0,0.0,49.5,,positive_sales_with_zero_cogs,explicit_single_unit,no_catalog_finding,medium,61.89655172413793,1,1,ZERO_COGS,"Confirm recipes, purchase cost or item cost mapping; zero COGS is not accepted as validated margin.",542
844,860,1.25 Sweets & Candies,Aldor Pin Pop Mango 15 / 24ct / 408gr / 14.39oz unit,38.94,38.88,0.05999999999999517,,,,positive_sales_without_complete_profitability,explicit_single_unit,no_catalog_finding,medium,61.87782805429865,2,2,MISSING_PROFITABILITY | REVENUE_REDUCTION,"Load and validate COGS and Gross Profit; do not estimate loss until source cost is confirmed. | Validate discount/refund authorization, business purpose and policy compliance.",543
1548,1564,1.22 Refrigerated,The Real Mexican Chorizo 500g,7060.29,7043.79,16.5,4710.0,2333.79,33.13258913170324,validated_consistent_positive_sales_positive_cogs,weight_based,informational_family_variant,medium,61.87058823529412,1,1,REVENUE_REDUCTION,"Validate discount/refund authorization, business purpose and policy compliance.",544
1935,1951,1.15 Instant Powder,JGB Kola Granulada Fresa 11.6 oz,517.72,501.22,16.5,336.28,164.94,32.907705199313675,validated_consistent_positive_sales_positive_cogs,volume_based,no_catalog_finding,medium,61.87058823529412,1,1,REVENUE_REDUCTION,"Validate discount/refund authorization, business purpose and policy compliance.",545
983,999,1.05 Chips & Snacks,Sabritas Tostitos sabor a salsa Verde 57 g,337.74,321.69,16.05000000000001,220.48,101.21,31.461966489477444,validated_consistent_positive_sales_positive_cogs,weight_based,no_catalog_finding,medium,61.7764705882353,1,1,REVENUE_REDUCTION,"Validate discount/refund authorization, business purpose and policy compliance.",546
763,779,1.25 Sweets & Candies,Del Valle Manjar Blanco  250 g,144.34,128.34,16.0,90.7,37.64,29.32834657939848,validated_consistent_positive_sales_positive_cogs,weight_based,no_catalog_finding,medium,61.72941176470589,1,1,REVENUE_REDUCTION,"Validate discount/refund authorization, business purpose and policy compliance.",547
1413,1429,1.07 Condiments & Spices,El Yucateco Achiote Pasta 100g,35.88,35.88,0.0,,,,positive_sales_without_complete_profitability,weight_based,no_catalog_finding,medium,61.69683257918552,1,1,MISSING_PROFITABILITY,Load and validate COGS and Gross Profit; do not estimate loss until source cost is confirmed.,548
1756,1772,1.28 Grains,Verde Valle Frijol Pinto 4lbs,671.58,655.59,15.990000000000009,463.3,192.29,29.33083176985616,validated_consistent_positive_sales_positive_cogs,weight_based,informational_family_variant,medium,61.682352941176475,1,1,REVENUE_REDUCTION,"Validate discount/refund authorization, business purpose and policy compliance.",549
1090,1106,1.26 Tortillas,Fresh Bocado White Tortilla 5.5 - 1 Kg - Gluten Free,151.81,135.83,15.97999999999999,98.6,37.23,27.40926157697121,validated_consistent_positive_sales_positive_cogs,weight_based,no_catalog_finding,medium,61.588235294117645,1,1,REVENUE_REDUCTION,"Validate discount/refund authorization, business purpose and policy compliance.",550
1825,1841,1.02 Beans,La Costena Whole Pinto Beans 19oz,430.92,414.96,15.960000000000036,267.28,147.68,35.5889724310777,validated_consistent_positive_sales_positive_cogs,weight_based,no_catalog_finding,medium,61.54117647058824,1,1,REVENUE_REDUCTION,"Validate discount/refund authorization, business purpose and policy compliance.",551
1683,1699,1.09 Cookies & Crackers,Nestle Cocosette Mini Wafer unit,34.65,34.65,0.0,,,,positive_sales_without_complete_profitability,explicit_single_unit,informational_family_variant,medium,61.515837104072396,1,1,MISSING_PROFITABILITY,Load and validate COGS and Gross Profit; do not estimate loss until source cost is confirmed.,552
240,256,4.Bakery,160 Lemon Cheesecake,239.6,224.0,15.599999999999994,80.0,144.0,64.28571428571429,validated_consistent_positive_sales_positive_cogs,presentation_not_explicit,no_catalog_finding,medium,61.49411764705882,1,1,REVENUE_REDUCTION,"Validate discount/refund authorization, business purpose and policy compliance.",553
172,188,4.Bakery,160 Guava and Cheese Tequenos 3pack,2725.45,2709.87,15.579999999999927,1359.0,1350.87,49.84999280408285,validated_consistent_positive_sales_positive_cogs,explicit_multipack,no_catalog_finding,medium,61.44705882352941,1,1,REVENUE_REDUCTION,"Validate discount/refund authorization, business purpose and policy compliance.",554
582,598,1.03 Beverages,Boing Naranja Juice 500 ml Tetra xUnit,47.84,47.84,0.0,0.0,47.84,,positive_sales_with_zero_cogs,volume_based,no_catalog_finding,medium,61.4367816091954,1,1,ZERO_COGS,"Confirm recipes, purchase cost or item cost mapping; zero COGS is not accepted as validated margin.",555
1607,1623,1.13 Flours,Pinduca Farofa Picanha/ Seasoning Corn 250 g,124.83,109.63,15.200000000000003,76.83,32.8,29.91881784183161,validated_consistent_positive_sales_positive_cogs,weight_based,no_catalog_finding,medium,61.35294117647058,1,1,REVENUE_REDUCTION,"Validate discount/refund authorization, business purpose and policy compliance.",556
847,863,1.25 Sweets & Candies,Las Negras Torta de Naranja con semillas de amapola y miel 1200 g Unit 80g,35.88,33.92,1.9600000000000009,,,,positive_sales_without_complete_profitability,explicit_single_unit,actionable_review_candidate,medium,61.334841628959275,3,3,CATALOG_ACTIONABLE | MISSING_PROFITABILITY | REVENUE_REDUCTION,"Load and validate COGS and Gross Profit; do not estimate loss until source cost is confirmed. | Validate SKU/UPC, presentation, duplicate status and pack-size configuration before any merge. | Validate discount/refund authorization, business purpose and policy compliance.",557
356,372,1.12 Frozen Products,Fresh Bocado Blackberry Pulp 10/900 gr,393.33,378.21,15.120000000000005,231.42,146.79,38.811771238201,validated_consistent_positive_sales_positive_cogs,explicit_multipack,informational_family_variant,medium,61.30588235294118,1,1,REVENUE_REDUCTION,"Validate discount/refund authorization, business purpose and policy compliance.",558
76,92,2. Restaurant,Huevos Pericos Breakfast,809.46,794.46,15.0,289.44,505.02,63.56770636658862,validated_consistent_positive_sales_positive_cogs,presentation_not_explicit,no_catalog_finding,medium,61.25882352941177,1,1,REVENUE_REDUCTION,"Validate discount/refund authorization, business purpose and policy compliance.",559
1328,1344,1.07 Condiments & Spices,Goya Naranja Agria 24 oz,1011.17,996.18,14.990000000000009,648.3,347.88,34.92139974703367,validated_consistent_positive_sales_positive_cogs,weight_based,no_catalog_finding,medium,61.21176470588235,1,1,REVENUE_REDUCTION,"Validate discount/refund authorization, business purpose and policy compliance.",560
850,866,1.25 Sweets & Candies,BonBonBum Sandia UNIT,29.5,29.32,0.17999999999999972,,,,positive_sales_without_complete_profitability,explicit_single_unit,informational_family_variant,medium,61.15384615384615,2,2,MISSING_PROFITABILITY | REVENUE_REDUCTION,"Load and validate COGS and Gross Profit; do not estimate loss until source cost is confirmed. | Validate discount/refund authorization, business purpose and policy compliance.",561
1918,1934,1.11 Fresh Products,Corn Husk 1Lb / Los 3 Campesinos o Tijuanas,2840.95,2825.96,14.989999999999782,1655.39,1170.57,41.42203003581084,validated_consistent_positive_sales_positive_cogs,weight_based,no_catalog_finding,medium,61.141176470588235,1,1,REVENUE_REDUCTION,"Validate discount/refund authorization, business purpose and policy compliance.",562
518,534,1.03 Beverages,Topo Chico Blueberry Hibiscus Can - 12 Oz Unit,218.27,203.29,14.980000000000018,135.05,68.24,33.5678095331792,validated_consistent_positive_sales_positive_cogs,explicit_single_unit,informational_family_variant,medium,61.04705882352941,1,1,REVENUE_REDUCTION,"Validate discount/refund authorization, business purpose and policy compliance.",563
272,288,4.Bakery,Passionfruit Cheesecake Entero,45.0,45.0,0.0,0.0,45.0,,positive_sales_with_zero_cogs,presentation_not_explicit,no_catalog_finding,medium,60.97701149425288,1,1,ZERO_COGS,"Confirm recipes, purchase cost or item cost mapping; zero COGS is not accepted as validated margin.",564
834,850,1.25 Sweets & Candies,Las Negras Torta de Café 1350 Gr UNIT,60.75,45.91,14.840000000000003,40.23,5.68,12.372032236985406,validated_consistent_positive_sales_positive_cogs,explicit_single_unit,informational_family_variant,medium,60.976470588235294,2,2,LOW_MARGIN | REVENUE_REDUCTION,"Review price-cost relationship and whether discounts compressed the observed margin. | Validate discount/refund authorization, business purpose and policy compliance.",565
282,298,4.Bakery,160 Mix Mexican Sweets,25.98,25.98,0.0,,,,positive_sales_without_complete_profitability,presentation_not_explicit,no_catalog_finding,medium,60.97285067873303,1,1,MISSING_PROFITABILITY,Load and validate COGS and Gross Profit; do not estimate loss until source cost is confirmed.,566
1720,1736,1.14 Herbal Teas,Nobleza Gaucha Yerba Mate 1kg,413.18,398.42,14.759999999999991,267.09,131.33,32.962702675568494,validated_consistent_positive_sales_positive_cogs,weight_based,no_catalog_finding,medium,60.929411764705875,1,1,REVENUE_REDUCTION,"Validate discount/refund authorization, business purpose and policy compliance.",567
1780,1796,1.28 Grains,Iberia Rice with Red Beans Box - 8 Oz,275.31,275.31,0.0,175.26,100.05,36.34085213032581,validated_consistent_positive_sales_positive_cogs,pack_or_case_count_unresolved,actionable_review_candidate,medium,60.925925925925924,1,1,CATALOG_ACTIONABLE,"Validate SKU/UPC, presentation, duplicate status and pack-size configuration before any merge.",568
1579,1595,1.13 Flours,Amafil Pao de Queijo 1 kg,575.25,560.61,14.639999999999986,372.29,188.32,33.591980164463706,validated_consistent_positive_sales_positive_cogs,weight_based,no_catalog_finding,medium,60.882352941176464,1,1,REVENUE_REDUCTION,"Validate discount/refund authorization, business purpose and policy compliance.",569
855,871,1.25 Sweets & Candies,Aldor Frunas Original  352g x unit,24.25,24.25,0.0,,,,positive_sales_without_complete_profitability,explicit_single_unit,no_catalog_finding,medium,60.79185520361991,1,1,MISSING_PROFITABILITY,Load and validate COGS and Gross Profit; do not estimate loss until source cost is confirmed.,570
1456,1472,1.04 Can Products,Teasdale Mexican Hominy 108oz,304.29,289.8,14.490000000000009,189.4,100.4,34.64458247066943,validated_consistent_positive_sales_positive_cogs,weight_based,no_catalog_finding,medium,60.741176470588236,1,1,REVENUE_REDUCTION,"Validate discount/refund authorization, business purpose and policy compliance.",571
595,611,1.03 Beverages,Gloria Mango Juice 1lt,43.89,29.89,14.0,19.36,10.53,35.229173636667774,validated_consistent_positive_sales_positive_cogs,volume_based,no_catalog_finding,medium,60.67058823529412,1,1,REVENUE_REDUCTION,"Validate discount/refund authorization, business purpose and policy compliance.",572
856,872,1.25 Sweets & Candies,Lucas Gusano Chamoy 36g X10,23.98,23.98,0.0,,,,positive_sales_without_complete_profitability,explicit_multipack,informational_family_variant,medium,60.61085972850679,1,1,MISSING_PROFITABILITY,Load and validate COGS and Gross Profit; do not estimate loss until source cost is confirmed.,573
1573,1589,1.13 Flours,Harina PAN - Amarilla 1 KG,1501.99,1488.01,13.980000000000018,1089.0,399.01,26.81500796365616,validated_consistent_positive_sales_positive_cogs,weight_based,no_catalog_finding,medium,60.6,1,1,REVENUE_REDUCTION,"Validate discount/refund authorization, business purpose and policy compliance.",574
1063,1079,1.26 Tortillas,Romero White Corn Tortilla Super King Size 7'' / 50ct / 2.13kg,3727.11,3713.51,13.599999999999909,2361.82,1351.69,36.39925569070771,validated_consistent_positive_sales_positive_cogs,weight_based,no_catalog_finding,medium,60.55294117647058,1,1,REVENUE_REDUCTION,"Validate discount/refund authorization, business purpose and policy compliance.",575
841,857,1.25 Sweets & Candies,De La Rosa Pulparindots Mango 12.8Oz / 360g unit,41.58,41.48,0.10000000000000142,0.0,41.48,,positive_sales_with_zero_cogs,explicit_single_unit,actionable_review_candidate,medium,60.51724137931035,3,3,CATALOG_ACTIONABLE | REVENUE_REDUCTION | ZERO_COGS,"Confirm recipes, purchase cost or item cost mapping; zero COGS is not accepted as validated margin. | Validate SKU/UPC, presentation, duplicate status and pack-size configuration before any merge. | Validate discount/refund authorization, business purpose and policy compliance.",576
98,114,2. Restaurant,Morcilla - Colombian Blood Sausage,229.5,216.0,13.5,115.2,100.8,46.66666666666666,validated_consistent_positive_sales_positive_cogs,presentation_not_explicit,no_catalog_finding,medium,60.50588235294118,1,1,REVENUE_REDUCTION,"Validate discount/refund authorization, business purpose and policy compliance.",577
858,874,1.25 Sweets & Candies,Lucas Muecas Tamarindo  25g X10,23.5,23.5,0.0,,,,positive_sales_without_complete_profitability,explicit_multipack,informational_family_variant,medium,60.42986425339367,1,1,MISSING_PROFITABILITY,Load and validate COGS and Gross Profit; do not estimate loss until source cost is confirmed.,578
320,336,1.12 Frozen Products,Norley's Arepas  White  Small 10 pack,1556.36,1543.07,13.289999999999964,1059.5,483.57,31.338176492317267,validated_consistent_positive_sales_positive_cogs,explicit_multipack,no_catalog_finding,medium,60.41176470588235,1,1,REVENUE_REDUCTION,"Validate discount/refund authorization, business purpose and policy compliance.",579
689,705,1.25 Sweets & Candies,Miguelito Chamoy  Original 250g,441.45,428.26,13.189999999999998,256.76,171.5,40.045766590389015,validated_consistent_positive_sales_positive_cogs,weight_based,no_catalog_finding,medium,60.36470588235294,1,1,REVENUE_REDUCTION,"Validate discount/refund authorization, business purpose and policy compliance.",580
1886,1902,1.18 Pasta-Soups,Maggi Sopas Casera Vegetales con Pollo y Fideos - 21 Gr,22.5,22.5,0.0,,,,positive_sales_without_complete_profitability,weight_based,no_catalog_finding,medium,60.248868778280546,1,1,MISSING_PROFITABILITY,Load and validate COGS and Gross Profit; do not estimate loss until source cost is confirmed.,581
18,34,2. Restaurant,Chicharron Super especial - Pork Belly Special,12753.5,12740.5,13.0,5940.0,6800.5,53.377026019387,validated_consistent_positive_sales_positive_cogs,presentation_not_explicit,no_catalog_finding,medium,60.247058823529414,1,1,REVENUE_REDUCTION,"Validate discount/refund authorization, business purpose and policy compliance.",582
843,859,1.25 Sweets & Candies,Reserva Minas Doce Mamao Ralado  640g,51.96,38.96,13.0,35.36,3.6,9.240246406570842,validated_consistent_positive_sales_positive_cogs,weight_based,no_catalog_finding,medium,60.247058823529414,2,2,LOW_MARGIN | REVENUE_REDUCTION,"Review price-cost relationship and whether discounts compressed the observed margin. | Validate discount/refund authorization, business purpose and policy compliance.",583
988,1004,1.05 Chips & Snacks,Rosquillas Calenas 1.06 oz / 30 g  x 6pzas Pack,269.82,269.82,0.0,177.48,92.34,34.2228152101401,validated_consistent_positive_sales_positive_cogs,pack_or_case_count_unresolved,actionable_review_candidate,medium,60.18518518518519,1,1,CATALOG_ACTIONABLE,"Validate SKU/UPC, presentation, duplicate status and pack-size configuration before any merge.",584
75,91,2. Restaurant,Chorizo & Mini Arepa,811.25,798.27,12.980000000000018,319.92,478.35,59.923334210229626,validated_consistent_positive_sales_positive_cogs,presentation_not_explicit,no_catalog_finding,medium,60.17647058823529,1,1,REVENUE_REDUCTION,"Validate discount/refund authorization, business purpose and policy compliance.",585
739,755,1.25 Sweets & Candies,La Molienda Cacahuate con Chile Paketon 180 Gr,231.42,218.44,12.97999999999999,132.81,85.63,39.20069584325215,validated_consistent_positive_sales_positive_cogs,weight_based,no_catalog_finding,medium,60.129411764705885,1,1,REVENUE_REDUCTION,"Validate discount/refund authorization, business purpose and policy compliance.",586
453,469,1.03 Beverages,Maltin Polar 7oz UNIT,603.97,591.28,12.690000000000055,281.67,309.61,52.36267081585713,validated_consistent_positive_sales_positive_cogs,explicit_single_unit,informational_family_variant,medium,60.08235294117647,1,1,REVENUE_REDUCTION,"Validate discount/refund authorization, business purpose and policy compliance.",587
860,876,1.25 Sweets & Candies,Gummy Rock Tamarindo Chile Spicy 85g / 3oz Gummy Rock Tamarindo Chile Spicy  UNIT,22.41,22.41,0.0,,,,positive_sales_without_complete_profitability,explicit_single_unit,no_catalog_finding,medium,60.06787330316742,1,1,MISSING_PROFITABILITY,Load and validate COGS and Gross Profit; do not estimate loss until source cost is confirmed.,588
1532,1548,3.Coffee160,160 Artisan Brewed Coffee 16oz,40.41,40.41,0.0,0.0,40.41,,positive_sales_with_zero_cogs,volume_based,informational_family_variant,medium,60.05747126436782,1,1,ZERO_COGS,"Confirm recipes, purchase cost or item cost mapping; zero COGS is not accepted as validated margin.",589
1058,1074,1.26 Tortillas,Romero Yellow Corn Tortilla 6.5'' 70ct 58oz,10985.78,10973.18,12.600000000000364,5926.7,5046.48,45.98922099154483,validated_consistent_positive_sales_positive_cogs,weight_based,no_catalog_finding,medium,60.035294117647055,1,1,REVENUE_REDUCTION,"Validate discount/refund authorization, business purpose and policy compliance.",590
628,644,1.25 Sweets & Candies,Su Sabor Bocadillo Veleno  guava paste x 18 Units / 850 g,1869.92,1869.92,0.0,1125.96,743.96,39.78565927954137,validated_consistent_positive_sales_positive_cogs,explicit_multipack,label_standardization,medium,60.0,1,1,LABEL_STANDARDIZATION,Standardize UNIT/PACK wording without changing the commercial presentation.,591
1989,2005,Uncategorized,Manual Transaction,0.0,-1.14,1.14,,,,non_positive_net_sales,presentation_not_explicit,adjustment_record,medium,60.0,2,2,MANUAL_NEGATIVE_ADJUSTMENT | REVENUE_REDUCTION,"Trace the manual transaction to user, date, reason, approval and original sale. | Validate discount/refund authorization, business purpose and policy compliance.",592
466,482,1.03 Beverages,Postobon Kola Soda Bottle 14 Oz,508.3,495.72,12.579999999999984,313.48,182.24,36.76268861454047,validated_consistent_positive_sales_positive_cogs,volume_based,no_catalog_finding,medium,59.98823529411765,1,1,REVENUE_REDUCTION,"Validate discount/refund authorization, business purpose and policy compliance.",593
1933,1949,1.15 Instant Powder,BB Horchata 28.05oz,696.58,684.29,12.290000000000077,457.15,227.14,33.19352905931696,validated_consistent_positive_sales_positive_cogs,volume_based,no_catalog_finding,medium,59.94117647058823,1,1,REVENUE_REDUCTION,"Validate discount/refund authorization, business purpose and policy compliance.",594
861,877,1.25 Sweets & Candies,Duvalin Fresa Avellana Duvalin Fresa Avellana unid,22.0,22.0,0.0,,,,positive_sales_without_complete_profitability,presentation_not_explicit,no_catalog_finding,medium,59.886877828054295,1,1,MISSING_PROFITABILITY,Load and validate COGS and Gross Profit; do not estimate loss until source cost is confirmed.,595
1504,1520,3.Coffee160,160 Mocha 16oz,530.25,518.06,12.190000000000055,252.5,265.56,51.260471760027805,validated_consistent_positive_sales_positive_cogs,weight_based,no_catalog_finding,medium,59.84705882352941,1,1,REVENUE_REDUCTION,"Validate discount/refund authorization, business purpose and policy compliance.",596
169,185,4.Bakery,160 Empanada Criolla Pollo,2998.23,2986.08,12.150000000000091,1617.7,1368.38,45.82529604029364,validated_consistent_positive_sales_positive_cogs,presentation_not_explicit,no_catalog_finding,medium,59.8,1,1,REVENUE_REDUCTION,"Validate discount/refund authorization, business purpose and policy compliance.",597
304,320,1.12 Frozen Products,Pan Pa Ya Pandebonos  Sencillos 270g / 9.5oz,2876.42,2864.33,12.090000000000146,1991.75,872.58,30.463668641532227,validated_consistent_positive_sales_positive_cogs,weight_based,no_catalog_finding,medium,59.752941176470586,1,1,REVENUE_REDUCTION,"Validate discount/refund authorization, business purpose and policy compliance.",598
862,878,1.25 Sweets & Candies,Vero Paleta Elote con Chile lollypop,20.58,20.48,0.09999999999999787,,,,positive_sales_without_complete_profitability,presentation_not_explicit,no_catalog_finding,medium,59.705882352941174,2,2,MISSING_PROFITABILITY | REVENUE_REDUCTION,"Load and validate COGS and Gross Profit; do not estimate loss until source cost is confirmed. | Validate discount/refund authorization, business purpose and policy compliance.",599
633,649,1.25 Sweets & Candies,Ramo Chocoramo Mini Bolsa 20u bag x 20,1151.04,1139.04,12.0,733.44,405.6,35.60893383902234,validated_consistent_positive_sales_positive_cogs,explicit_multipack,no_catalog_finding,medium,59.682352941176475,1,1,REVENUE_REDUCTION,"Validate discount/refund authorization, business purpose and policy compliance.",600
309,325,1.12 Frozen Products,Dona Emilia Yuca Francesa,2517.48,2505.49,11.990000000000236,1428.3,1077.19,42.9931869614327,validated_consistent_positive_sales_positive_cogs,presentation_not_explicit,no_catalog_finding,medium,59.61176470588235,1,1,REVENUE_REDUCTION,"Validate discount/refund authorization, business purpose and policy compliance.",601
842,858,1.25 Sweets & Candies,Lucas Muecas Pepino  25g X UNIT,40.05,40.05,0.0,0.0,40.05,,positive_sales_with_zero_cogs,explicit_single_unit,no_catalog_finding,medium,59.59770114942529,1,1,ZERO_COGS,"Confirm recipes, purchase cost or item cost mapping; zero COGS is not accepted as validated margin.",602
348,364,1.12 Frozen Products,Belmont Aji Amarillo Frozen - 430 Gr,551.54,539.55,11.990000000000009,338.85,200.7,37.19766472060051,validated_consistent_positive_sales_positive_cogs,weight_based,no_catalog_finding,medium,59.56470588235294,1,1,REVENUE_REDUCTION,"Validate discount/refund authorization, business purpose and policy compliance.",603
1888,1904,1.18 Pasta-Soups,Maggi Sopas Caseras Vegetales y Fideos - 21 Gr,18.75,18.75,0.0,,,,positive_sales_without_complete_profitability,weight_based,no_catalog_finding,medium,59.52488687782805,1,1,MISSING_PROFITABILITY,Load and validate COGS and Gross Profit; do not estimate loss until source cost is confirmed.,604
620,636,1.25 Sweets & Candies,Kellogs Choco Krispies 540g,3597.6,3585.61,11.989999999999782,2138.4,1447.21,40.36161211063111,validated_consistent_positive_sales_positive_cogs,weight_based,no_catalog_finding,medium,59.51764705882353,1,1,REVENUE_REDUCTION,"Validate discount/refund authorization, business purpose and policy compliance.",605
535,551,1.03 Beverages,Electrolit Suero Hidratante Uva,176.19,164.24,11.949999999999989,86.49,77.75,47.33925962006819,validated_consistent_positive_sales_positive_cogs,presentation_not_explicit,no_catalog_finding,medium,59.470588235294116,1,1,REVENUE_REDUCTION,"Validate discount/refund authorization, business purpose and policy compliance.",606
1460,1476,1.04 Can Products,La Costeña Whole Jalapeño 200 ml - 7oz,265.7,259.52,6.180000000000007,169.36,90.16,34.74106041923552,validated_consistent_positive_sales_positive_cogs,volume_based,actionable_review_candidate,medium,59.44444444444444,2,2,CATALOG_ACTIONABLE | REVENUE_REDUCTION,"Validate SKU/UPC, presentation, duplicate status and pack-size configuration before any merge. | Validate discount/refund authorization, business purpose and policy compliance.",607
1612,1628,1.13 Flours,Maseca Premium Yellow Corn Flour #10 50 LBS,78.99,67.14,11.849999999999994,50.41,16.73,24.91808162049449,validated_consistent_positive_sales_positive_cogs,weight_based,no_catalog_finding,medium,59.423529411764704,1,1,REVENUE_REDUCTION,"Validate discount/refund authorization, business purpose and policy compliance.",608
482,498,1.03 Beverages,Postobon Uva Soda Bottle - 14 Oz UNIT,413.02,401.18,11.839999999999975,230.5,170.68,42.544493743456805,validated_consistent_positive_sales_positive_cogs,explicit_single_unit,informational_family_variant,medium,59.37647058823529,1,1,REVENUE_REDUCTION,"Validate discount/refund authorization, business purpose and policy compliance.",609
866,882,1.25 Sweets & Candies,Duvalin  Avellana Vainilla Duvalin  Avellana Vainilla  unid,19.11,18.62,0.48999999999999844,,,,positive_sales_without_complete_profitability,presentation_not_explicit,no_catalog_finding,medium,59.34389140271493,2,2,MISSING_PROFITABILITY | REVENUE_REDUCTION,"Load and validate COGS and Gross Profit; do not estimate loss until source cost is confirmed. | Validate discount/refund authorization, business purpose and policy compliance.",610
1116,1132,1.10 Dairy,RUMBA  Kumis Latino 250 ml,989.69,978.01,11.680000000000064,595.8,382.21,39.08037750125254,validated_consistent_positive_sales_positive_cogs,volume_based,no_catalog_finding,medium,59.32941176470588,1,1,REVENUE_REDUCTION,"Validate discount/refund authorization, business purpose and policy compliance.",611
489,505,1.03 Beverages,Electrolit Suero Hidratante Fresa-kiwi,374.52,362.98,11.539999999999964,189.72,173.26,47.73265744669127,validated_consistent_positive_sales_positive_cogs,presentation_not_explicit,no_catalog_finding,medium,59.28235294117647,1,1,REVENUE_REDUCTION,"Validate discount/refund authorization, business purpose and policy compliance.",612
669,685,1.25 Sweets & Candies,BonBonBum Maracuya x 24,538.02,526.49,11.529999999999973,297.6,228.89,43.47470987103269,validated_consistent_positive_sales_positive_cogs,explicit_multipack,informational_family_variant,medium,59.23529411764706,1,1,REVENUE_REDUCTION,"Validate discount/refund authorization, business purpose and policy compliance.",613
867,883,1.25 Sweets & Candies,Lucas Polvos Mango 200 g X10,17.98,17.98,0.0,,,,positive_sales_without_complete_profitability,explicit_multipack,informational_family_variant,medium,59.16289592760181,1,1,MISSING_PROFITABILITY,Load and validate COGS and Gross Profit; do not estimate loss until source cost is confirmed.,614
1426,1442,1.04 Can Products,Nestle La Lechera Leche condensada Lata 375g,1330.45,1319.09,11.360000000000127,779.28,539.81,40.9229089751268,validated_consistent_positive_sales_positive_cogs,weight_based,no_catalog_finding,medium,59.141176470588235,1,1,REVENUE_REDUCTION,"Validate discount/refund authorization, business purpose and policy compliance.",615
590,606,1.03 Beverages,Boing Manzana Juice 500 ml x Unit,35.89,35.89,0.0,0.0,35.89,,positive_sales_with_zero_cogs,explicit_single_unit,no_catalog_finding,medium,59.13793103448276,1,1,ZERO_COGS,"Confirm recipes, purchase cost or item cost mapping; zero COGS is not accepted as validated margin.",616
921,937,1.05 Chips & Snacks,Charras Tostadas Regular 12.3oz,2749.41,2738.32,11.08999999999969,1808.46,929.86,33.95731689503052,validated_consistent_positive_sales_positive_cogs,weight_based,no_catalog_finding,medium,59.09411764705882,1,1,REVENUE_REDUCTION,"Validate discount/refund authorization, business purpose and policy compliance.",617
1782,1798,1.28 Grains,Ducal Red Beans Doy Pack - 14.1 oz,256.47,256.47,0.0,169.03,87.44,34.09365617811049,validated_consistent_positive_sales_positive_cogs,pack_or_case_count_unresolved,actionable_review_candidate,medium,59.074074074074076,1,1,CATALOG_ACTIONABLE,"Validate SKU/UPC, presentation, duplicate status and pack-size configuration before any merge.",618
1569,1585,1.13 Flours,Harina PAN - Blanca 5 LB,4047.15,4036.16,10.990000000000236,3013.92,1022.24,25.32704352652026,validated_consistent_positive_sales_positive_cogs,weight_based,informational_family_variant,medium,59.04705882352941,1,1,REVENUE_REDUCTION,"Validate discount/refund authorization, business purpose and policy compliance.",619
359,375,1.12 Frozen Products,Jaks Choclo Entero 2 ct,339.66,328.67,10.990000000000009,210.54,118.13,35.941826147807824,validated_consistent_positive_sales_positive_cogs,presentation_not_explicit,no_catalog_finding,medium,59.0,1,1,REVENUE_REDUCTION,"Validate discount/refund authorization, business purpose and policy compliance.",620
1047,1063,1.05 Chips & Snacks,Rosquillas Calenas 1.06 oz / 30 g  x 6pzas Unit,17.94,17.94,0.0,,,,positive_sales_without_complete_profitability,explicit_single_unit,informational_family_variant,medium,58.98190045248869,1,1,MISSING_PROFITABILITY,Load and validate COGS and Gross Profit; do not estimate loss until source cost is confirmed.,621
1292,1308,"1.06 Coffee, Cocoa, Panela, Butter",Mexquisita Concentrado Horchata 12/700 ml,386.57,375.78,10.79000000000002,237.08,138.7,36.90989408696578,validated_consistent_positive_sales_positive_cogs,explicit_multipack,no_catalog_finding,medium,58.90588235294118,1,1,REVENUE_REDUCTION,"Validate discount/refund authorization, business purpose and policy compliance.",622
1724,1740,1.14 Herbal Teas,CBSe Mate Pomelo 500g,269.7,258.91,10.789999999999964,176.1,82.81,31.984087134525502,validated_consistent_positive_sales_positive_cogs,weight_based,no_catalog_finding,medium,58.858823529411765,1,1,REVENUE_REDUCTION,"Validate discount/refund authorization, business purpose and policy compliance.",623
872,888,1.25 Sweets & Candies,Aldor Pin Pop Mix Assorted 15/24 und Unit,17.11,16.99,0.120000000000001,,,,positive_sales_without_complete_profitability,explicit_single_unit,no_catalog_finding,medium,58.800904977375566,2,2,MISSING_PROFITABILITY | REVENUE_REDUCTION,"Load and validate COGS and Gross Profit; do not estimate loss until source cost is confirmed. | Validate discount/refund authorization, business purpose and policy compliance.",624
185,201,4.Bakery,160 Pan de Yuca,1962.17,1951.53,10.6400000000001,914.89,1036.64,53.11934738384755,validated_consistent_positive_sales_positive_cogs,presentation_not_explicit,no_catalog_finding,medium,58.76470588235294,1,1,REVENUE_REDUCTION,"Validate discount/refund authorization, business purpose and policy compliance.",625
1719,1735,1.14 Herbal Teas,Yerba Mate Pampa Organica 500 Gr,489.65,479.15,10.5,286.65,192.5,40.17531044558072,validated_consistent_positive_sales_positive_cogs,weight_based,no_catalog_finding,medium,58.71764705882353,1,1,REVENUE_REDUCTION,"Validate discount/refund authorization, business purpose and policy compliance.",626
278,294,4.Bakery,160 Guava and Cheese Roscon,31.96,31.96,0.0,0.0,31.96,,positive_sales_with_zero_cogs,presentation_not_explicit,no_catalog_finding,medium,58.67816091954023,1,1,ZERO_COGS,"Confirm recipes, purchase cost or item cost mapping; zero COGS is not accepted as validated margin.",627
1570,1586,1.13 Flours,Harina PAN - Blanca 1 KG .,3862.26,3851.77,10.490000000000236,2805.99,1045.78,27.150634643293863,validated_consistent_positive_sales_positive_cogs,weight_based,informational_family_variant,medium,58.67058823529412,1,1,REVENUE_REDUCTION,"Validate discount/refund authorization, business purpose and policy compliance.",628
508,524,1.03 Beverages,Topo Chico Tangerine Ginger - Can - 12 Oz Unit,266.11,255.62,10.490000000000009,164.65,90.97,35.587982161020264,validated_consistent_positive_sales_positive_cogs,explicit_single_unit,informational_family_variant,medium,58.62352941176471,1,1,REVENUE_REDUCTION,"Validate discount/refund authorization, business purpose and policy compliance.",629
603,619,1.03 Beverages,Inca Kola Diet Soda - 12 oz - CAN X6,15.99,15.99,0.0,,,,positive_sales_without_complete_profitability,explicit_multipack,informational_family_variant,medium,58.619909502262445,1,1,MISSING_PROFITABILITY,Load and validate COGS and Gross Profit; do not estimate loss until source cost is confirmed.,630
55,71,2. Restaurant,Chilaquiles Eggs Rojos Breakfast,2248.5,2238.02,10.480000000000018,715.5,1522.52,68.02977632014013,validated_consistent_positive_sales_positive_cogs,presentation_not_explicit,no_catalog_finding,medium,58.576470588235296,1,1,REVENUE_REDUCTION,"Validate discount/refund authorization, business purpose and policy compliance.",631
493,509,1.03 Beverages,Jarritos Mandarina 1.5 lt,341.15,330.77,10.379999999999995,217.6,113.17,34.214106478822146,validated_consistent_positive_sales_positive_cogs,volume_based,informational_family_variant,medium,58.529411764705884,1,1,REVENUE_REDUCTION,"Validate discount/refund authorization, business purpose and policy compliance.",632
880,896,1.25 Sweets & Candies,Cool Toons Paleta Dragon Puerqui 1/15ct unit,14.85,14.85,0.0,,,,positive_sales_without_complete_profitability,explicit_single_unit,no_catalog_finding,medium,58.43891402714932,1,1,MISSING_PROFITABILITY,Load and validate COGS and Gross Profit; do not estimate loss until source cost is confirmed.,633
188,204,4.Bakery,160 Pandebono Valluno con guava,1929.0,1918.96,10.039999999999964,977.36,941.6,49.06824529953725,validated_consistent_positive_sales_positive_cogs,presentation_not_explicit,no_catalog_finding,medium,58.294117647058826,1,1,REVENUE_REDUCTION,"Validate discount/refund authorization, business purpose and policy compliance.",634
666,682,1.25 Sweets & Candies,Pelon Pelo Rico 28 Gr UNIT,542.33,532.34,9.990000000000009,351.2,181.14,34.02712552128339,validated_consistent_positive_sales_positive_cogs,explicit_single_unit,informational_family_variant,medium,58.247058823529414,1,1,REVENUE_REDUCTION,"Validate discount/refund authorization, business purpose and policy compliance.",635
279,295,4.Bakery,160 Strawberry Cheesecake,29.95,29.95,0.0,0.0,29.95,,positive_sales_with_zero_cogs,presentation_not_explicit,no_catalog_finding,medium,58.2183908045977,1,1,ZERO_COGS,"Confirm recipes, purchase cost or item cost mapping; zero COGS is not accepted as validated margin.",636
205,221,4.Bakery,160 Argentine Guava & Cheese Empanada,1277.44,1267.46,9.980000000000018,932.9,334.56,26.396099285184544,validated_consistent_positive_sales_positive_cogs,presentation_not_explicit,no_catalog_finding,medium,58.1764705882353,1,1,REVENUE_REDUCTION,"Validate discount/refund authorization, business purpose and policy compliance.",637
1444,1460,1.04 Can Products,La Costena Whole Black Beans 19oz,502.74,492.76,9.980000000000018,318.68,174.08,35.3275428200341,validated_consistent_positive_sales_positive_cogs,weight_based,no_catalog_finding,medium,58.1764705882353,1,1,REVENUE_REDUCTION,"Validate discount/refund authorization, business purpose and policy compliance.",638
130,146,2. Restaurant,Postobon Colombiana 10oz - Kiosk,11.96,11.96,0.0,,,,positive_sales_without_complete_profitability,weight_based,no_catalog_finding,medium,58.16742081447964,1,1,MISSING_PROFITABILITY,Load and validate COGS and Gross Profit; do not estimate loss until source cost is confirmed.,639
1049,1065,1.05 Chips & Snacks,Besitos  Calenos / Cassava Snack 30g T x6 Unit,11.96,11.96,0.0,,,,positive_sales_without_complete_profitability,explicit_multipack,actionable_review_candidate,medium,58.16742081447964,2,2,CATALOG_ACTIONABLE | MISSING_PROFITABILITY,"Load and validate COGS and Gross Profit; do not estimate loss until source cost is confirmed. | Validate SKU/UPC, presentation, duplicate status and pack-size configuration before any merge.",640
66,82,2. Restaurant,Tamal Mexicano - Chile & Queso,1241.5,1231.75,9.75,374.36,857.39,69.60746904810229,validated_consistent_positive_sales_positive_cogs,presentation_not_explicit,no_catalog_finding,medium,58.08235294117647,1,1,REVENUE_REDUCTION,"Validate discount/refund authorization, business purpose and policy compliance.",641
852,868,1.25 Sweets & Candies,Reserva Minas Doce Abobora com Coco 650g,38.97,29.22,9.75,26.22,3.0,10.26694045174538,validated_consistent_positive_sales_positive_cogs,weight_based,no_catalog_finding,medium,58.08235294117647,2,2,LOW_MARGIN | REVENUE_REDUCTION,"Review price-cost relationship and whether discounts compressed the observed margin. | Validate discount/refund authorization, business purpose and policy compliance.",642
187,203,4.Bakery,160 Empanada Criolla Jamon y Queso,1938.48,1928.84,9.6400000000001,1038.2,890.64,46.17490305053815,validated_consistent_positive_sales_positive_cogs,presentation_not_explicit,no_catalog_finding,medium,58.01176470588236,1,1,REVENUE_REDUCTION,"Validate discount/refund authorization, business purpose and policy compliance.",643
1184,1200,1.23 Sauces,Mexico Lindo Salsa Chiltepin 5 oz,309.38,299.88,9.5,197.6,102.28,34.10697612378284,validated_consistent_positive_sales_positive_cogs,weight_based,no_catalog_finding,medium,57.964705882352945,1,1,REVENUE_REDUCTION,"Validate discount/refund authorization, business purpose and policy compliance.",644
1940,1956,1.15 Instant Powder,Zuko Family PK Horchata - 14.1 oz,251.72,251.72,0.0,162.12,89.6,35.595105672969964,validated_consistent_positive_sales_positive_cogs,pack_or_case_count_unresolved,actionable_review_candidate,medium,57.96296296296296,1,1,CATALOG_ACTIONABLE,"Validate SKU/UPC, presentation, duplicate status and pack-size configuration before any merge.",645
1816,1832,1.02 Beans,Ducal Frijol Negro Refrito 29oz,836.23,826.88,9.350000000000023,553.3,273.58,33.08581656346749,validated_consistent_positive_sales_positive_cogs,weight_based,no_catalog_finding,medium,57.91764705882353,1,1,REVENUE_REDUCTION,"Validate discount/refund authorization, business purpose and policy compliance.",646
889,905,1.25 Sweets & Candies,Aldor Pin Pop Strawberry 15/24 und Unit,11.21,11.15,0.0600000000000005,,,,positive_sales_without_complete_profitability,explicit_single_unit,no_catalog_finding,medium,57.89592760180996,2,2,MISSING_PROFITABILITY | REVENUE_REDUCTION,"Load and validate COGS and Gross Profit; do not estimate loss until source cost is confirmed. | Validate discount/refund authorization, business purpose and policy compliance.",647
1043,1059,1.05 Chips & Snacks,Frito Lay Crujitos Queso y Chile 1.13 oz,44.2,35.1,9.100000000000001,31.11,3.99,11.367521367521368,validated_consistent_positive_sales_positive_cogs,weight_based,no_catalog_finding,medium,57.8235294117647,2,2,LOW_MARGIN | REVENUE_REDUCTION,"Review price-cost relationship and whether discounts compressed the observed margin. | Validate discount/refund authorization, business purpose and policy compliance.",648
851,867,1.25 Sweets & Candies,Lucas Muecas Tamarindo  25g X unit,29.37,29.28,0.08999999999999986,0.0,29.28,,positive_sales_with_zero_cogs,explicit_single_unit,no_catalog_finding,medium,57.758620689655174,2,2,REVENUE_REDUCTION | ZERO_COGS,"Confirm recipes, purchase cost or item cost mapping; zero COGS is not accepted as validated margin. | Validate discount/refund authorization, business purpose and policy compliance.",649
894,910,1.25 Sweets & Candies,Lucas Muecas Pepino  25g X10,8.99,8.99,0.0,,,,positive_sales_without_complete_profitability,explicit_multipack,informational_family_variant,medium,57.71493212669683,1,1,MISSING_PROFITABILITY,Load and validate COGS and Gross Profit; do not estimate loss until source cost is confirmed.,650
88,104,2. Restaurant,Huevo Frito,428.0,419.0,9.0,64.2,354.8,84.67780429594272,validated_consistent_positive_sales_positive_cogs,presentation_not_explicit,no_catalog_finding,medium,57.68235294117647,1,1,REVENUE_REDUCTION,"Validate discount/refund authorization, business purpose and policy compliance.",651
273,289,4.Bakery,160 Walnut & Cranberry Bread,52.91,43.91,9.0,31.68,12.23,27.852425415622868,validated_consistent_positive_sales_positive_cogs,presentation_not_explicit,no_catalog_finding,medium,57.68235294117647,1,1,REVENUE_REDUCTION,"Validate discount/refund authorization, business purpose and policy compliance.",652
1783,1799,1.28 Grains,Ducal Black Beans Doy Pack - 11.16 oz,250.99,250.99,0.0,166.01,84.98,33.85792262639946,validated_consistent_positive_sales_positive_cogs,pack_or_case_count_unresolved,actionable_review_candidate,medium,57.592592592592595,1,1,CATALOG_ACTIONABLE,"Validate SKU/UPC, presentation, duplicate status and pack-size configuration before any merge.",653
58,74,2. Restaurant,Tamal Mexicano  - Cerdo en Salsa Roja,1915.33,1906.81,8.519999999999982,1216.0,690.81,36.22857022986034,validated_consistent_positive_sales_positive_cogs,presentation_not_explicit,no_catalog_finding,medium,57.588235294117645,1,1,REVENUE_REDUCTION,"Validate discount/refund authorization, business purpose and policy compliance.",654
896,912,1.25 Sweets & Candies,Dulce Especial,8.33,8.33,0.0,,,,positive_sales_without_complete_profitability,presentation_not_explicit,no_catalog_finding,medium,57.53393665158371,1,1,MISSING_PROFITABILITY,Load and validate COGS and Gross Profit; do not estimate loss until source cost is confirmed.,655
1988,2004,Uncategorized,Manual Transaction,0.0,-1.0,1.0,,,,non_positive_net_sales,presentation_not_explicit,adjustment_record,medium,57.5,2,2,MANUAL_NEGATIVE_ADJUSTMENT | REVENUE_REDUCTION,"Trace the manual transaction to user, date, reason, approval and original sale. | Validate discount/refund authorization, business purpose and policy compliance.",656
430,446,1.03 Beverages,Postobon Colombiana Glass 300ml Unit,1075.95,1067.55,8.400000000000091,524.5,543.05,50.86881176525689,validated_consistent_positive_sales_positive_cogs,explicit_single_unit,informational_family_variant,medium,57.49411764705883,1,1,REVENUE_REDUCTION,"Validate discount/refund authorization, business purpose and policy compliance.",657
1507,1523,3.Coffee160,160 Mocha 12oz,462.47,454.12,8.350000000000023,206.0,248.12,54.637540738130895,validated_consistent_positive_sales_positive_cogs,weight_based,no_catalog_finding,medium,57.44705882352941,1,1,REVENUE_REDUCTION,"Validate discount/refund authorization, business purpose and policy compliance.",658
503,519,1.03 Beverages,Electrolit Suero Hidratante Coco 625g,298.86,290.62,8.240000000000009,150.66,139.96,48.15910811368799,validated_consistent_positive_sales_positive_cogs,weight_based,no_catalog_finding,medium,57.400000000000006,1,1,REVENUE_REDUCTION,"Validate discount/refund authorization, business purpose and policy compliance.",659
101,117,2. Restaurant,Avocado Extra,202.64,194.44,8.199999999999989,68.0,126.44,65.02777206336144,validated_consistent_positive_sales_positive_cogs,presentation_not_explicit,no_catalog_finding,medium,57.35294117647059,1,1,REVENUE_REDUCTION,"Validate discount/refund authorization, business purpose and policy compliance.",660
897,913,1.25 Sweets & Candies,Pelon Pelo Rico Tamarindo Mini 13 g x Unit,8.26,8.26,0.0,,,,positive_sales_without_complete_profitability,explicit_single_unit,no_catalog_finding,medium,57.35294117647059,1,1,MISSING_PROFITABILITY,Load and validate COGS and Gross Profit; do not estimate loss until source cost is confirmed.,661
598,614,1.03 Beverages,Boing  Guava 349 ml x Unit,23.94,23.94,0.0,0.0,23.94,,positive_sales_with_zero_cogs,explicit_single_unit,informational_family_variant,medium,57.298850574712645,1,1,ZERO_COGS,"Confirm recipes, purchase cost or item cost mapping; zero COGS is not accepted as validated margin.",662
1650,1666,1.09 Cookies & Crackers,Gamesa Chokis - 9.1 oz,417.1,409.11,7.990000000000009,261.24,147.87,36.14431326538095,validated_consistent_positive_sales_positive_cogs,weight_based,no_catalog_finding,medium,57.23529411764706,1,1,REVENUE_REDUCTION,"Validate discount/refund authorization, business purpose and policy compliance.",663
982,998,1.05 Chips & Snacks,Don Pancho Mexican Style Chips 21oz,364.57,356.58,7.990000000000009,218.82,137.76,38.63368669022379,validated_consistent_positive_sales_positive_cogs,weight_based,no_catalog_finding,medium,57.23529411764706,1,1,REVENUE_REDUCTION,"Validate discount/refund authorization, business purpose and policy compliance.",664
728,744,1.25 Sweets & Candies,De La Rosa Pulparindots Original UNIT,244.74,244.74,0.0,156.0,88.74,36.258886982103455,validated_consistent_positive_sales_positive_cogs,explicit_single_unit,actionable_review_candidate,medium,57.22222222222222,1,1,CATALOG_ACTIONABLE,"Validate SKU/UPC, presentation, duplicate status and pack-size configuration before any merge.",665
901,917,1.25 Sweets & Candies,Alpina Dulce de Leche arequipito x Unit,7.45,7.45,0.0,,,,positive_sales_without_complete_profitability,explicit_single_unit,no_catalog_finding,medium,57.171945701357465,1,1,MISSING_PROFITABILITY,Load and validate COGS and Gross Profit; do not estimate loss until source cost is confirmed.,666
241,257,4.Bakery,160 LM Small Passionfruit Cheesecake,218.93,218.93,0.0,169.68,49.25,22.49577490522085,validated_consistent_positive_sales_positive_cogs,presentation_not_explicit,no_catalog_finding,medium,57.15384615384615,1,1,LOW_MARGIN,Review price-cost relationship and whether discounts compressed the observed margin.,667
1067,1083,1.26 Tortillas,Romero White Corn Tortilla KS 6.5'' 30ct / 40oz,2410.17,2402.19,7.980000000000018,1523.12,879.07,36.5945241633676,validated_consistent_positive_sales_positive_cogs,weight_based,no_catalog_finding,medium,57.11764705882353,1,1,REVENUE_REDUCTION,"Validate discount/refund authorization, business purpose and policy compliance.",668
784,800,1.25 Sweets & Candies,La Molienda Comalitos Peanut Patty  100g/ 3.5 oz,110.63,102.83,7.799999999999997,72.52,30.31,29.475833900612663,validated_consistent_positive_sales_positive_cogs,weight_based,no_catalog_finding,medium,57.023529411764706,1,1,REVENUE_REDUCTION,"Validate discount/refund authorization, business purpose and policy compliance.",669
2022,2038,1.16 Miscelanea,Cesta de Mimbre,5.99,5.99,0.0,,,,positive_sales_without_complete_profitability,presentation_not_explicit,no_catalog_finding,medium,56.990950226244344,1,1,MISSING_PROFITABILITY,Load and validate COGS and Gross Profit; do not estimate loss until source cost is confirmed.,670
1302,1318,"1.06 Coffee, Cocoa, Panela, Butter",Luker Clavos y Canela Sin azucar 250 g,194.85,187.05,7.799999999999983,120.9,66.15,35.36487570168404,validated_consistent_positive_sales_positive_cogs,weight_based,no_catalog_finding,medium,56.976470588235294,1,1,REVENUE_REDUCTION,"Validate discount/refund authorization, business purpose and policy compliance.",671
308,324,1.12 Frozen Products,Fresh Bocado Passion Fruit 14 oz,2607.27,2599.58,7.690000000000055,1361.52,1238.06,47.62538563921864,validated_consistent_positive_sales_positive_cogs,weight_based,informational_family_variant,medium,56.92941176470588,1,1,REVENUE_REDUCTION,"Validate discount/refund authorization, business purpose and policy compliance.",672
849,865,1.25 Sweets & Candies,De La Rosa Marshmallows 12oz,37.5,29.98,7.52,23.88,6.1,20.34689793195464,validated_consistent_positive_sales_positive_cogs,weight_based,no_catalog_finding,medium,56.88235294117647,2,2,LOW_MARGIN | REVENUE_REDUCTION,"Review price-cost relationship and whether discounts compressed the observed margin. | Validate discount/refund authorization, business purpose and policy compliance.",673
131,147,2. Restaurant,Platano con Queso,10.5,8.75,1.75,0.0,8.75,,positive_sales_with_zero_cogs,presentation_not_explicit,no_catalog_finding,medium,56.839080459770116,2,2,REVENUE_REDUCTION | ZERO_COGS,"Confirm recipes, purchase cost or item cost mapping; zero COGS is not accepted as validated margin. | Validate discount/refund authorization, business purpose and policy compliance.",674
275,291,4.Bakery,Tarta Pasta Frola de Membrillo Display 1248 g UNIT,49.9,42.4,7.5,26.9,15.5,36.5566037735849,validated_consistent_positive_sales_positive_cogs,explicit_single_unit,no_catalog_finding,medium,56.83529411764706,1,1,REVENUE_REDUCTION,"Validate discount/refund authorization, business purpose and policy compliance.",675
288,304,4.Bakery,160 Choripan,4.99,4.99,0.0,,,,positive_sales_without_complete_profitability,presentation_not_explicit,no_catalog_finding,medium,56.80995475113122,1,1,MISSING_PROFITABILITY,Load and validate COGS and Gross Profit; do not estimate loss until source cost is confirmed.,676
471,487,1.03 Beverages,Postobon Kola Champagne Colombiana CAN - 10.5 oz UNIT,474.16,466.7,7.460000000000036,255.2,211.5,45.31819155774588,validated_consistent_positive_sales_positive_cogs,explicit_single_unit,informational_family_variant,medium,56.78823529411765,1,1,REVENUE_REDUCTION,"Validate discount/refund authorization, business purpose and policy compliance.",677
461,477,1.03 Beverages,Postobon Apple Can - 10.5 Oz UNIT,537.31,529.93,7.3799999999999955,292.6,237.33,44.78516030419112,validated_consistent_positive_sales_positive_cogs,explicit_single_unit,informational_family_variant,medium,56.741176470588236,1,1,REVENUE_REDUCTION,"Validate discount/refund authorization, business purpose and policy compliance.",678
1813,1829,1.02 Beans,Isadora Refried Black Beans 15.2oz,1737.63,1730.44,7.190000000000055,1060.38,670.06,38.72194355192898,validated_consistent_positive_sales_positive_cogs,weight_based,no_catalog_finding,medium,56.694117647058825,1,1,REVENUE_REDUCTION,"Validate discount/refund authorization, business purpose and policy compliance.",679
1129,1145,1.23 Sauces,Herdez Guacamole Sauce 15.7oz,3046.29,3039.17,7.119999999999891,1967.73,1071.44,35.25436221073517,validated_consistent_positive_sales_positive_cogs,weight_based,no_catalog_finding,medium,56.647058823529406,1,1,REVENUE_REDUCTION,"Validate discount/refund authorization, business purpose and policy compliance.",680
1541,1557,3.Coffee160,Natural Lemonade,5.49,4.94,0.5499999999999998,,,,positive_sales_without_complete_profitability,presentation_not_explicit,no_catalog_finding,medium,56.6289592760181,2,2,MISSING_PROFITABILITY | REVENUE_REDUCTION,"Load and validate COGS and Gross Profit; do not estimate loss until source cost is confirmed. | Validate discount/refund authorization, business purpose and policy compliance.",681
120,136,2. Restaurant,Empanada Cheese and Potato 15 pck,47.97,40.97,7.0,37.32,3.65,8.908957773980962,validated_consistent_positive_sales_positive_cogs,explicit_multipack,no_catalog_finding,medium,56.6,2,2,LOW_MARGIN | REVENUE_REDUCTION,"Review price-cost relationship and whether discounts compressed the observed margin. | Validate discount/refund authorization, business purpose and policy compliance.",682
89,105,2. Restaurant,Bofe & Arepa,391.72,384.73,6.990000000000009,81.2,303.53,78.89428950172848,validated_consistent_positive_sales_positive_cogs,presentation_not_explicit,no_catalog_finding,medium,56.55294117647059,1,1,REVENUE_REDUCTION,"Validate discount/refund authorization, business purpose and policy compliance.",683
1520,1536,3.Coffee160,160 Dark Roast Beans 300g whole,209.86,209.86,0.0,169.26,40.6,19.34623082054703,validated_consistent_positive_sales_positive_cogs,weight_based,no_catalog_finding,medium,56.53846153846153,1,1,LOW_MARGIN,Review price-cost relationship and whether discounts compressed the observed margin.,684
1054,1070,1.05 Chips & Snacks,M. Lycha Rosquilla de Maiz 5.6 oz,6.99,0.0,6.99,0.0,0.0,,non_positive_net_sales,weight_based,no_catalog_finding,medium,56.48235294117647,1,1,REVENUE_REDUCTION,"Validate discount/refund authorization, business purpose and policy compliance.",685
1704,1720,1.19 Peppers,Chile Pasilla Negro 150g,239.76,239.76,0.0,90.72,149.04,62.16216216216216,validated_consistent_positive_sales_positive_cogs,weight_based,actionable_review_candidate,medium,56.48148148148148,1,1,CATALOG_ACTIONABLE,"Validate SKU/UPC, presentation, duplicate status and pack-size configuration before any merge.",686
907,923,1.25 Sweets & Candies,Duvalin Fresa Vainilla Duvalin Fresa Vainilla unid,4.5,4.5,0.0,,,,positive_sales_without_complete_profitability,presentation_not_explicit,no_catalog_finding,medium,56.44796380090498,1,1,MISSING_PROFITABILITY,Load and validate COGS and Gross Profit; do not estimate loss until source cost is confirmed.,687
1225,1241,1.23 Sauces,Botanera Classic Sauce 1 LT,97.86,90.87,6.989999999999995,51.74,39.13,43.06151645207439,validated_consistent_positive_sales_positive_cogs,volume_based,no_catalog_finding,medium,56.41176470588235,1,1,REVENUE_REDUCTION,"Validate discount/refund authorization, business purpose and policy compliance.",688
135,151,2. Restaurant,Aquafina Water 500ml,4.98,4.98,0.0,0.0,4.98,,positive_sales_with_zero_cogs,volume_based,no_catalog_finding,medium,56.37931034482759,1,1,ZERO_COGS,"Confirm recipes, purchase cost or item cost mapping; zero COGS is not accepted as validated margin.",689
701,717,1.25 Sweets & Candies,De La Rosa Pulparindo Squeeze Tamarindo 300 Grs / 10.5oz,377.37,370.47,6.899999999999977,236.74,133.73,36.09738980214322,validated_consistent_positive_sales_positive_cogs,weight_based,no_catalog_finding,medium,56.364705882352936,1,1,REVENUE_REDUCTION,"Validate discount/refund authorization, business purpose and policy compliance.",690
1519,1535,3.Coffee160,160 Herbal Tea 12oz,224.87,218.08,6.789999999999992,56.5,161.58,74.0920763022744,validated_consistent_positive_sales_positive_cogs,volume_based,informational_family_variant,medium,56.22352941176471,1,1,REVENUE_REDUCTION,"Validate discount/refund authorization, business purpose and policy compliance.",691
136,152,2. Restaurant,Postobon Manzana - Apple Soda 10oz Kiosk,2.99,2.99,0.0,,,,positive_sales_without_complete_profitability,volume_based,no_catalog_finding,medium,56.1764705882353,1,1,MISSING_PROFITABILITY,Load and validate COGS and Gross Profit; do not estimate loss until source cost is confirmed.,692
289,305,4.Bakery,Pan Dulce/ Sweet Bread,2.99,2.99,0.0,,,,positive_sales_without_complete_profitability,presentation_not_explicit,no_catalog_finding,medium,56.1764705882353,1,1,MISSING_PROFITABILITY,Load and validate COGS and Gross Profit; do not estimate loss until source cost is confirmed.,693
1717,1733,1.14 Herbal Teas,Yerba Mate Canarias - 1 Kg,728.73,721.98,6.75,464.4,257.58,35.676888556469706,validated_consistent_positive_sales_positive_cogs,weight_based,no_catalog_finding,medium,56.17647058823529,1,1,REVENUE_REDUCTION,"Validate discount/refund authorization, business purpose and policy compliance.",694
1832,1848,1.02 Beans,Iberia Roman Cranberry Cargamanto Beans,211.03,204.29,6.740000000000009,121.9,82.39,40.32992314846542,validated_consistent_positive_sales_positive_cogs,presentation_not_explicit,no_catalog_finding,medium,56.12941176470588,1,1,REVENUE_REDUCTION,"Validate discount/refund authorization, business purpose and policy compliance.",695
1599,1615,1.13 Flours,Maizena Atole Sabor vainilla 47 g / 1.5oz,234.33,234.11,0.21999999999999886,150.87,83.24,35.55593524411601,validated_consistent_positive_sales_positive_cogs,weight_based,actionable_review_candidate,medium,56.111111111111114,2,2,CATALOG_ACTIONABLE | REVENUE_REDUCTION,"Validate SKU/UPC, presentation, duplicate status and pack-size configuration before any merge. | Validate discount/refund authorization, business purpose and policy compliance.",696
211,227,4.Bakery,160 Argentine Chicken Empanada,1182.63,1175.95,6.680000000000064,888.75,287.2,24.422807092138267,validated_consistent_positive_sales_positive_cogs,presentation_not_explicit,no_catalog_finding,medium,56.082352941176474,1,1,REVENUE_REDUCTION,"Validate discount/refund authorization, business purpose and policy compliance.",697
1542,1558,3.Coffee160,160 Hot Milk,3.96,3.96,0.0,0.0,3.96,,positive_sales_with_zero_cogs,presentation_not_explicit,no_catalog_finding,medium,55.91954022988506,1,1,ZERO_COGS,"Confirm recipes, purchase cost or item cost mapping; zero COGS is not accepted as validated margin.",698
1582,1598,1.13 Flours,La FE Powder Mix Pan de Bono 400g,473.21,466.62,6.589999999999975,277.68,188.94,40.49119197634049,validated_consistent_positive_sales_positive_cogs,weight_based,no_catalog_finding,medium,55.89411764705882,1,1,REVENUE_REDUCTION,"Validate discount/refund authorization, business purpose and policy compliance.",699
64,80,2. Restaurant,Unimarket Pico de Gallo Salsa 8 oz,1509.48,1502.91,6.569999999999936,342.72,1160.19,77.1962392957662,validated_consistent_positive_sales_positive_cogs,weight_based,no_catalog_finding,medium,55.84705882352941,1,1,REVENUE_REDUCTION,"Validate discount/refund authorization, business purpose and policy compliance.",700
615,631,1.03 Beverages,Jumex Guava Nectar 11.3oz x Unit,1.99,1.99,0.0,,,,positive_sales_without_complete_profitability,explicit_single_unit,no_catalog_finding,medium,55.81447963800905,1,1,MISSING_PROFITABILITY,Load and validate COGS and Gross Profit; do not estimate loss until source cost is confirmed.,701
1927,1943,1.11 Fresh Products,Elote Mexicano Fresco UNIT,1.99,1.99,0.0,,,,positive_sales_without_complete_profitability,explicit_single_unit,no_catalog_finding,medium,55.81447963800905,1,1,MISSING_PROFITABILITY,Load and validate COGS and Gross Profit; do not estimate loss until source cost is confirmed.,702
677,693,1.25 Sweets & Candies,Su Sabor Bocadillo de Guayaba Combinado 500g,480.43,473.93,6.5,261.08,212.85,44.911695820057815,validated_consistent_positive_sales_positive_cogs,weight_based,no_catalog_finding,medium,55.8,1,1,REVENUE_REDUCTION,"Validate discount/refund authorization, business purpose and policy compliance.",703
546,562,1.03 Beverages,Cuzcatlan Cola Champagne 12oz UNIT,131.97,125.72,6.25,91.16,34.56,27.48965956092905,validated_consistent_positive_sales_positive_cogs,explicit_single_unit,informational_family_variant,medium,55.63529411764706,1,1,REVENUE_REDUCTION,"Validate discount/refund authorization, business purpose and policy compliance.",704
1686,1702,1.09 Cookies & Crackers,Marinela Barritas Fresa 14.18oz/ 402g unit,0.99,0.99,0.0,,,,positive_sales_without_complete_profitability,explicit_single_unit,no_catalog_finding,medium,55.542986425339365,1,1,MISSING_PROFITABILITY,Load and validate COGS and Gross Profit; do not estimate loss until source cost is confirmed.,705
342,358,1.12 Frozen Products,Fresh Bocado Blackberry Pulp 14oz,632.25,626.21,6.039999999999964,349.98,276.23,44.11140032896313,validated_consistent_positive_sales_positive_cogs,weight_based,informational_family_variant,medium,55.51764705882353,1,1,REVENUE_REDUCTION,"Validate discount/refund authorization, business purpose and policy compliance.",706
1543,1559,3.Coffee160,Vaso Desechable Cafe,0.25,0.25,0.0,0.0,0.25,,positive_sales_with_zero_cogs,presentation_not_explicit,no_catalog_finding,medium,55.45977011494253,1,1,ZERO_COGS,"Confirm recipes, purchase cost or item cost mapping; zero COGS is not accepted as validated margin.",707
354,370,1.12 Frozen Products,Fresh Bocado Soursop Chunks pulp 14oz,401.33,395.34,5.990000000000009,244.86,150.48,38.06343906510851,validated_consistent_positive_sales_positive_cogs,weight_based,no_catalog_finding,medium,55.423529411764704,1,1,REVENUE_REDUCTION,"Validate discount/refund authorization, business purpose and policy compliance.",708
1636,1652,1.09 Cookies & Crackers,Noel Festival Strawberry 403g,1045.62,1039.63,5.989999999999782,689.33,350.3,33.69467983801929,validated_consistent_positive_sales_positive_cogs,weight_based,no_catalog_finding,medium,55.37647058823529,1,1,REVENUE_REDUCTION,"Validate discount/refund authorization, business purpose and policy compliance.",709
910,926,1.25 Sweets & Candies,De La Rosa Pulparindo Extra Spicy 280g / 10oz unit,0.98,0.98,0.0,,,,positive_sales_without_complete_profitability,explicit_single_unit,actionable_review_candidate,medium,55.36199095022624,2,2,CATALOG_ACTIONABLE | MISSING_PROFITABILITY,"Load and validate COGS and Gross Profit; do not estimate loss until source cost is confirmed. | Validate SKU/UPC, presentation, duplicate status and pack-size configuration before any merge.",710
625,641,1.25 Sweets & Candies,Ramo Cake Chocorramo 5pack,1999.26,1993.51,5.75,1071.84,921.67,46.233527797703545,validated_consistent_positive_sales_positive_cogs,explicit_multipack,no_catalog_finding,medium,55.23529411764706,1,1,REVENUE_REDUCTION,"Validate discount/refund authorization, business purpose and policy compliance.",711
1068,1084,1.26 Tortillas,"Don Pancho Street Tacos Flour Tortilla 5"" 11.85oz",1859.78,1854.09,5.690000000000055,1212.9,641.19,34.58246363445141,validated_consistent_positive_sales_positive_cogs,weight_based,no_catalog_finding,medium,55.188235294117646,1,1,REVENUE_REDUCTION,"Validate discount/refund authorization, business purpose and policy compliance.",712
911,927,1.25 Sweets & Candies,De la Rosa Pulparindo Sandia 10 oz/ 280g unit,0.49,0.49,0.0,,,,positive_sales_without_complete_profitability,explicit_single_unit,actionable_review_candidate,medium,55.18099547511312,2,2,CATALOG_ACTIONABLE | MISSING_PROFITABILITY,"Load and validate COGS and Gross Profit; do not estimate loss until source cost is confirmed. | Validate SKU/UPC, presentation, duplicate status and pack-size configuration before any merge.",713
936,952,1.05 Chips & Snacks,Sabritas Crujiente Flamint Hot 100 g,974.78,969.18,5.600000000000023,562.42,406.76,41.969499989682,validated_consistent_positive_sales_positive_cogs,weight_based,no_catalog_finding,medium,55.141176470588235,1,1,REVENUE_REDUCTION,"Validate discount/refund authorization, business purpose and policy compliance.",714
1643,1659,1.09 Cookies & Crackers,Noel Festival Coconut Cookies 12 pack / 403 g,661.08,655.49,5.590000000000032,414.99,240.5,36.690109688935,validated_consistent_positive_sales_positive_cogs,explicit_multipack,no_catalog_finding,medium,55.04705882352941,1,1,REVENUE_REDUCTION,"Validate discount/refund authorization, business purpose and policy compliance.",715
441,457,1.03 Beverages,Jarritos Mandarina 12.5oz UNIT,744.51,738.95,5.559999999999945,460.46,278.49,37.68725894850802,validated_consistent_positive_sales_positive_cogs,explicit_single_unit,informational_family_variant,medium,55.0,1,1,REVENUE_REDUCTION,"Validate discount/refund authorization, business purpose and policy compliance.",716
1987,2003,Uncategorized,Manual Transaction,0.0,-0.7,0.7,,,,non_positive_net_sales,presentation_not_explicit,adjustment_record,medium,55.0,2,2,MANUAL_NEGATIVE_ADJUSTMENT | REVENUE_REDUCTION,"Trace the manual transaction to user, date, reason, approval and original sale. | Validate discount/refund authorization, business purpose and policy compliance.",717
194,210,4.Bakery,160 Argentine Gourmet Empanada,1631.73,1626.23,5.5,1198.95,427.28,26.27426624770174,validated_consistent_positive_sales_positive_cogs,presentation_not_explicit,no_catalog_finding,medium,54.83529411764706,1,1,REVENUE_REDUCTION,"Validate discount/refund authorization, business purpose and policy compliance.",718
1823,1839,1.02 Beans,Ducal Frijol Rojo Refrito 29oz,538.51,533.01,5.5,353.34,179.67,33.70856081499409,validated_consistent_positive_sales_positive_cogs,weight_based,no_catalog_finding,medium,54.83529411764706,1,1,REVENUE_REDUCTION,"Validate discount/refund authorization, business purpose and policy compliance.",719
1735,1751,1.14 Herbal Teas,CBSE Yerba Mate Lemon 500g,152.83,147.43,5.400000000000006,99.79,47.64,32.31364037170182,validated_consistent_positive_sales_positive_cogs,weight_based,no_catalog_finding,medium,54.741176470588236,1,1,REVENUE_REDUCTION,"Validate discount/refund authorization, business purpose and policy compliance.",720
1610,1626,1.13 Flours,Pinduca Farofa Calabresa 250 g,81.59,76.19,5.400000000000006,45.31,30.88,40.53025331408321,validated_consistent_positive_sales_positive_cogs,weight_based,no_catalog_finding,medium,54.741176470588236,1,1,REVENUE_REDUCTION,"Validate discount/refund authorization, business purpose and policy compliance.",721
244,260,4.Bakery,160 LM Medium Passion Fruit Cheesecake,164.95,164.95,0.0,130.2,34.75,21.06698999696878,validated_consistent_positive_sales_positive_cogs,presentation_not_explicit,no_catalog_finding,medium,54.69230769230769,1,1,LOW_MARGIN,Review price-cost relationship and whether discounts compressed the observed margin.,722
1722,1738,1.14 Herbal Teas,CBSe Mate Guarana 500g,377.58,372.18,5.399999999999977,246.54,125.64,33.75785910043527,validated_consistent_positive_sales_positive_cogs,weight_based,no_catalog_finding,medium,54.67058823529412,1,1,REVENUE_REDUCTION,"Validate discount/refund authorization, business purpose and policy compliance.",723
516,532,1.03 Beverages,Fanta Fresa 355 ML / 16.91oz UNIT,203.49,203.49,0.0,133.11,70.38,34.58646616541353,validated_consistent_positive_sales_positive_cogs,explicit_single_unit,actionable_review_candidate,medium,54.62962962962963,1,1,CATALOG_ACTIONABLE,"Validate SKU/UPC, presentation, duplicate status and pack-size configuration before any merge.",724
451,467,1.03 Beverages,Coca Cola Mexicana  - T  - 355 ML,628.6,623.21,5.389999999999986,372.4,250.81,40.24486128271369,validated_consistent_positive_sales_positive_cogs,volume_based,informational_family_variant,medium,54.576470588235296,1,1,REVENUE_REDUCTION,"Validate discount/refund authorization, business purpose and policy compliance.",725
202,218,4.Bakery,160 Venezuelan Pastelitos Papa y Queso,1326.5,1321.25,5.25,568.5,752.75,56.97256385998107,validated_consistent_positive_sales_positive_cogs,presentation_not_explicit,no_catalog_finding,medium,54.43529411764706,1,1,REVENUE_REDUCTION,"Validate discount/refund authorization, business purpose and policy compliance.",726
638,654,1.25 Sweets & Candies,Ramo Chocoramo Esquinas 8/200G,1011.15,1005.9,5.25,643.95,361.95,35.98270205785863,validated_consistent_positive_sales_positive_cogs,explicit_multipack,no_catalog_finding,medium,54.43529411764706,1,1,REVENUE_REDUCTION,"Validate discount/refund authorization, business purpose and policy compliance.",727
357,373,1.12 Frozen Products,Jack's Food Choclo desgranado Frozen 1lb,377.64,372.39,5.25,241.92,130.47,35.035849512607754,validated_consistent_positive_sales_positive_cogs,weight_based,no_catalog_finding,medium,54.43529411764706,1,1,REVENUE_REDUCTION,"Validate discount/refund authorization, business purpose and policy compliance.",728
107,123,2. Restaurant,Mini Arepa Cocina,153.0,147.75,5.25,20.4,127.35,86.19289340101523,validated_consistent_positive_sales_positive_cogs,presentation_not_explicit,no_catalog_finding,medium,54.43529411764706,1,1,REVENUE_REDUCTION,"Validate discount/refund authorization, business purpose and policy compliance.",729
1615,1631,1.13 Flours,Pinduca Farofa Bacon 250g,44.85,39.6,5.25,29.37,10.23,25.833333333333336,validated_consistent_positive_sales_positive_cogs,weight_based,no_catalog_finding,medium,54.43529411764706,1,1,REVENUE_REDUCTION,"Validate discount/refund authorization, business purpose and policy compliance.",730
1004,1020,1.05 Chips & Snacks,Sabritas Fritos Chile-Limon 170g .,194.01,194.01,0.0,119.19,74.82,38.56502242152467,validated_consistent_positive_sales_positive_cogs,weight_based,actionable_review_candidate,medium,54.25925925925926,1,1,CATALOG_ACTIONABLE,"Validate SKU/UPC, presentation, duplicate status and pack-size configuration before any merge.",731
463,479,1.03 Beverages,Hit Lulo 8 oz UNIT,523.37,518.18,5.190000000000055,256.76,261.42,50.44965070052878,validated_consistent_positive_sales_positive_cogs,explicit_single_unit,no_catalog_finding,medium,54.247058823529414,1,1,REVENUE_REDUCTION,"Validate discount/refund authorization, business purpose and policy compliance.",732
1921,1937,1.11 Fresh Products,Chile Poblano/Poblano Pepper Kg,1770.3,1765.14,5.1599999999998545,1009.39,755.75,42.81530076934407,validated_consistent_positive_sales_positive_cogs,presentation_not_explicit,no_catalog_finding,medium,54.2,1,1,REVENUE_REDUCTION,"Validate discount/refund authorization, business purpose and policy compliance.",733
1449,1465,1.04 Can Products,Carey Tomate Molido 2.8 kg,424.75,419.65,5.100000000000023,277.25,142.4,33.9330394376266,validated_consistent_positive_sales_positive_cogs,weight_based,no_catalog_finding,medium,54.08235294117647,1,1,REVENUE_REDUCTION,"Validate discount/refund authorization, business purpose and policy compliance.",734
1005,1021,1.05 Chips & Snacks,Totis Donita Con Chile y Limon 24 / 50 Gr,194.35,193.78,0.5699999999999932,94.9,98.88,51.02693776447518,validated_consistent_positive_sales_positive_cogs,explicit_multipack,actionable_review_candidate,medium,53.888888888888886,2,2,CATALOG_ACTIONABLE | REVENUE_REDUCTION,"Validate SKU/UPC, presentation, duplicate status and pack-size configuration before any merge. | Validate discount/refund authorization, business purpose and policy compliance.",735
306,322,1.12 Frozen Products,Arepaisano Arepas Queso Delgadas x 5,2664.4,2659.4,5.0,1687.4,972.0,36.54959765360608,validated_consistent_positive_sales_positive_cogs,explicit_multipack,no_catalog_finding,medium,53.8235294117647,1,1,REVENUE_REDUCTION,"Validate discount/refund authorization, business purpose and policy compliance.",736
201,217,4.Bakery,160 Tequeno Unidad,1336.5,1331.5,5.0,594.0,737.5,55.38865940668419,validated_consistent_positive_sales_positive_cogs,explicit_single_unit,no_catalog_finding,medium,53.8235294117647,1,1,REVENUE_REDUCTION,"Validate discount/refund authorization, business purpose and policy compliance.",737
1427,1443,1.04 Can Products,Las Palmas Enchilada Roja Mild 28oz,1288.71,1283.71,5.0,819.15,464.56,36.18885885441416,validated_consistent_positive_sales_positive_cogs,weight_based,no_catalog_finding,medium,53.8235294117647,1,1,REVENUE_REDUCTION,"Validate discount/refund authorization, business purpose and policy compliance.",738
1428,1444,1.04 Can Products,Las Palmas Enchilada Verde 28oz,1238.76,1233.76,5.0,787.4,446.36,36.17883542990533,validated_consistent_positive_sales_positive_cogs,weight_based,no_catalog_finding,medium,53.8235294117647,1,1,REVENUE_REDUCTION,"Validate discount/refund authorization, business purpose and policy compliance.",739
499,515,1.03 Beverages,Goya Agua de Coco 17oz,304.39,299.39,5.0,167.09,132.3,44.189852700491,validated_consistent_positive_sales_positive_cogs,volume_based,no_catalog_finding,medium,53.8235294117647,1,1,REVENUE_REDUCTION,"Validate discount/refund authorization, business purpose and policy compliance.",740
1705,1721,1.19 Peppers,Chile de Arbol 150 gr,219.78,214.78,5.0,51.48,163.3,76.03128782940684,validated_consistent_positive_sales_positive_cogs,weight_based,no_catalog_finding,medium,53.8235294117647,1,1,REVENUE_REDUCTION,"Validate discount/refund authorization, business purpose and policy compliance.",741
439,455,1.03 Beverages,Squirt soda 355ml UNIT,808.38,803.39,4.990000000000009,469.8,333.59,41.52279714708921,validated_consistent_positive_sales_positive_cogs,explicit_single_unit,informational_family_variant,medium,53.54117647058823,1,1,REVENUE_REDUCTION,"Validate discount/refund authorization, business purpose and policy compliance.",742
1580,1596,1.13 Flours,La FE Powder Mix Bunuelos 400g,558.88,553.89,4.990000000000009,329.67,224.22,40.480961923847694,validated_consistent_positive_sales_positive_cogs,weight_based,no_catalog_finding,medium,53.54117647058823,1,1,REVENUE_REDUCTION,"Validate discount/refund authorization, business purpose and policy compliance.",743
751,767,1.25 Sweets & Candies,La Molienda Milk Candy Bar 110g/ 3.9 oz,184.63,179.64,4.990000000000009,86.4,93.24,51.903807615230455,validated_consistent_positive_sales_positive_cogs,weight_based,informational_family_variant,medium,53.54117647058823,1,1,REVENUE_REDUCTION,"Validate discount/refund authorization, business purpose and policy compliance.",744
1791,1807,1.28 Grains,Iberia Mexican Style Rice Box - 8 oz,191.52,191.52,0.0,121.92,69.6,36.34085213032581,validated_consistent_positive_sales_positive_cogs,pack_or_case_count_unresolved,actionable_review_candidate,medium,53.51851851851852,1,1,CATALOG_ACTIONABLE,"Validate SKU/UPC, presentation, duplicate status and pack-size configuration before any merge.",745
1405,1421,1.07 Condiments & Spices,Alicante Salsa 4 Quesos  37 g,69.86,64.87,4.989999999999995,38.22,26.65,41.08216432865731,validated_consistent_positive_sales_positive_cogs,weight_based,no_catalog_finding,medium,53.400000000000006,1,1,REVENUE_REDUCTION,"Validate discount/refund authorization, business purpose and policy compliance.",746
345,361,1.12 Frozen Products,Fresh Bocado Guava Pulp 14oz,593.81,588.82,4.989999999999895,315.06,273.76,46.49298597194388,validated_consistent_positive_sales_positive_cogs,weight_based,no_catalog_finding,medium,53.35294117647059,1,1,REVENUE_REDUCTION,"Validate discount/refund authorization, business purpose and policy compliance.",747
446,462,1.03 Beverages,Jarritos Mango12.5 oz UNIT,702.18,697.2,4.9799999999999045,434.28,262.92,37.71084337349397,validated_consistent_positive_sales_positive_cogs,explicit_single_unit,informational_family_variant,medium,53.305882352941175,1,1,REVENUE_REDUCTION,"Validate discount/refund authorization, business purpose and policy compliance.",748
694,710,1.25 Sweets & Candies,Aldame Oblea Mini 32 / 20 200 Gr,420.75,415.8,4.949999999999989,270.3,145.5,34.99278499278499,validated_consistent_positive_sales_positive_cogs,weight_based,no_catalog_finding,medium,53.258823529411764,1,1,REVENUE_REDUCTION,"Validate discount/refund authorization, business purpose and policy compliance.",749
296,312,1.12 Frozen Products,Dona Emilia Papa Criolla 908gr,5061.16,5056.26,4.899999999999636,3332.64,1723.62,34.08883245719168,validated_consistent_positive_sales_positive_cogs,weight_based,no_catalog_finding,medium,53.16470588235293,1,1,REVENUE_REDUCTION,"Validate discount/refund authorization, business purpose and policy compliance.",750
311,327,1.12 Frozen Products,Dona Emilia Sancocho 908g,2094.07,2089.27,4.800000000000182,1359.52,729.75,34.9284678380487,validated_consistent_positive_sales_positive_cogs,weight_based,no_catalog_finding,medium,53.11764705882353,1,1,REVENUE_REDUCTION,"Validate discount/refund authorization, business purpose and policy compliance.",751
2012,2028,1.16 Miscelanea,Yerba Mata Playadito Kit Mate + Bombilla + 5 Und - 500 Gr,335.93,331.13,4.800000000000011,219.52,111.61,33.705795306979134,validated_consistent_positive_sales_positive_cogs,weight_based,no_catalog_finding,medium,53.07058823529412,1,1,REVENUE_REDUCTION,"Validate discount/refund authorization, business purpose and policy compliance.",752
426,442,1.03 Beverages,Inca Kola 2 LT,1222.47,1217.67,4.7999999999999545,791.01,426.66,35.03904998891325,validated_consistent_positive_sales_positive_cogs,volume_based,no_catalog_finding,medium,53.0,1,1,REVENUE_REDUCTION,"Validate discount/refund authorization, business purpose and policy compliance.",753
1642,1658,1.09 Cookies & Crackers,Chiky Chocolate Cookies 16.9oz,718.8,714.0,4.7999999999999545,468.0,246.0,34.45378151260504,validated_consistent_positive_sales_positive_cogs,weight_based,no_catalog_finding,medium,53.0,1,1,REVENUE_REDUCTION,"Validate discount/refund authorization, business purpose and policy compliance.",754
164,180,4.Bakery,160 Argentine Beef Empanada,3932.12,3927.37,4.75,2925.25,1002.12,25.51631244318717,validated_consistent_positive_sales_positive_cogs,presentation_not_explicit,no_catalog_finding,medium,52.92941176470589,1,1,REVENUE_REDUCTION,"Validate discount/refund authorization, business purpose and policy compliance.",755
90,106,2. Restaurant,UMS Carnitas Kg,376.68,372.08,4.600000000000023,131.84,240.24,64.56675983659429,validated_consistent_positive_sales_positive_cogs,presentation_not_explicit,no_catalog_finding,medium,52.88235294117647,1,1,REVENUE_REDUCTION,"Validate discount/refund authorization, business purpose and policy compliance.",756
252,268,4.Bakery,160 LM Large Passion Fruit Cheesecake,122.97,122.97,0.0,96.0,26.97,21.9321785801415,validated_consistent_positive_sales_positive_cogs,presentation_not_explicit,no_catalog_finding,medium,52.84615384615385,1,1,LOW_MARGIN,Review price-cost relationship and whether discounts compressed the observed margin.,757
1792,1808,1.28 Grains,Iberia Rice with Black Bean Box - 8 Oz,169.66,169.66,0.0,107.1,62.56,36.87374749498999,validated_consistent_positive_sales_positive_cogs,pack_or_case_count_unresolved,actionable_review_candidate,medium,52.77777777777778,1,1,CATALOG_ACTIONABLE,"Validate SKU/UPC, presentation, duplicate status and pack-size configuration before any merge.",758
1318,1334,1.07 Condiments & Spices,La Fiesta Chile Guajillo Entero 6oz,1771.03,1766.53,4.5,1105.17,661.36,37.43836787374118,validated_consistent_positive_sales_positive_cogs,weight_based,informational_family_variant,medium,52.71764705882353,1,1,REVENUE_REDUCTION,"Validate discount/refund authorization, business purpose and policy compliance.",759
195,211,4.Bakery,160 Ham and Bacon Cachitos,1511.97,1507.47,4.5,909.0,598.47,39.70029254313519,validated_consistent_positive_sales_positive_cogs,presentation_not_explicit,no_catalog_finding,medium,52.71764705882353,1,1,REVENUE_REDUCTION,"Validate discount/refund authorization, business purpose and policy compliance.",760
933,949,1.05 Chips & Snacks,Sabritas Doritos Nacho Gde 146 g,1183.42,1178.92,4.5,728.38,450.54,38.216333593458415,validated_consistent_positive_sales_positive_cogs,weight_based,no_catalog_finding,medium,52.71764705882353,1,1,REVENUE_REDUCTION,"Validate discount/refund authorization, business purpose and policy compliance.",761
1499,1515,3.Coffee160,160 Cappuccino 16oz,938.41,933.91,4.5,418.0,515.91,55.2419398014798,validated_consistent_positive_sales_positive_cogs,weight_based,no_catalog_finding,medium,52.71764705882353,1,1,REVENUE_REDUCTION,"Validate discount/refund authorization, business purpose and policy compliance.",762
1168,1184,1.23 Sauces,Inca's Food Aji Amarillo Especial Sin Picante Valde 1.7 kg,449.92,445.42,4.5,306.36,139.06,31.21997216110637,validated_consistent_positive_sales_positive_cogs,weight_based,no_catalog_finding,medium,52.71764705882353,1,1,REVENUE_REDUCTION,"Validate discount/refund authorization, business purpose and policy compliance.",763
1388,1404,1.07 Condiments & Spices,Orale Hoja de Aguacate 0.25 oz,166.13,161.64,4.490000000000009,112.68,48.96,30.28953229398664,validated_consistent_positive_sales_positive_cogs,weight_based,no_catalog_finding,medium,52.529411764705884,1,1,REVENUE_REDUCTION,"Validate discount/refund authorization, business purpose and policy compliance.",764
1986,2002,Uncategorized,Manual Transaction,0.0,-0.5,0.5,,,,non_positive_net_sales,presentation_not_explicit,adjustment_record,medium,52.5,2,2,MANUAL_NEGATIVE_ADJUSTMENT | REVENUE_REDUCTION,"Trace the manual transaction to user, date, reason, approval and original sale. | Validate discount/refund authorization, business purpose and policy compliance.",765
938,954,1.05 Chips & Snacks,Dismex Chicharrones 4oz,875.61,871.15,4.460000000000036,540.96,330.19,37.90277219766975,validated_consistent_positive_sales_positive_cogs,weight_based,no_catalog_finding,medium,52.45882352941176,1,1,REVENUE_REDUCTION,"Validate discount/refund authorization, business purpose and policy compliance.",766
207,223,4.Bakery,160 Alfajor Unit UNIT,1234.69,1230.24,4.4500000000000455,415.8,814.44,66.20171673819742,validated_consistent_positive_sales_positive_cogs,explicit_single_unit,no_catalog_finding,medium,52.411764705882355,1,1,REVENUE_REDUCTION,"Validate discount/refund authorization, business purpose and policy compliance.",767
917,933,1.05 Chips & Snacks,Las Torres Corn Tostada Raspada 20ct,3298.4,3294.0,4.400000000000091,1925.23,1368.77,41.55343047965999,validated_consistent_positive_sales_positive_cogs,presentation_not_explicit,no_catalog_finding,medium,52.36470588235294,1,1,REVENUE_REDUCTION,"Validate discount/refund authorization, business purpose and policy compliance.",768
1639,1655,1.09 Cookies & Crackers,Noel Crackers Saltin 3 Tacos 300g,937.65,933.26,4.389999999999986,568.62,364.64,39.0716413432484,validated_consistent_positive_sales_positive_cogs,weight_based,no_catalog_finding,medium,52.27058823529412,1,1,REVENUE_REDUCTION,"Validate discount/refund authorization, business purpose and policy compliance.",769
491,507,1.03 Beverages,Jarritos Pina 1.5 Lt,357.12,352.73,4.389999999999986,225.28,127.45,36.1324525841295,validated_consistent_positive_sales_positive_cogs,volume_based,informational_family_variant,medium,52.27058823529412,1,1,REVENUE_REDUCTION,"Validate discount/refund authorization, business purpose and policy compliance.",770
534,550,1.03 Beverages,Electrolit Suero Hidratante Naranja-Mandarina,170.19,165.8,4.389999999999986,86.49,79.31,47.834740651387214,validated_consistent_positive_sales_positive_cogs,presentation_not_explicit,no_catalog_finding,medium,52.27058823529412,1,1,REVENUE_REDUCTION,"Validate discount/refund authorization, business purpose and policy compliance.",771
110,126,2. Restaurant,Pico de Gallo side 2oz,127.36,123.17,4.189999999999998,22.4,100.77,81.8137533490298,validated_consistent_positive_sales_positive_cogs,weight_based,no_catalog_finding,medium,52.12941176470588,1,1,REVENUE_REDUCTION,"Validate discount/refund authorization, business purpose and policy compliance.",772
1794,1810,1.28 Grains,Iberia Yellow Rice Box - Oz,131.67,131.67,0.0,83.82,47.85,36.34085213032582,validated_consistent_positive_sales_positive_cogs,pack_or_case_count_unresolved,actionable_review_candidate,medium,52.03703703703704,1,1,CATALOG_ACTIONABLE,"Validate SKU/UPC, presentation, duplicate status and pack-size configuration before any merge.",773
797,813,1.25 Sweets & Candies,Las Nelas Choco Wow Cake - 800 Gr UNIT,91.12,87.02,4.1000000000000085,63.52,23.5,27.005286141116983,validated_consistent_positive_sales_positive_cogs,explicit_single_unit,informational_family_variant,medium,52.03529411764706,1,1,REVENUE_REDUCTION,"Validate discount/refund authorization, business purpose and policy compliance.",774
2029,2045,Bakery Frozen Products,160 Pandebono congelado x6,755.46,751.41,4.050000000000068,539.1,212.32,28.256211655421144,validated_consistent_positive_sales_positive_cogs,explicit_multipack,no_catalog_finding,medium,51.98823529411764,1,1,REVENUE_REDUCTION,"Validate discount/refund authorization, business purpose and policy compliance.",775
1135,1151,1.23 Sauces,La Costeña Salsa de Guacamole 16.07 oz,1709.86,1705.86,4.0,1005.8,700.06,41.038537746356674,validated_consistent_positive_sales_positive_cogs,weight_based,no_catalog_finding,medium,51.8,1,1,REVENUE_REDUCTION,"Validate discount/refund authorization, business purpose and policy compliance.",776
481,497,1.03 Beverages,Fanta Pineapple Glass - 12 oz,406.98,402.98,4.0,262.71,140.27,34.80817906595861,validated_consistent_positive_sales_positive_cogs,volume_based,no_catalog_finding,medium,51.8,1,1,REVENUE_REDUCTION,"Validate discount/refund authorization, business purpose and policy compliance.",777
1603,1619,1.13 Flours,Amafil Massa para Tapioca 500g,137.77,133.77,4.0,85.1,48.67,36.383344546609855,validated_consistent_positive_sales_positive_cogs,weight_based,no_catalog_finding,medium,51.8,1,1,REVENUE_REDUCTION,"Validate discount/refund authorization, business purpose and policy compliance.",778
383,399,1.12 Frozen Products,Delifood Guava Frozen Fruit Pulp Pouche 8/10/ 90g,83.93,79.93,4.0,51.24,28.69,35.89390716877268,validated_consistent_positive_sales_positive_cogs,explicit_multipack,no_catalog_finding,medium,51.8,1,1,REVENUE_REDUCTION,"Validate discount/refund authorization, business purpose and policy compliance.",779
1746,1762,1.14 Herbal Teas,Pipore Yerba Mate 1kg,15.99,11.99,4.0,10.51,1.48,12.343619683069225,validated_consistent_positive_sales_positive_cogs,weight_based,no_catalog_finding,medium,51.8,2,2,LOW_MARGIN | REVENUE_REDUCTION,"Review price-cost relationship and whether discounts compressed the observed margin. | Validate discount/refund authorization, business purpose and policy compliance.",780
1053,1069,1.05 Chips & Snacks,Sabritas Fritos Chorizo Chipotle 23 - 170 Gr T,7.99,3.99,4.0,3.97,0.02,0.5012531328320802,validated_consistent_positive_sales_positive_cogs,weight_based,no_catalog_finding,medium,51.8,2,2,LOW_MARGIN | REVENUE_REDUCTION,"Review price-cost relationship and whether discounts compressed the observed margin. | Validate discount/refund authorization, business purpose and policy compliance.",781
1189,1205,1.23 Sauces,Zaaschila Habanero Homestyle Sauce 6/265 g,254.49,250.5,3.990000000000009,148.92,101.58,40.55089820359281,validated_consistent_positive_sales_positive_cogs,explicit_multipack,no_catalog_finding,medium,51.58823529411765,1,1,REVENUE_REDUCTION,"Validate discount/refund authorization, business purpose and policy compliance.",782
785,801,1.25 Sweets & Candies,Aldor Pin Pop Maracuya Bag,106.76,102.77,3.990000000000009,62.58,40.19,39.1067432129999,validated_consistent_positive_sales_positive_cogs,presentation_not_explicit,no_catalog_finding,medium,51.58823529411765,1,1,REVENUE_REDUCTION,"Validate discount/refund authorization, business purpose and policy compliance.",783
592,608,1.03 Beverages,Ole Cocktail  - Non Alcoholic Margarita - Lime,35.91,31.92,3.989999999999995,13.95,17.97,56.296992481203,validated_consistent_positive_sales_positive_cogs,presentation_not_explicit,no_catalog_finding,medium,51.51764705882353,1,1,REVENUE_REDUCTION,"Validate discount/refund authorization, business purpose and policy compliance.",784
640,656,1.25 Sweets & Candies,Chocapic Cereal Chocolateado 14/375gr,1000.05,996.12,3.92999999999995,652.37,343.75,34.50889451070152,validated_consistent_positive_sales_positive_cogs,explicit_multipack,no_catalog_finding,medium,51.470588235294116,1,1,REVENUE_REDUCTION,"Validate discount/refund authorization, business purpose and policy compliance.",785
184,200,4.Bakery,160 Pastel Gloria,1971.75,1967.85,3.900000000000091,661.48,1306.37,66.38564931270167,validated_consistent_positive_sales_positive_cogs,presentation_not_explicit,no_catalog_finding,medium,51.423529411764704,1,1,REVENUE_REDUCTION,"Validate discount/refund authorization, business purpose and policy compliance.",786
208,224,4.Bakery,160 Venezuelan Pastelito Queso,1221.5,1217.64,3.8599999999999,523.5,694.14,57.006997142012416,validated_consistent_positive_sales_positive_cogs,presentation_not_explicit,no_catalog_finding,medium,51.37647058823529,1,1,REVENUE_REDUCTION,"Validate discount/refund authorization, business purpose and policy compliance.",787
2031,2047,Bakery Frozen Products,160 Pandebono Valluno 6 Pack,149.9,146.15,3.75,101.2,44.95,30.756072528224426,validated_consistent_positive_sales_positive_cogs,explicit_multipack,no_catalog_finding,medium,51.32941176470588,1,1,REVENUE_REDUCTION,"Validate discount/refund authorization, business purpose and policy compliance.",788
262,278,4.Bakery,160 Croissant Guava,77.41,73.8,3.6099999999999994,47.75,26.05,35.298102981029814,validated_consistent_positive_sales_positive_cogs,presentation_not_explicit,no_catalog_finding,medium,51.28235294117647,1,1,REVENUE_REDUCTION,"Validate discount/refund authorization, business purpose and policy compliance.",789
295,311,1.12 Frozen Products,Norley's Arepa Grande White 10 pack,8464.94,8461.34,3.600000000000364,5648.0,2813.34,33.24934348460173,validated_consistent_positive_sales_positive_cogs,explicit_multipack,no_catalog_finding,medium,51.23529411764706,1,1,REVENUE_REDUCTION,"Validate discount/refund authorization, business purpose and policy compliance.",790
926,942,1.05 Chips & Snacks,Achiras del Huila 50g 6 Pack,1627.09,1623.53,3.5599999999999454,1081.06,542.47,33.41299514021915,validated_consistent_positive_sales_positive_cogs,explicit_multipack,informational_family_variant,medium,51.188235294117646,1,1,REVENUE_REDUCTION,"Validate discount/refund authorization, business purpose and policy compliance.",791
1716,1732,1.14 Herbal Teas,Amanda Yerba Mate 1 kg,793.47,789.97,3.5,472.83,317.14,40.145828322594525,validated_consistent_positive_sales_positive_cogs,weight_based,no_catalog_finding,medium,50.95294117647059,1,1,REVENUE_REDUCTION,"Validate discount/refund authorization, business purpose and policy compliance.",792
447,463,1.03 Beverages,"Guarana Antartica 2 LT ,",678.03,674.53,3.5,399.64,274.89,40.75282048240997,validated_consistent_positive_sales_positive_cogs,volume_based,informational_family_variant,medium,50.95294117647059,1,1,REVENUE_REDUCTION,"Validate discount/refund authorization, business purpose and policy compliance.",793
1464,1480,1.04 Can Products,La Morena Whole Pickled Jalapeno 28.2 oz,230.67,227.17,3.5,147.18,79.99,35.211515605053485,validated_consistent_positive_sales_positive_cogs,weight_based,no_catalog_finding,medium,50.95294117647059,1,1,REVENUE_REDUCTION,"Validate discount/refund authorization, business purpose and policy compliance.",794
1198,1214,1.23 Sauces,Zaaschila De Arbol Homestyle Sauce 6/265 g,214.57,211.07,3.5,125.56,85.51,40.51262614298574,validated_consistent_positive_sales_positive_cogs,explicit_multipack,no_catalog_finding,medium,50.95294117647059,1,1,REVENUE_REDUCTION,"Validate discount/refund authorization, business purpose and policy compliance.",795
1605,1621,1.13 Flours,Pinduca Polvinho de Mandioca Doce / Sweet Starch /1kg,125.82,122.32,3.5,77.22,45.1,36.87050359712231,validated_consistent_positive_sales_positive_cogs,weight_based,no_catalog_finding,medium,50.95294117647059,1,1,REVENUE_REDUCTION,"Validate discount/refund authorization, business purpose and policy compliance.",796
1839,1855,1.02 Beans,Kicaldo Feijao Carioca 1kg,73.9,70.4,3.5,46.7,23.7,33.66477272727273,validated_consistent_positive_sales_positive_cogs,weight_based,no_catalog_finding,medium,50.95294117647059,1,1,REVENUE_REDUCTION,"Validate discount/refund authorization, business purpose and policy compliance.",797
1422,1438,1.04 Can Products,Juanitas Hominy Mexican Style 110 oz,3703.82,3700.42,3.400000000000091,2315.16,1385.26,37.435210057236745,validated_consistent_positive_sales_positive_cogs,weight_based,no_catalog_finding,medium,50.76470588235294,1,1,REVENUE_REDUCTION,"Validate discount/refund authorization, business purpose and policy compliance.",798
297,313,1.12 Frozen Products,Tasty Choice Cheese Tequenos 12 Pack,4641.42,4638.02,3.399999999999636,2835.92,1802.1,38.85494241077011,validated_consistent_positive_sales_positive_cogs,explicit_multipack,no_catalog_finding,medium,50.71764705882353,1,1,REVENUE_REDUCTION,"Validate discount/refund authorization, business purpose and policy compliance.",799
1042,1058,1.05 Chips & Snacks,Diana Toztecas Fire Spots Tortilla Small 35 oz,39.6,36.26,3.3400000000000034,25.74,10.52,29.0126861555433,validated_consistent_positive_sales_positive_cogs,weight_based,no_catalog_finding,medium,50.67058823529412,1,1,REVENUE_REDUCTION,"Validate discount/refund authorization, business purpose and policy compliance.",800
492,508,1.03 Beverages,Electrolit Suero Hidratante Horchata 625g,341.58,338.28,3.3000000000000114,182.45,155.83,46.06538961806788,validated_consistent_positive_sales_positive_cogs,weight_based,no_catalog_finding,medium,50.62352941176471,1,1,REVENUE_REDUCTION,"Validate discount/refund authorization, business purpose and policy compliance.",801
1715,1731,1.14 Herbal Teas,Amanda Yerba Mate Organica 500 Gr,974.25,971.0,3.25,620.25,350.75,36.122554067971166,validated_consistent_positive_sales_positive_cogs,weight_based,no_catalog_finding,medium,50.529411764705884,1,1,REVENUE_REDUCTION,"Validate discount/refund authorization, business purpose and policy compliance.",802
123,139,2. Restaurant,Morcilla y Arepa,39.0,35.75,3.25,15.48,20.27,56.6993006993007,validated_consistent_positive_sales_positive_cogs,presentation_not_explicit,no_catalog_finding,medium,50.529411764705884,1,1,REVENUE_REDUCTION,"Validate discount/refund authorization, business purpose and policy compliance.",803
891,907,1.25 Sweets & Candies,Reserva Minas Bananada Cremosa 6/ 650g,12.99,9.74,3.25,8.74,1.0,10.26694045174538,validated_consistent_positive_sales_positive_cogs,explicit_multipack,no_catalog_finding,medium,50.529411764705884,2,2,LOW_MARGIN | REVENUE_REDUCTION,"Review price-cost relationship and whether discounts compressed the observed margin. | Validate discount/refund authorization, business purpose and policy compliance.",804
209,225,4.Bakery,Churros,1212.63,1209.39,3.240000000000009,589.27,620.12,51.2754363770165,validated_consistent_positive_sales_positive_cogs,presentation_not_explicit,no_catalog_finding,medium,50.43529411764706,1,1,REVENUE_REDUCTION,"Validate discount/refund authorization, business purpose and policy compliance.",805
634,650,1.25 Sweets & Candies,BonBon Bum Assorted / Surtido  - 24U,1141.92,1138.74,3.1800000000000637,644.8,493.94,43.37601208353092,validated_consistent_positive_sales_positive_cogs,presentation_not_explicit,no_catalog_finding,medium,50.38823529411765,1,1,REVENUE_REDUCTION,"Validate discount/refund authorization, business purpose and policy compliance.",806
200,216,4.Bakery,160 Ham Cachitos,1400.88,1397.73,3.150000000000091,936.0,461.73,33.03427700628877,validated_consistent_positive_sales_positive_cogs,presentation_not_explicit,no_catalog_finding,medium,50.34117647058824,1,1,REVENUE_REDUCTION,"Validate discount/refund authorization, business purpose and policy compliance.",807
1606,1622,1.13 Flours,Maizena Atole Sabor Chocolate 45 g / 1.5oz,116.07,116.07,0.0,74.73,41.34,35.61643835616439,validated_consistent_positive_sales_positive_cogs,weight_based,actionable_review_candidate,medium,50.18518518518518,1,1,CATALOG_ACTIONABLE,"Validate SKU/UPC, presentation, duplicate status and pack-size configuration before any merge.",808
2006,2022,1.16 Miscelanea,Ariel Doble Poder 5/4 kg T,779.74,776.74,3.0,501.8,274.94,35.39665782629966,validated_consistent_positive_sales_positive_cogs,explicit_multipack,no_catalog_finding,medium,50.082352941176474,1,1,REVENUE_REDUCTION,"Validate discount/refund authorization, business purpose and policy compliance.",809
221,237,4.Bakery,160 Argentine Chicken & Cheese Pampa Empanada,648.7,645.7,3.0,478.05,167.65,25.964070001548706,validated_consistent_positive_sales_positive_cogs,presentation_not_explicit,no_catalog_finding,medium,50.082352941176474,1,1,REVENUE_REDUCTION,"Validate discount/refund authorization, business purpose and policy compliance.",810
703,719,1.25 Sweets & Candies,De La Rosa Pulparindo Squeeze Mango - Tamarindo 300 grs / 10.5oz,370.07,367.07,3.0,235.89,131.18,35.73705287819762,validated_consistent_positive_sales_positive_cogs,weight_based,no_catalog_finding,medium,50.082352941176474,1,1,REVENUE_REDUCTION,"Validate discount/refund authorization, business purpose and policy compliance.",811
1591,1607,1.13 Flours,Julia White Cassava Flour / Farinha de Mandioca 2.2lb / 1kg,347.42,344.42,3.0,216.92,127.5,37.018756169792695,validated_consistent_positive_sales_positive_cogs,weight_based,no_catalog_finding,medium,50.082352941176474,1,1,REVENUE_REDUCTION,"Validate discount/refund authorization, business purpose and policy compliance.",812
727,743,1.25 Sweets & Candies,La Molienda Jumbo Peanut Caramel Garapiñado 142gs,251.16,248.16,3.0,142.8,105.36,42.45647969052224,validated_consistent_positive_sales_positive_cogs,presentation_not_explicit,no_catalog_finding,medium,50.082352941176474,1,1,REVENUE_REDUCTION,"Validate discount/refund authorization, business purpose and policy compliance.",813
1236,1252,1.23 Sauces,La Anita Achiote Condiment Marinade - 300 ML,60.89,57.89,3.0,39.93,17.96,31.02435653826222,validated_consistent_positive_sales_positive_cogs,volume_based,no_catalog_finding,medium,50.082352941176474,1,1,REVENUE_REDUCTION,"Validate discount/refund authorization, business purpose and policy compliance.",814
776,792,1.25 Sweets & Candies,Canels Chiclets Canels Box,112.0,112.0,0.0,70.14,41.86,37.375,validated_consistent_positive_sales_positive_cogs,pack_or_case_count_unresolved,actionable_review_candidate,medium,49.81481481481482,1,1,CATALOG_ACTIONABLE,"Validate SKU/UPC, presentation, duplicate status and pack-size configuration before any merge.",815
92,108,2. Restaurant,Birria Consome - Birria Broth,281.06,278.07,2.990000000000009,47.0,231.07,83.09778113424677,validated_consistent_positive_sales_positive_cogs,presentation_not_explicit,no_catalog_finding,medium,49.8,1,1,REVENUE_REDUCTION,"Validate discount/refund authorization, business purpose and policy compliance.",816
1554,1570,1.22 Refrigerated,The Real Mexican Chorizo 250g,1386.0,1383.11,2.8900000000001,924.0,459.11,33.194033735566954,validated_consistent_positive_sales_positive_cogs,weight_based,informational_family_variant,medium,49.72941176470588,1,1,REVENUE_REDUCTION,"Validate discount/refund authorization, business purpose and policy compliance.",817
168,184,4.Bakery,160 Chilean Chicken Empanada,3413.36,3410.56,2.800000000000182,2181.6,1228.96,36.03396509664103,validated_consistent_positive_sales_positive_cogs,presentation_not_explicit,no_catalog_finding,medium,49.65882352941176,1,1,REVENUE_REDUCTION,"Validate discount/refund authorization, business purpose and policy compliance.",818
1446,1462,1.04 Can Products,Carey Hominy Blanco 30 oz,478.8,476.0,2.8000000000000114,289.2,186.8,39.2436974789916,validated_consistent_positive_sales_positive_cogs,weight_based,no_catalog_finding,medium,49.56470588235294,1,1,REVENUE_REDUCTION,"Validate discount/refund authorization, business purpose and policy compliance.",819
105,121,2. Restaurant,UMS Carne Al Pastor x kilo,172.8,170.0,2.8000000000000114,55.08,114.92,67.60000000000001,validated_consistent_positive_sales_positive_cogs,presentation_not_explicit,no_catalog_finding,medium,49.56470588235294,1,1,REVENUE_REDUCTION,"Validate discount/refund authorization, business purpose and policy compliance.",820
1634,1650,1.09 Cookies & Crackers,Noel Crackers Ducales 294g,2006.97,2004.17,2.7999999999999545,1332.95,671.22,33.491170908655455,validated_consistent_positive_sales_positive_cogs,weight_based,informational_family_variant,medium,49.49411764705882,1,1,REVENUE_REDUCTION,"Validate discount/refund authorization, business purpose and policy compliance.",821
1060,1076,1.26 Tortillas,"Romero White Corn Tortilla 6"" / 100 ct / 2.35 Kg",10033.87,10031.12,2.75,6226.66,3804.46,37.92657250636021,validated_consistent_positive_sales_positive_cogs,weight_based,no_catalog_finding,medium,49.28235294117647,1,1,REVENUE_REDUCTION,"Validate discount/refund authorization, business purpose and policy compliance.",822
1071,1087,1.26 Tortillas,Romero Yellow Corn Tortilla 6'' 100,1615.53,1612.78,2.75,1002.54,610.24,37.83777080568956,validated_consistent_positive_sales_positive_cogs,presentation_not_explicit,no_catalog_finding,medium,49.28235294117647,1,1,REVENUE_REDUCTION,"Validate discount/refund authorization, business purpose and policy compliance.",823
323,339,1.12 Frozen Products,Fresh Bocado Soursop Pulp 64oz,1319.52,1316.77,2.75,826.56,490.21,37.22821753229493,validated_consistent_positive_sales_positive_cogs,weight_based,informational_family_variant,medium,49.28235294117647,1,1,REVENUE_REDUCTION,"Validate discount/refund authorization, business purpose and policy compliance.",824
325,341,1.12 Frozen Products,Fresh Bocado Arepa with Cheese 1000g,1278.75,1276.0,2.75,814.68,461.32,36.15360501567398,validated_consistent_positive_sales_positive_cogs,weight_based,no_catalog_finding,medium,49.28235294117647,1,1,REVENUE_REDUCTION,"Validate discount/refund authorization, business purpose and policy compliance.",825
436,452,1.03 Beverages,Jarritos Tamarindo 12.5oz UNIT,844.11,841.36,2.75,522.06,319.3,37.95046115812495,validated_consistent_positive_sales_positive_cogs,explicit_single_unit,no_catalog_finding,medium,49.28235294117647,1,1,REVENUE_REDUCTION,"Validate discount/refund authorization, business purpose and policy compliance.",826
1680,1696,1.09 Cookies & Crackers,Nestle Susy 4pack 200g / 7.04 oz Susy Unit,55.72,55.72,0.0,52.36,3.36,6.030150753768844,validated_consistent_positive_sales_positive_cogs,explicit_multipack,label_standardization,medium,49.15384615384615,2,2,LABEL_STANDARDIZATION | LOW_MARGIN,Review price-cost relationship and whether discounts compressed the observed margin. | Standardize UNIT/PACK wording without changing the commercial presentation.,827
1084,1100,1.26 Tortillas,Romero White Corn Tortilla 5.5''  18 ct  / 454g / 16oz,338.64,335.9,2.740000000000009,221.4,114.5,34.087526049419466,validated_consistent_positive_sales_positive_cogs,weight_based,no_catalog_finding,medium,49.11764705882353,1,1,REVENUE_REDUCTION,"Validate discount/refund authorization, business purpose and policy compliance.",828
1949,1965,1.15 Instant Powder,Zuko Family PK Jamaica - 14.1 oz,107.88,107.88,0.0,69.48,38.4,35.595105672969964,validated_consistent_positive_sales_positive_cogs,pack_or_case_count_unresolved,actionable_review_candidate,medium,49.074074074074076,1,1,CATALOG_ACTIONABLE,"Validate SKU/UPC, presentation, duplicate status and pack-size configuration before any merge.",829
216,232,4.Bakery,160 Cheese Cachitos,938.41,935.71,2.699999999999932,627.0,308.71,32.99205950561605,validated_consistent_positive_sales_positive_cogs,presentation_not_explicit,no_catalog_finding,medium,49.07058823529412,1,1,REVENUE_REDUCTION,"Validate discount/refund authorization, business purpose and policy compliance.",830
1065,1081,1.26 Tortillas,"Romero White Corn Tortilla 6""/73 oz 80 ct",2948.72,2946.03,2.6899999999996,1899.12,1046.91,35.53629800103869,validated_consistent_positive_sales_positive_cogs,weight_based,no_catalog_finding,medium,48.976470588235294,1,1,REVENUE_REDUCTION,"Validate discount/refund authorization, business purpose and policy compliance.",831
1271,1287,"1.06 Coffee, Cocoa, Panela, Butter",Fresh Bocado Panela Prepartida 454 g,1592.01,1589.4,2.6099999999999,850.77,738.63,46.4722536806342,validated_consistent_positive_sales_positive_cogs,weight_based,informational_family_variant,medium,48.92941176470588,1,1,REVENUE_REDUCTION,"Validate discount/refund authorization, business purpose and policy compliance.",832
716,732,1.25 Sweets & Candies,San Jorge Mermelada Piña - 400 Gr,292.05,289.45,2.6000000000000227,184.05,105.4,36.41388840905165,validated_consistent_positive_sales_positive_cogs,weight_based,no_catalog_finding,medium,48.88235294117647,1,1,REVENUE_REDUCTION,"Validate discount/refund authorization, business purpose and policy compliance.",833
1431,1447,1.04 Can Products,La Costena Refried Pinto Beans 19.2oz,862.75,860.2,2.5499999999999545,562.31,297.89,34.630318530574286,validated_consistent_positive_sales_positive_cogs,weight_based,informational_family_variant,medium,48.83529411764706,1,1,REVENUE_REDUCTION,"Validate discount/refund authorization, business purpose and policy compliance.",834
1721,1737,1.14 Herbal Teas,Tea Madrugada Maracuja/ Passion Fruit 10bags/15g,380.97,378.46,2.5100000000000477,237.15,141.31,37.33815991121915,validated_consistent_positive_sales_positive_cogs,weight_based,no_catalog_finding,medium,48.78823529411765,1,1,REVENUE_REDUCTION,"Validate discount/refund authorization, business purpose and policy compliance.",835
557,573,1.03 Beverages,Pony Malta 330 mL,101.66,101.66,0.0,59.5,42.16,41.47157190635451,validated_consistent_positive_sales_positive_cogs,volume_based,actionable_review_candidate,medium,48.7037037037037,1,1,CATALOG_ACTIONABLE,"Validate SKU/UPC, presentation, duplicate status and pack-size configuration before any merge.",836
179,195,4.Bakery,160 Empanada Criolla Queso,2092.14,2089.64,2.5,1122.87,966.77,46.2649068739113,validated_consistent_positive_sales_positive_cogs,presentation_not_explicit,no_catalog_finding,medium,48.6,1,1,REVENUE_REDUCTION,"Validate discount/refund authorization, business purpose and policy compliance.",837
1321,1337,1.07 Condiments & Spices,Goya Sazon Culantro Achiote 3.52oz,1567.26,1564.76,2.5,1024.14,540.62,34.54970730335643,validated_consistent_positive_sales_positive_cogs,weight_based,no_catalog_finding,medium,48.6,1,1,REVENUE_REDUCTION,"Validate discount/refund authorization, business purpose and policy compliance.",838
214,230,4.Bakery,160 Argentine Ham & Cheese Empanada,1052.89,1050.39,2.5,770.6,279.79,26.636773008120795,validated_consistent_positive_sales_positive_cogs,presentation_not_explicit,no_catalog_finding,medium,48.6,1,1,REVENUE_REDUCTION,"Validate discount/refund authorization, business purpose and policy compliance.",839
469,485,1.03 Beverages,Postobon Hit Mora Bottle 8oz UNIT,473.79,471.29,2.5,253.08,218.21,46.30057926117677,validated_consistent_positive_sales_positive_cogs,explicit_single_unit,no_catalog_finding,medium,48.6,1,1,REVENUE_REDUCTION,"Validate discount/refund authorization, business purpose and policy compliance.",840
1404,1420,1.07 Condiments & Spices,Chef Merito Chicken Marinade  25 oz,69.93,67.43,2.5,44.8,22.63,33.560729645558354,validated_consistent_positive_sales_positive_cogs,weight_based,no_catalog_finding,medium,48.6,1,1,REVENUE_REDUCTION,"Validate discount/refund authorization, business purpose and policy compliance.",841
269,285,4.Bakery,160 LM Small Berry Cheesecake,53.98,53.98,0.0,42.42,11.56,21.4153390144498,validated_consistent_positive_sales_positive_cogs,presentation_not_explicit,no_catalog_finding,medium,48.53846153846154,1,1,LOW_MARGIN,Review price-cost relationship and whether discounts compressed the observed margin.,842
330,346,1.12 Frozen Products,Fresh Bocado Blackberry Pulp 64oz,1024.59,1022.09,2.4999999999998863,599.4,422.69,41.3554579342328,validated_consistent_positive_sales_positive_cogs,weight_based,informational_family_variant,medium,48.41176470588235,1,1,REVENUE_REDUCTION,"Validate discount/refund authorization, business purpose and policy compliance.",843
1943,1959,1.15 Instant Powder,Leche Entera Nido Kinder en Polvo 360 Gr,171.43,168.98,2.450000000000017,110.53,58.45,34.589892294946154,validated_consistent_positive_sales_positive_cogs,weight_based,no_catalog_finding,medium,48.294117647058826,1,1,REVENUE_REDUCTION,"Validate discount/refund authorization, business purpose and policy compliance.",844
1469,1485,1.04 Can Products,Su Sabor Mazamorra en lata 580g,165.9,163.45,2.450000000000017,105.48,57.97,35.46650351789538,validated_consistent_positive_sales_positive_cogs,weight_based,no_catalog_finding,medium,48.294117647058826,1,1,REVENUE_REDUCTION,"Validate discount/refund authorization, business purpose and policy compliance.",845
300,316,1.12 Frozen Products,Dona Emilia Ajiaco,3896.75,3894.35,2.400000000000091,2392.96,1501.39,38.553031956552445,validated_consistent_positive_sales_positive_cogs,presentation_not_explicit,no_catalog_finding,medium,48.2,1,1,REVENUE_REDUCTION,"Validate discount/refund authorization, business purpose and policy compliance.",846
419,435,1.03 Beverages,Topo Chico Mineral Water 355ml UNIT,1547.73,1545.33,2.400000000000091,1016.98,528.35,34.1901082616658,validated_consistent_positive_sales_positive_cogs,explicit_single_unit,informational_family_variant,medium,48.2,1,1,REVENUE_REDUCTION,"Validate discount/refund authorization, business purpose and policy compliance.",847
480,496,1.03 Beverages,Fanta Orange Soda Glass-  355 ml - T,406.98,404.58,2.400000000000034,262.35,142.23,35.15497553017944,validated_consistent_positive_sales_positive_cogs,volume_based,informational_family_variant,medium,48.129411764705885,1,1,REVENUE_REDUCTION,"Validate discount/refund authorization, business purpose and policy compliance.",848
1287,1303,"1.06 Coffee, Cocoa, Panela, Butter",Chocolisto 300 gr,495.38,492.98,2.3999999999999773,287.06,205.92,41.770457219359805,validated_consistent_positive_sales_positive_cogs,weight_based,no_catalog_finding,medium,48.082352941176474,1,1,REVENUE_REDUCTION,"Validate discount/refund authorization, business purpose and policy compliance.",849
316,332,1.12 Frozen Products,Pan Pa Ya Pandebonos Rellenos 9.5oz,1771.44,1769.14,2.2999999999999545,1182.48,586.66,33.16074476864465,validated_consistent_positive_sales_positive_cogs,weight_based,no_catalog_finding,medium,48.035294117647055,1,1,REVENUE_REDUCTION,"Validate discount/refund authorization, business purpose and policy compliance.",850
1281,1297,"1.06 Coffee, Cocoa, Panela, Butter",Juan Valdez Cafe Buendia Descafeinado 3.52 oz,811.15,808.9,2.25,525.51,283.39,35.03399678575844,validated_consistent_positive_sales_positive_cogs,weight_based,no_catalog_finding,medium,47.94117647058823,1,1,REVENUE_REDUCTION,"Validate discount/refund authorization, business purpose and policy compliance.",851
114,130,2. Restaurant,Ensalada - Salad,98.78,96.53,2.25,22.44,74.09,76.75334093028074,validated_consistent_positive_sales_positive_cogs,presentation_not_explicit,no_catalog_finding,medium,47.94117647058823,1,1,REVENUE_REDUCTION,"Validate discount/refund authorization, business purpose and policy compliance.",852
839,855,1.25 Sweets & Candies,Bimbo Mini Mantecadas - 2.20 oz Unit,46.19,43.94,2.25,28.83,15.11,34.38780154756486,validated_consistent_positive_sales_positive_cogs,explicit_single_unit,informational_family_variant,medium,47.94117647058823,1,1,REVENUE_REDUCTION,"Validate discount/refund authorization, business purpose and policy compliance.",853
1919,1935,1.11 Fresh Products,Tomatillos / Green Tomato Kg,2577.73,2575.59,2.1399999999998727,1362.54,1213.05,47.09794648993046,validated_consistent_positive_sales_positive_cogs,presentation_not_explicit,no_catalog_finding,medium,47.8,1,1,REVENUE_REDUCTION,"Validate discount/refund authorization, business purpose and policy compliance.",854
547,563,1.03 Beverages,Grace Coconut Water - 500 ML,123.25,121.12,2.1299999999999955,77.43,43.69,36.07166446499339,validated_consistent_positive_sales_positive_cogs,volume_based,no_catalog_finding,medium,47.752941176470586,1,1,REVENUE_REDUCTION,"Validate discount/refund authorization, business purpose and policy compliance.",855
1710,1726,1.14 Herbal Teas,La Fiesta Flor de Jamaica 8oz,5985.0,5982.9,2.100000000000364,3887.4,2095.5,35.02482073910645,validated_consistent_positive_sales_positive_cogs,weight_based,no_catalog_finding,medium,47.705882352941174,1,1,REVENUE_REDUCTION,"Validate discount/refund authorization, business purpose and policy compliance.",856
1149,1165,1.23 Sauces,La Costena Mole Rojo 9 oz,810.84,808.74,2.1000000000000227,515.04,293.7,36.31575042658951,validated_consistent_positive_sales_positive_cogs,weight_based,no_catalog_finding,medium,47.65882352941176,1,1,REVENUE_REDUCTION,"Validate discount/refund authorization, business purpose and policy compliance.",857
1264,1280,"1.06 Coffee, Cocoa, Panela, Butter",Juan Valdez Classic Buen Dia 3.5oz,3517.36,3515.26,2.099999999999909,2269.85,1245.41,35.42867383920393,validated_consistent_positive_sales_positive_cogs,weight_based,no_catalog_finding,medium,47.61176470588235,1,1,REVENUE_REDUCTION,"Validate discount/refund authorization, business purpose and policy compliance.",858
791,807,1.25 Sweets & Candies,De La Rosa Pulparindo Extra Spicy 280g / 10oz UNIT,97.8,97.8,0.0,54.78,43.02,43.9877300613497,validated_consistent_positive_sales_positive_cogs,explicit_single_unit,actionable_review_candidate,medium,47.592592592592595,1,1,CATALOG_ACTIONABLE,"Validate SKU/UPC, presentation, duplicate status and pack-size configuration before any merge.",859
959,975,1.05 Chips & Snacks,Doritos Dinamita Flamin' Hot - 220 Gr,575.2,573.13,2.07000000000005,385.92,187.21,32.66449147662834,validated_consistent_positive_sales_positive_cogs,weight_based,no_catalog_finding,medium,47.56470588235294,1,1,REVENUE_REDUCTION,"Validate discount/refund authorization, business purpose and policy compliance.",860
1432,1448,1.04 Can Products,La Costena Whole Pickled  Jalapeno - 737 Gr - 26oz,826.62,824.62,2.0,396.06,428.56,51.9706046421382,validated_consistent_positive_sales_positive_cogs,weight_based,no_catalog_finding,medium,47.423529411764704,1,1,REVENUE_REDUCTION,"Validate discount/refund authorization, business purpose and policy compliance.",861
647,663,1.25 Sweets & Candies,Colombina Guava Spread 600g,796.86,794.86,2.0,525.54,269.32,33.882696323880936,validated_consistent_positive_sales_positive_cogs,weight_based,no_catalog_finding,medium,47.423529411764704,1,1,REVENUE_REDUCTION,"Validate discount/refund authorization, business purpose and policy compliance.",862
1448,1464,1.04 Can Products,La Costena Chipotle Peppers Adobo 6.55 oz,440.02,438.02,2.0,275.38,162.64,37.13072462444637,validated_consistent_positive_sales_positive_cogs,weight_based,informational_family_variant,medium,47.423529411764704,1,1,REVENUE_REDUCTION,"Validate discount/refund authorization, business purpose and policy compliance.",863
1773,1789,1.28 Grains,Verde Valle Frijol Pinto 1lb,323.46,321.46,2.0,179.28,142.18,44.22945312013937,validated_consistent_positive_sales_positive_cogs,weight_based,informational_family_variant,medium,47.423529411764704,1,1,REVENUE_REDUCTION,"Validate discount/refund authorization, business purpose and policy compliance.",864
1963,1979,1.15 Instant Powder,Gelatina Madrugada Pineapple 2.99 oz/ 85g,17.91,15.91,2.0,9.45,6.46,40.60339409176618,validated_consistent_positive_sales_positive_cogs,weight_based,no_catalog_finding,medium,47.423529411764704,1,1,REVENUE_REDUCTION,"Validate discount/refund authorization, business purpose and policy compliance.",865
501,517,1.03 Beverages,Jarritos Mango 1.5 LT,299.25,297.26,1.990000000000009,192.0,105.26,35.41007871896657,validated_consistent_positive_sales_positive_cogs,volume_based,informational_family_variant,medium,47.258823529411764,1,1,REVENUE_REDUCTION,"Validate discount/refund authorization, business purpose and policy compliance.",866
1026,1042,1.05 Chips & Snacks,Totis Donita Con Chile y Limon 24 / 50 Gr,95.68,95.68,0.0,46.72,48.96,51.17056856187291,validated_consistent_positive_sales_positive_cogs,explicit_multipack,actionable_review_candidate,medium,47.22222222222222,1,1,CATALOG_ACTIONABLE,"Validate SKU/UPC, presentation, duplicate status and pack-size configuration before any merge.",867
594,610,1.03 Beverages,Ole Cocktail  - Non Alcoholic Pineapple,31.92,29.93,1.990000000000002,12.4,17.53,58.56999665887071,validated_consistent_positive_sales_positive_cogs,presentation_not_explicit,no_catalog_finding,medium,47.188235294117646,1,1,REVENUE_REDUCTION,"Validate discount/refund authorization, business purpose and policy compliance.",868
91,107,2. Restaurant,Fresh Bocado Salsa Habanero,359.4,357.41,1.9899999999999523,97.2,260.21,72.80434235192075,validated_consistent_positive_sales_positive_cogs,presentation_not_explicit,no_catalog_finding,medium,47.141176470588235,1,1,REVENUE_REDUCTION,"Validate discount/refund authorization, business purpose and policy compliance.",869
1112,1128,1.10 Dairy,Rumba Cheese Quesillo Doble Crema Kg,1849.3,1847.36,1.9400000000000546,1146.89,700.47,37.9173523298112,validated_consistent_positive_sales_positive_cogs,presentation_not_explicit,no_catalog_finding,medium,47.0,1,1,REVENUE_REDUCTION,"Validate discount/refund authorization, business purpose and policy compliance.",870
287,303,4.Bakery,160 Corn Baked Bread Biscuit and Cheese,7.5,5.62,1.88,3.85,1.77,31.494661921708182,validated_consistent_positive_sales_positive_cogs,presentation_not_explicit,no_catalog_finding,medium,46.95294117647059,1,1,REVENUE_REDUCTION,"Validate discount/refund authorization, business purpose and policy compliance.",871
343,359,1.12 Frozen Products,Incas Food Choclo Entero Frozen 2lb / 910g,611.0,609.15,1.8500000000000227,403.36,205.79,33.783140441598945,validated_consistent_positive_sales_positive_cogs,weight_based,no_catalog_finding,medium,46.90588235294118,1,1,REVENUE_REDUCTION,"Validate discount/refund authorization, business purpose and policy compliance.",872
334,350,1.12 Frozen Products,Fresh Bocado Mango Pulp 64oz,725.6,723.8,1.8000000000000682,450.02,273.78,37.82536612323846,validated_consistent_positive_sales_positive_cogs,weight_based,informational_family_variant,medium,46.858823529411765,1,1,REVENUE_REDUCTION,"Validate discount/refund authorization, business purpose and policy compliance.",873
968,984,1.05 Chips & Snacks,Yupi Papa Mayonesa Rizadas Familiar 115g,455.24,453.44,1.8000000000000114,267.52,185.92,41.00211714890614,validated_consistent_positive_sales_positive_cogs,weight_based,no_catalog_finding,medium,46.694117647058825,1,1,REVENUE_REDUCTION,"Validate discount/refund authorization, business purpose and policy compliance.",874
979,995,1.05 Chips & Snacks,Yupi Papa Limon Rizadas Familiar 115 gr,377.37,375.57,1.8000000000000114,221.76,153.81,40.95375029954469,validated_consistent_positive_sales_positive_cogs,weight_based,no_catalog_finding,medium,46.694117647058825,1,1,REVENUE_REDUCTION,"Validate discount/refund authorization, business purpose and policy compliance.",875
361,377,1.12 Frozen Products,Fresh Bocado Passion Fruit With Seeds 14oz,307.56,305.76,1.8000000000000114,182.17,123.59,40.420591313448455,validated_consistent_positive_sales_positive_cogs,weight_based,no_catalog_finding,medium,46.694117647058825,1,1,REVENUE_REDUCTION,"Validate discount/refund authorization, business purpose and policy compliance.",876
237,253,4.Bakery,160 Tequeno Nutella X 3,305.49,303.69,1.8000000000000114,153.0,150.69,49.61967796107873,validated_consistent_positive_sales_positive_cogs,explicit_multipack,no_catalog_finding,medium,46.694117647058825,1,1,REVENUE_REDUCTION,"Validate discount/refund authorization, business purpose and policy compliance.",877
391,407,1.12 Frozen Products,Freddo Galletitas Pepas Dulce de Membrillo  140gr,44.95,44.95,0.0,34.8,10.15,22.58064516129032,validated_consistent_positive_sales_positive_cogs,weight_based,no_catalog_finding,medium,46.69230769230769,1,1,LOW_MARGIN,Review price-cost relationship and whether discounts compressed the observed margin.,878
180,196,4.Bakery,160 Empanada Criolla Champinones y Queso,2046.99,2045.19,1.7999999999999545,1097.37,947.82,46.34386047262113,validated_consistent_positive_sales_positive_cogs,presentation_not_explicit,no_catalog_finding,medium,46.529411764705884,1,1,REVENUE_REDUCTION,"Validate discount/refund authorization, business purpose and policy compliance.",879
176,192,4.Bakery,160 Empanada Criolla Choriqueso,2246.91,2245.16,1.75,1203.99,1041.17,46.37397780113668,validated_consistent_positive_sales_positive_cogs,presentation_not_explicit,no_catalog_finding,medium,46.41176470588235,1,1,REVENUE_REDUCTION,"Validate discount/refund authorization, business purpose and policy compliance.",880
1729,1745,1.14 Herbal Teas,Yerba Mate Rosamonte Organica Zipper - 250 Gr,181.74,179.99,1.75,106.08,73.91,41.06339241068948,validated_consistent_positive_sales_positive_cogs,weight_based,no_catalog_finding,medium,46.41176470588235,1,1,REVENUE_REDUCTION,"Validate discount/refund authorization, business purpose and policy compliance.",881
824,840,1.25 Sweets & Candies,Bimbo Mini Mantecadas - 2.20 oz,54.25,52.5,1.75,32.24,20.26,38.59047619047619,validated_consistent_positive_sales_positive_cogs,weight_based,informational_family_variant,medium,46.41176470588235,1,1,REVENUE_REDUCTION,"Validate discount/refund authorization, business purpose and policy compliance.",882
1550,1566,1.22 Refrigerated,UMS Chorizo Cerdo 600g,3618.87,3617.17,1.699999999999818,2012.85,1604.32,44.35290572464108,validated_consistent_positive_sales_positive_cogs,weight_based,no_catalog_finding,medium,46.247058823529414,1,1,REVENUE_REDUCTION,"Validate discount/refund authorization, business purpose and policy compliance.",883
637,653,1.25 Sweets & Candies,La Molienda Japanese Peanut Paketon 180g/ 6.3 oz,1009.25,1007.59,1.6599999999999682,598.21,409.38,40.62962117527962,validated_consistent_positive_sales_positive_cogs,weight_based,informational_family_variant,medium,46.15294117647059,1,1,REVENUE_REDUCTION,"Validate discount/refund authorization, business purpose and policy compliance.",884
1910,1926,1.08 Brines,Sabor Mineiro Pimienta Malagueta 24/ 12oz/ 300g,89.94,89.94,0.0,57.42,32.52,36.1574382921948,validated_consistent_positive_sales_positive_cogs,explicit_multipack,actionable_review_candidate,medium,46.111111111111114,1,1,CATALOG_ACTIONABLE,"Validate SKU/UPC, presentation, duplicate status and pack-size configuration before any merge.",885
1069,1085,1.26 Tortillas,"Romero White Tortilla Mini 4.5"" 30oz",1855.62,1853.97,1.6499999999998636,1203.28,650.69,35.097115918812065,validated_consistent_positive_sales_positive_cogs,weight_based,no_catalog_finding,medium,46.05882352941177,1,1,REVENUE_REDUCTION,"Validate discount/refund authorization, business purpose and policy compliance.",886
1761,1777,1.28 Grains,Goya Maiz Trillado Blanco 397g,464.75,463.12,1.6299999999999955,287.43,175.69,37.93617205044049,validated_consistent_positive_sales_positive_cogs,weight_based,no_catalog_finding,medium,46.01176470588236,1,1,REVENUE_REDUCTION,"Validate discount/refund authorization, business purpose and policy compliance.",887
1637,1653,1.09 Cookies & Crackers,Noel Festival Limon 403g,1020.13,1018.53,1.6000000000000227,677.51,341.02,33.48158620757366,validated_consistent_positive_sales_positive_cogs,weight_based,no_catalog_finding,medium,45.964705882352945,1,1,REVENUE_REDUCTION,"Validate discount/refund authorization, business purpose and policy compliance.",888
1857,1873,1.18 Pasta-Soups,Maruchan Chili Piquin with Shrimp  2.25oz,411.93,410.34,1.5900000000000318,221.49,188.85,46.0228103523907,validated_consistent_positive_sales_positive_cogs,weight_based,no_catalog_finding,medium,45.91764705882353,1,1,REVENUE_REDUCTION,"Validate discount/refund authorization, business purpose and policy compliance.",889
1586,1602,1.13 Flours,Maizena Bunuelos 300g,434.0,432.44,1.5600000000000023,264.88,167.56,38.74757191749145,validated_consistent_positive_sales_positive_cogs,weight_based,no_catalog_finding,medium,45.87058823529412,1,1,REVENUE_REDUCTION,"Validate discount/refund authorization, business purpose and policy compliance.",890
1952,1968,1.15 Instant Powder,Zuko Family PK Tamarindo - 14.1 oz,89.9,89.9,0.0,57.9,32.0,35.595105672969964,validated_consistent_positive_sales_positive_cogs,pack_or_case_count_unresolved,actionable_review_candidate,medium,45.74074074074074,1,1,CATALOG_ACTIONABLE,"Validate SKU/UPC, presentation, duplicate status and pack-size configuration before any merge.",891
1066,1082,1.26 Tortillas,Romero Yellow Corn Tortilla KS 6.5'' 40oz / 30ct,2659.67,2658.17,1.5,1684.28,973.89,36.63761158992841,validated_consistent_positive_sales_positive_cogs,weight_based,no_catalog_finding,medium,45.705882352941174,1,1,REVENUE_REDUCTION,"Validate discount/refund authorization, business purpose and policy compliance.",892
213,229,4.Bakery,Aborrajado Unit,1160.12,1158.62,1.5,690.64,467.98,40.391154994735125,validated_consistent_positive_sales_positive_cogs,explicit_single_unit,no_catalog_finding,medium,45.705882352941174,1,1,REVENUE_REDUCTION,"Validate discount/refund authorization, business purpose and policy compliance.",893
1588,1604,1.13 Flours,Pinduca Pao deQueijo Mix 1 Kg,395.34,393.84,1.5,254.76,139.08,35.31383302864108,validated_consistent_positive_sales_positive_cogs,weight_based,no_catalog_finding,medium,45.705882352941174,1,1,REVENUE_REDUCTION,"Validate discount/refund authorization, business purpose and policy compliance.",894
1119,1135,1.10 Dairy,Rumba Queso Duro Blando Kg,385.99,384.49,1.5,257.25,127.24,33.093188379411686,validated_consistent_positive_sales_positive_cogs,presentation_not_explicit,no_catalog_finding,medium,45.705882352941174,1,1,REVENUE_REDUCTION,"Validate discount/refund authorization, business purpose and policy compliance.",895
1671,1687,1.09 Cookies & Crackers,Chiky Vanilla Cookies 480g bag,119.8,118.3,1.5,78.0,40.3,34.065934065934066,validated_consistent_positive_sales_positive_cogs,weight_based,no_catalog_finding,medium,45.705882352941174,1,1,REVENUE_REDUCTION,"Validate discount/refund authorization, business purpose and policy compliance.",896
478,494,1.03 Beverages,Frescolita Lata -  330 ml UNIT,408.36,406.87,1.490000000000009,282.08,124.79,30.67073020866616,validated_consistent_positive_sales_positive_cogs,explicit_single_unit,informational_family_variant,medium,45.54117647058824,1,1,REVENUE_REDUCTION,"Validate discount/refund authorization, business purpose and policy compliance.",897
1075,1091,1.26 Tortillas,Romero Sopes 12ct 20oz,804.75,803.3,1.4500000000000455,526.14,277.16,34.50267645960414,validated_consistent_positive_sales_positive_cogs,weight_based,no_catalog_finding,medium,45.49411764705882,1,1,REVENUE_REDUCTION,"Validate discount/refund authorization, business purpose and policy compliance.",898
122,138,2. Restaurant,Delivery Fee,40.0,40.0,0.0,40.0,0.0,0.0,validated_consistent_positive_sales_positive_cogs,presentation_not_explicit,actionable_review_candidate,medium,45.46153846153846,2,2,CATALOG_ACTIONABLE | LOW_MARGIN,"Review price-cost relationship and whether discounts compressed the observed margin. | Validate SKU/UPC, presentation, duplicate status and pack-size configuration before any merge.",899
935,951,1.05 Chips & Snacks,La Visita Chicharrones 3oz,973.7,972.26,1.4400000000000546,635.39,336.87,34.64813938658384,validated_consistent_positive_sales_positive_cogs,weight_based,informational_family_variant,medium,45.44705882352941,1,1,REVENUE_REDUCTION,"Validate discount/refund authorization, business purpose and policy compliance.",900
1262,1278,"1.06 Coffee, Cocoa, Panela, Butter",Fresh Bocado Panela Fraccionada 8U 908 g,4270.89,4269.49,1.4000000000005457,2587.37,1682.12,39.39861669660779,validated_consistent_positive_sales_positive_cogs,weight_based,no_catalog_finding,medium,45.4,1,1,REVENUE_REDUCTION,"Validate discount/refund authorization, business purpose and policy compliance.",901
312,328,1.12 Frozen Products,Dona Emilia Arracacha,2084.51,2083.11,1.400000000000091,1272.46,810.65,38.91537172784923,validated_consistent_positive_sales_positive_cogs,presentation_not_explicit,no_catalog_finding,medium,45.32941176470588,1,1,REVENUE_REDUCTION,"Validate discount/refund authorization, business purpose and policy compliance.",902
322,338,1.12 Frozen Products,Fresh Bocado Soursop Pulp 14oz,1432.95,1431.55,1.400000000000091,742.1,689.45,48.161084139569006,validated_consistent_positive_sales_positive_cogs,weight_based,informational_family_variant,medium,45.32941176470588,1,1,REVENUE_REDUCTION,"Validate discount/refund authorization, business purpose and policy compliance.",903
2036,2052,1.27 Utensils,Su Hogar Chocolatera 2L,489.65,488.25,1.3999999999999773,307.15,181.1,37.09165386584741,validated_consistent_positive_sales_positive_cogs,volume_based,no_catalog_finding,medium,45.21176470588235,1,1,REVENUE_REDUCTION,"Validate discount/refund authorization, business purpose and policy compliance.",904
1170,1186,1.23 Sauces,Alacena Mayonesa 13.5oz,433.69,432.29,1.3999999999999773,274.97,157.32,36.392236692960736,validated_consistent_positive_sales_positive_cogs,weight_based,no_catalog_finding,medium,45.21176470588235,1,1,REVENUE_REDUCTION,"Validate discount/refund authorization, business purpose and policy compliance.",905
1171,1187,1.23 Sauces,Alacena Tari Crema de Aji 14.11oz,433.69,432.29,1.3999999999999773,274.97,157.32,36.392236692960736,validated_consistent_positive_sales_positive_cogs,weight_based,no_catalog_finding,medium,45.21176470588235,1,1,REVENUE_REDUCTION,"Validate discount/refund authorization, business purpose and policy compliance.",906
559,575,1.03 Beverages,Postobon Apple Can - 10.5 Oz,99.5,98.11,1.3900000000000006,55.0,43.11,43.94047497706656,validated_consistent_positive_sales_positive_cogs,volume_based,informational_family_variant,medium,45.11764705882353,1,1,REVENUE_REDUCTION,"Validate discount/refund authorization, business purpose and policy compliance.",907
475,491,1.03 Beverages,Jarritos Fruit Punch 12.5oz UNIT,425.79,424.42,1.3700000000000045,263.34,161.08,37.95297111351963,validated_consistent_positive_sales_positive_cogs,explicit_single_unit,no_catalog_finding,medium,45.07058823529412,1,1,REVENUE_REDUCTION,"Validate discount/refund authorization, business purpose and policy compliance.",908
1572,1588,1.13 Flours,PAN Harina Dulce 500 g,2050.03,2048.68,1.3500000000003638,1385.7,662.98,32.361325341195304,validated_consistent_positive_sales_positive_cogs,weight_based,no_catalog_finding,medium,45.023529411764706,1,1,REVENUE_REDUCTION,"Validate discount/refund authorization, business purpose and policy compliance.",909
1609,1625,1.13 Flours,Maizena Atole Sabor Fresa 45 g / 1.5oz,85.41,85.41,0.0,54.99,30.42,35.61643835616439,validated_consistent_positive_sales_positive_cogs,weight_based,actionable_review_candidate,medium,45.0,1,1,CATALOG_ACTIONABLE,"Validate SKU/UPC, presentation, duplicate status and pack-size configuration before any merge.",910
1180,1196,1.23 Sauces,Sibarita Panquita 250g / 8.82oz,336.75,335.4,1.3500000000000227,211.5,123.9,36.940966010733455,validated_consistent_positive_sales_positive_cogs,weight_based,no_catalog_finding,low,44.976470588235294,1,1,REVENUE_REDUCTION,"Validate discount/refund authorization, business purpose and policy compliance.",911
53,69,2. Restaurant,Chicharron de Harina 130 gr,2308.5,2307.2,1.300000000000182,1026.0,1281.2,55.53051317614425,validated_consistent_positive_sales_positive_cogs,weight_based,no_catalog_finding,low,44.90588235294118,1,1,REVENUE_REDUCTION,"Validate discount/refund authorization, business purpose and policy compliance.",912
1272,1288,"1.06 Coffee, Cocoa, Panela, Butter",Luker Tradicional Amargo 8.75oz,1571.79,1570.49,1.2999999999999545,974.05,596.44,37.97795592458405,validated_consistent_positive_sales_positive_cogs,weight_based,no_catalog_finding,low,44.83529411764706,1,1,REVENUE_REDUCTION,"Validate discount/refund authorization, business purpose and policy compliance.",913
1137,1153,1.23 Sauces,Valentina Salsa Roja 12oz,1524.32,1523.03,1.2899999999999636,969.6,553.43,36.33743261787357,validated_consistent_positive_sales_positive_cogs,weight_based,informational_family_variant,low,44.78823529411765,1,1,REVENUE_REDUCTION,"Validate discount/refund authorization, business purpose and policy compliance.",914
627,643,1.25 Sweets & Candies,Su Sabor Bocadillo Velenito 17.6 oz,1935.3,1934.02,1.2799999999999727,963.98,970.04,50.156668493604,validated_consistent_positive_sales_positive_cogs,weight_based,no_catalog_finding,low,44.741176470588236,1,1,REVENUE_REDUCTION,"Validate discount/refund authorization, business purpose and policy compliance.",915
1764,1780,1.28 Grains,Quaker Frescavena Strawberry - 11.11 oz,449.64,448.39,1.25,290.16,158.23,35.28847654943241,validated_consistent_positive_sales_positive_cogs,weight_based,no_catalog_finding,low,44.64705882352941,1,1,REVENUE_REDUCTION,"Validate discount/refund authorization, business purpose and policy compliance.",916
1730,1746,1.14 Herbal Teas,Tea Madrugada Hibiscus 0.35 oz,179.28,178.03,1.25,104.4,73.63,41.35819805650733,validated_consistent_positive_sales_positive_cogs,volume_based,no_catalog_finding,low,44.64705882352941,1,1,REVENUE_REDUCTION,"Validate discount/refund authorization, business purpose and policy compliance.",917
104,120,2. Restaurant,Queso extra,171.25,170.0,1.25,68.5,101.5,59.70588235294117,validated_consistent_positive_sales_positive_cogs,presentation_not_explicit,no_catalog_finding,low,44.64705882352941,1,1,REVENUE_REDUCTION,"Validate discount/refund authorization, business purpose and policy compliance.",918
659,675,1.25 Sweets & Candies,La Molienda Japanese Peanut Paketon - 150 Grs,607.21,605.97,1.240000000000009,297.84,308.13,50.84905193326402,validated_consistent_positive_sales_positive_cogs,weight_based,informational_family_variant,low,44.529411764705884,1,1,REVENUE_REDUCTION,"Validate discount/refund authorization, business purpose and policy compliance.",919
1261,1277,"1.06 Coffee, Cocoa, Panela, Butter",Corona Chocolate 500 gr Tradicional,4724.06,4722.86,1.2000000000007276,2584.52,2138.34,45.27637914314632,validated_consistent_positive_sales_positive_cogs,weight_based,no_catalog_finding,low,44.45882352941177,1,1,REVENUE_REDUCTION,"Validate discount/refund authorization, business purpose and policy compliance.",920
1954,1970,1.15 Instant Powder,Zuko Family PK Mango - 14.1 oz,80.91,80.91,0.0,52.11,28.8,35.595105672969964,validated_consistent_positive_sales_positive_cogs,pack_or_case_count_unresolved,actionable_review_candidate,low,44.44444444444444,1,1,CATALOG_ACTIONABLE,"Validate SKU/UPC, presentation, duplicate status and pack-size configuration before any merge.",921
643,659,1.25 Sweets & Candies,Las Sevillanas Glorias 21 oz UNIT,919.49,918.29,1.2000000000000455,556.92,361.37,39.35249213211513,validated_consistent_positive_sales_positive_cogs,explicit_single_unit,informational_family_variant,low,44.38823529411765,1,1,REVENUE_REDUCTION,"Validate discount/refund authorization, business purpose and policy compliance.",922
1862,1878,1.18 Pasta-Soups,Maruchan Chicken Spicy 2.25 oz,312.43,311.23,1.1999999999999886,167.99,143.24,46.02384088937442,validated_consistent_positive_sales_positive_cogs,weight_based,no_catalog_finding,low,44.294117647058826,1,1,REVENUE_REDUCTION,"Validate discount/refund authorization, business purpose and policy compliance.",923
2007,2023,1.16 Miscelanea,Zote White Soap 400g,630.42,629.22,1.1999999999999318,387.1,242.12,38.479387177775656,validated_consistent_positive_sales_positive_cogs,weight_based,no_catalog_finding,low,44.2,1,1,REVENUE_REDUCTION,"Validate discount/refund authorization, business purpose and policy compliance.",924
455,471,1.03 Beverages,Postobon Hit Blackberry Juice Drink - 1 LT,581.03,579.83,1.1999999999999318,340.47,239.36,41.28106513978235,validated_consistent_positive_sales_positive_cogs,volume_based,no_catalog_finding,low,44.2,1,1,REVENUE_REDUCTION,"Validate discount/refund authorization, business purpose and policy compliance.",925
327,343,1.12 Frozen Products,Arepaisano Cassava Arepa x  4,1140.51,1139.36,1.150000000000091,744.51,394.85,34.655420586996215,validated_consistent_positive_sales_positive_cogs,explicit_multipack,no_catalog_finding,low,44.12941176470588,1,1,REVENUE_REDUCTION,"Validate discount/refund authorization, business purpose and policy compliance.",926
523,539,1.03 Beverages,Electrolit Suero Hidratante  Fresa 625 g,187.66,186.54,1.1200000000000045,90.95,95.59,51.24370108287767,validated_consistent_positive_sales_positive_cogs,weight_based,no_catalog_finding,low,44.035294117647055,1,1,REVENUE_REDUCTION,"Validate discount/refund authorization, business purpose and policy compliance.",927
1920,1936,1.11 Fresh Products,Nopales / Cactus KG,1942.44,1941.33,1.1100000000001273,720.48,1220.85,62.887298913631376,validated_consistent_positive_sales_positive_cogs,presentation_not_explicit,no_catalog_finding,low,43.98823529411764,1,1,REVENUE_REDUCTION,"Validate discount/refund authorization, business purpose and policy compliance.",928
1336,1352,1.07 Condiments & Spices,Laurel ( Bay Leaf ) 50g,652.63,651.52,1.1100000000000136,259.77,391.75,60.12862229862476,validated_consistent_positive_sales_positive_cogs,weight_based,no_catalog_finding,low,43.94117647058823,1,1,REVENUE_REDUCTION,"Validate discount/refund authorization, business purpose and policy compliance.",929
1692,1708,1.19 Peppers,Chile Guajillo con Cola 250 Gr 250 Gr,1956.22,1955.12,1.1000000000001364,925.6,1029.52,52.65763738287165,validated_consistent_positive_sales_positive_cogs,weight_based,no_catalog_finding,low,43.89411764705882,1,1,REVENUE_REDUCTION,"Validate discount/refund authorization, business purpose and policy compliance.",930
636,652,1.25 Sweets & Candies,Nestle La Lechera Bolsa 420 Gr,1011.08,1009.98,1.1000000000000227,639.4,370.58,36.6918156795184,validated_consistent_positive_sales_positive_cogs,weight_based,no_catalog_finding,low,43.82352941176471,1,1,REVENUE_REDUCTION,"Validate discount/refund authorization, business purpose and policy compliance.",931
1453,1469,1.04 Can Products,Carey Mexican Hominy 99 oz,351.68,350.58,1.1000000000000227,224.96,125.62,35.83204974613498,validated_consistent_positive_sales_positive_cogs,weight_based,no_catalog_finding,low,43.82352941176471,1,1,REVENUE_REDUCTION,"Validate discount/refund authorization, business purpose and policy compliance.",932
1703,1719,1.19 Peppers,Chile Guajillo sin cola 250g,329.7,328.6,1.099999999999966,118.5,210.1,63.93791844187461,validated_consistent_positive_sales_positive_cogs,weight_based,no_catalog_finding,low,43.705882352941174,1,1,REVENUE_REDUCTION,"Validate discount/refund authorization, business purpose and policy compliance.",933
192,208,4.Bakery,Bunuelo Unidad Panaderia,1677.5,1676.4,1.099999999999909,768.6,907.8,54.15175375805297,validated_consistent_positive_sales_positive_cogs,explicit_single_unit,no_catalog_finding,low,43.65882352941176,1,1,REVENUE_REDUCTION,"Validate discount/refund authorization, business purpose and policy compliance.",934
277,293,4.Bakery,160 LM Medium Berry Cheesecake,32.99,32.99,0.0,26.04,6.95,21.066989996968776,validated_consistent_positive_sales_positive_cogs,presentation_not_explicit,no_catalog_finding,low,43.61538461538461,1,1,LOW_MARGIN,Review price-cost relationship and whether discounts compressed the observed margin.,935
1640,1656,1.09 Cookies & Crackers,Noel Festival Chocolate 403g,857.11,856.03,1.080000000000041,554.47,301.56,35.22773734565378,validated_consistent_positive_sales_positive_cogs,weight_based,no_catalog_finding,low,43.588235294117645,1,1,REVENUE_REDUCTION,"Validate discount/refund authorization, business purpose and policy compliance.",936
1641,1657,1.09 Cookies & Crackers,Noel Festival Vainilla 403g,854.23,853.15,1.080000000000041,563.51,289.64,33.94948133388033,validated_consistent_positive_sales_positive_cogs,weight_based,no_catalog_finding,low,43.588235294117645,1,1,REVENUE_REDUCTION,"Validate discount/refund authorization, business purpose and policy compliance.",937
521,537,1.03 Beverages,Sangria Senorial 11.16oz UNIT,189.24,188.16,1.0800000000000125,117.04,71.12,37.79761904761905,validated_consistent_positive_sales_positive_cogs,explicit_single_unit,informational_family_variant,low,43.51764705882353,1,1,REVENUE_REDUCTION,"Validate discount/refund authorization, business purpose and policy compliance.",938
1178,1194,1.23 Sauces,El Chilerito Chamoy 1lt / 33.8oz,358.0,356.95,1.0500000000000114,229.9,127.05,35.59322033898305,validated_consistent_positive_sales_positive_cogs,volume_based,no_catalog_finding,low,43.44705882352941,1,1,REVENUE_REDUCTION,"Validate discount/refund authorization, business purpose and policy compliance.",939
1370,1386,1.07 Condiments & Spices,Knorr Tomato & Chicken Flavor Bouillon 3.5 oz - 100 Gr,257.25,256.2,1.0500000000000114,167.58,88.62,34.59016393442623,validated_consistent_positive_sales_positive_cogs,weight_based,informational_family_variant,low,43.44705882352941,1,1,REVENUE_REDUCTION,"Validate discount/refund authorization, business purpose and policy compliance.",940
1713,1729,1.14 Herbal Teas,Playadito Yerba Mate 1 Kg,1518.22,1517.19,1.0299999999999727,966.15,551.04,36.31977537421153,validated_consistent_positive_sales_positive_cogs,weight_based,no_catalog_finding,low,43.37647058823529,1,1,REVENUE_REDUCTION,"Validate discount/refund authorization, business purpose and policy compliance.",941
811,827,1.25 Sweets & Candies,De La Rosa Pulparindots Mango 12.8Oz / 360g UNIT,62.55,62.45,0.09999999999999432,36.95,25.5,40.832666132906326,validated_consistent_positive_sales_positive_cogs,explicit_single_unit,actionable_review_candidate,low,43.148148148148145,2,2,CATALOG_ACTIONABLE | REVENUE_REDUCTION,"Validate SKU/UPC, presentation, duplicate status and pack-size configuration before any merge. | Validate discount/refund authorization, business purpose and policy compliance.",942
1711,1727,1.14 Herbal Teas,UM Hibiscus  (Jamaica) 250G,3686.31,3685.31,1.0,1041.21,2644.1,71.74701721157786,validated_consistent_positive_sales_positive_cogs,weight_based,no_catalog_finding,low,42.858823529411765,1,1,REVENUE_REDUCTION,"Validate discount/refund authorization, business purpose and policy compliance.",943
626,642,1.25 Sweets & Candies,Colombina Arequipe Caramel Spread 500 g,1948.05,1947.05,1.0,1405.95,541.1,27.790760381089346,validated_consistent_positive_sales_positive_cogs,weight_based,no_catalog_finding,low,42.858823529411765,1,1,REVENUE_REDUCTION,"Validate discount/refund authorization, business purpose and policy compliance.",944
1323,1339,1.07 Condiments & Spices,Goya Sazon Azafran 3.52oz,1312.56,1311.56,1.0,848.4,463.16,35.31367226813871,validated_consistent_positive_sales_positive_cogs,weight_based,no_catalog_finding,low,42.858823529411765,1,1,REVENUE_REDUCTION,"Validate discount/refund authorization, business purpose and policy compliance.",945
429,445,1.03 Beverages,Squirt soda 355ml,1072.85,1071.85,1.0,623.5,448.35,41.82954704482904,validated_consistent_positive_sales_positive_cogs,volume_based,informational_family_variant,low,42.858823529411765,1,1,REVENUE_REDUCTION,"Validate discount/refund authorization, business purpose and policy compliance.",946
332,348,1.12 Frozen Products,Goya Tostones Frozen 1 LB,989.01,988.01,1.0,617.76,370.25,37.4743170615682,validated_consistent_positive_sales_positive_cogs,weight_based,no_catalog_finding,low,42.858823529411765,1,1,REVENUE_REDUCTION,"Validate discount/refund authorization, business purpose and policy compliance.",947
1161,1177,1.23 Sauces,Tapatio Salsa Picante 32 oz,539.64,538.64,1.0,350.28,188.36,34.96955294816576,validated_consistent_positive_sales_positive_cogs,weight_based,informational_family_variant,low,42.858823529411765,1,1,REVENUE_REDUCTION,"Validate discount/refund authorization, business purpose and policy compliance.",948
671,687,1.25 Sweets & Candies,Ramo Chocoramo Chococake 65g,515.43,514.43,1.0,308.43,206.0,40.044320898858935,validated_consistent_positive_sales_positive_cogs,weight_based,no_catalog_finding,low,42.858823529411765,1,1,REVENUE_REDUCTION,"Validate discount/refund authorization, business purpose and policy compliance.",949
226,242,4.Bakery,Fresh Bocado Mini Bunuelos 15 pack,489.51,488.51,1.0,294.0,194.51,39.81699453440052,validated_consistent_positive_sales_positive_cogs,explicit_multipack,no_catalog_finding,low,42.858823529411765,1,1,REVENUE_REDUCTION,"Validate discount/refund authorization, business purpose and policy compliance.",950
1562,1578,1.22 Refrigerated,Ricoza Chorizo Mild Meat,459.54,458.54,1.0,310.5,148.04,32.28507872813713,validated_consistent_positive_sales_positive_cogs,presentation_not_explicit,no_catalog_finding,low,42.858823529411765,1,1,REVENUE_REDUCTION,"Validate discount/refund authorization, business purpose and policy compliance.",951
228,244,4.Bakery,160 Argentine Capresse  Empanada,454.09,453.09,1.0,331.45,121.64,26.84676333620252,validated_consistent_positive_sales_positive_cogs,presentation_not_explicit,no_catalog_finding,low,42.858823529411765,1,1,REVENUE_REDUCTION,"Validate discount/refund authorization, business purpose and policy compliance.",952
229,245,4.Bakery,160 Empanada de Hojaldre Hawaina,454.09,453.09,1.0,181.09,272.0,60.03222317861794,validated_consistent_positive_sales_positive_cogs,presentation_not_explicit,no_catalog_finding,low,42.858823529411765,1,1,REVENUE_REDUCTION,"Validate discount/refund authorization, business purpose and policy compliance.",953
231,247,4.Bakery,FB Mini Buñuelos 15pc,399.6,398.6,1.0,279.6,119.0,29.85449071751129,validated_consistent_positive_sales_positive_cogs,presentation_not_explicit,no_catalog_finding,low,42.858823529411765,1,1,REVENUE_REDUCTION,"Validate discount/refund authorization, business purpose and policy compliance.",954
1450,1466,1.04 Can Products,Goya Green Pigeon Gandules Can 15.5oz,379.24,378.24,1.0,243.2,135.04,35.70219966159052,validated_consistent_positive_sales_positive_cogs,weight_based,no_catalog_finding,low,42.858823529411765,1,1,REVENUE_REDUCTION,"Validate discount/refund authorization, business purpose and policy compliance.",955
1195,1211,1.23 Sauces,Zaaschila 3 Chiles Homestyle Sauce 6/265 g,224.55,223.55,1.0,131.4,92.15,41.22120331022143,validated_consistent_positive_sales_positive_cogs,explicit_multipack,no_catalog_finding,low,42.858823529411765,1,1,REVENUE_REDUCTION,"Validate discount/refund authorization, business purpose and policy compliance.",956
243,259,4.Bakery,160 Mini Alfajores 10 pack,169.83,168.83,1.0,118.83,50.0,29.615589646389857,validated_consistent_positive_sales_positive_cogs,explicit_multipack,no_catalog_finding,low,42.858823529411765,1,1,REVENUE_REDUCTION,"Validate discount/refund authorization, business purpose and policy compliance.",957
276,292,4.Bakery,Empanada Festival - Argentinas CHAMPIÑONES,40.0,39.0,1.0,20.0,19.0,48.71794871794872,validated_consistent_positive_sales_positive_cogs,presentation_not_explicit,no_catalog_finding,low,42.858823529411765,1,1,REVENUE_REDUCTION,"Validate discount/refund authorization, business purpose and policy compliance.",958
267,283,4.Bakery,160 Alfajor 4 Pack,59.94,59.94,0.0,14.4,45.54,75.97597597597597,validated_consistent_positive_sales_positive_cogs,explicit_multipack,actionable_review_candidate,low,42.407407407407405,1,1,CATALOG_ACTIONABLE,"Validate SKU/UPC, presentation, duplicate status and pack-size configuration before any merge.",959
747,763,1.25 Sweets & Candies,De La Rosa Pulparindots Sandia 12.8Oz / 360 UNIT,188.31,187.32,0.9900000000000091,119.88,67.44,36.00256245996156,validated_consistent_positive_sales_positive_cogs,explicit_single_unit,informational_family_variant,low,42.294117647058826,1,1,REVENUE_REDUCTION,"Validate discount/refund authorization, business purpose and policy compliance.",960
1902,1918,1.08 Brines,La Costena Nopalitos 15.5oz,383.0,382.04,0.9599999999999795,244.8,137.24,35.92294000628207,validated_consistent_positive_sales_positive_cogs,weight_based,no_catalog_finding,low,42.05882352941177,1,1,REVENUE_REDUCTION,"Validate discount/refund authorization, business purpose and policy compliance.",961
1893,1909,1.08 Brines,Durango Foods Cueritos / Seansoned Pork Rinds in Brine 16 oz / 1 Lb,1252.68,1251.73,0.9500000000000455,753.72,498.01,39.78573654062777,validated_consistent_positive_sales_positive_cogs,weight_based,informational_family_variant,low,42.01176470588236,1,1,REVENUE_REDUCTION,"Validate discount/refund authorization, business purpose and policy compliance.",962
621,637,1.25 Sweets & Candies,San Ignacio Dulce de Leche 450g,3344.28,3343.38,0.900000000000091,1729.8,1613.58,48.26193851730883,validated_consistent_positive_sales_positive_cogs,weight_based,informational_family_variant,low,41.96470588235294,1,1,REVENUE_REDUCTION,"Validate discount/refund authorization, business purpose and policy compliance.",963
1861,1877,1.18 Pasta-Soups,Knorr Fideos - 3.5 oz,314.3,313.4,0.9000000000000341,197.4,116.0,37.01340140395661,validated_consistent_positive_sales_positive_cogs,weight_based,no_catalog_finding,low,41.91764705882353,1,1,REVENUE_REDUCTION,"Validate discount/refund authorization, business purpose and policy compliance.",964
370,386,1.12 Frozen Products,Fresh Bocado Arepa Yellow Corn/ maiz peto Amarillo 1000g,224.75,223.85,0.9000000000000057,138.75,85.1,38.01652892561984,validated_consistent_positive_sales_positive_cogs,weight_based,no_catalog_finding,low,41.870588235294115,1,1,REVENUE_REDUCTION,"Validate discount/refund authorization, business purpose and policy compliance.",965
1039,1055,1.05 Chips & Snacks,Diana Toztecas Fire Pops Extruido Small 35 oz,50.4,49.5,0.8999999999999986,32.76,16.74,33.81818181818181,validated_consistent_positive_sales_positive_cogs,weight_based,no_catalog_finding,low,41.82352941176471,1,1,REVENUE_REDUCTION,"Validate discount/refund authorization, business purpose and policy compliance.",966
859,875,1.25 Sweets & Candies,Lucas Polvos Sandia   200 g x unit,22.77,22.77,0.0,22.77,0.0,0.0,validated_consistent_positive_sales_positive_cogs,explicit_single_unit,no_catalog_finding,low,41.769230769230774,1,1,LOW_MARGIN,Review price-cost relationship and whether discounts compressed the observed margin.,967
649,665,1.25 Sweets & Candies,Ramo Blinty Mini 5/240G,764.15,763.25,0.8999999999999773,480.25,283.0,37.0782836554209,validated_consistent_positive_sales_positive_cogs,explicit_multipack,no_catalog_finding,low,41.72941176470588,1,1,REVENUE_REDUCTION,"Validate discount/refund authorization, business purpose and policy compliance.",968
974,990,1.05 Chips & Snacks,Don Pancho Homestyle Tortilla Chips 21oz,419.51,418.61,0.8999999999999773,257.25,161.36,38.54661857098493,validated_consistent_positive_sales_positive_cogs,weight_based,no_catalog_finding,low,41.72941176470588,1,1,REVENUE_REDUCTION,"Validate discount/refund authorization, business purpose and policy compliance.",969
1479,1495,1.04 Can Products,Iberia Cranberry Roman Beans CAN 15.5 oz - 439 oz,58.37,58.37,0.0,32.11,26.26,44.98886414253898,validated_consistent_positive_sales_positive_cogs,weight_based,actionable_review_candidate,low,41.666666666666664,1,1,CATALOG_ACTIONABLE,"Validate SKU/UPC, presentation, duplicate status and pack-size configuration before any merge.",970
1107,1123,1.10 Dairy,Rumba Fromages Latino Crema Mex 375 ml,2708.61,2707.81,0.8000000000001819,1864.5,843.31,31.14361790524445,validated_consistent_positive_sales_positive_cogs,volume_based,no_catalog_finding,low,41.63529411764706,1,1,REVENUE_REDUCTION,"Validate discount/refund authorization, business purpose and policy compliance.",971
392,408,1.12 Frozen Products,Goya Platanos Maduros Frozen 11oz,39.95,39.15,0.8000000000000043,25.45,13.7,34.993614303959134,validated_consistent_positive_sales_positive_cogs,weight_based,actionable_review_candidate,low,41.588235294117645,2,2,CATALOG_ACTIONABLE | REVENUE_REDUCTION,"Validate SKU/UPC, presentation, duplicate status and pack-size configuration before any merge. | Validate discount/refund authorization, business purpose and policy compliance.",972
996,1012,1.05 Chips & Snacks,Ramo Tostacos Picantes,239.7,238.9,0.799999999999983,151.2,87.7,36.709920468815405,validated_consistent_positive_sales_positive_cogs,presentation_not_explicit,no_catalog_finding,low,41.51764705882353,1,1,REVENUE_REDUCTION,"Validate discount/refund authorization, business purpose and policy compliance.",973
865,881,1.25 Sweets & Candies,Lucas Gusano Tamarindo  36g X  unid,19.9,19.11,0.7899999999999991,6.7,12.41,64.93982208267923,validated_consistent_positive_sales_positive_cogs,weight_based,no_catalog_finding,low,41.4,1,1,REVENUE_REDUCTION,"Validate discount/refund authorization, business purpose and policy compliance.",974
1852,1868,1.18 Pasta-Soups,Maruchan Chicken Soup 2.25oz,561.18,560.39,0.7899999999999636,301.74,258.65,46.15535609129356,validated_consistent_positive_sales_positive_cogs,weight_based,no_catalog_finding,low,41.35294117647059,1,1,REVENUE_REDUCTION,"Validate discount/refund authorization, business purpose and policy compliance.",975
204,220,4.Bakery,160 Milhojas Cake,1310.4,1309.62,0.7800000000002001,629.28,680.34,51.94942044257114,validated_consistent_positive_sales_positive_cogs,presentation_not_explicit,no_catalog_finding,low,41.305882352941175,1,1,REVENUE_REDUCTION,"Validate discount/refund authorization, business purpose and policy compliance.",976
1266,1282,"1.06 Coffee, Cocoa, Panela, Butter",Fresh Bocado Panela Prepartida 908 g,2988.51,2987.76,0.75,1668.51,1319.25,44.1551530243393,validated_consistent_positive_sales_positive_cogs,weight_based,informational_family_variant,low,41.16470588235294,1,1,REVENUE_REDUCTION,"Validate discount/refund authorization, business purpose and policy compliance.",977
1329,1345,1.07 Condiments & Spices,Canela Entera 50g,975.0,974.25,0.75,605.52,368.73,37.84757505773672,validated_consistent_positive_sales_positive_cogs,weight_based,no_catalog_finding,low,41.16470588235294,1,1,REVENUE_REDUCTION,"Validate discount/refund authorization, business purpose and policy compliance.",978
1331,1347,1.07 Condiments & Spices,El Rey Ajiaco Seasoning 0.70oz,883.95,883.2,0.75,267.32,615.88,69.73278985507247,validated_consistent_positive_sales_positive_cogs,weight_based,no_catalog_finding,low,41.16470588235294,1,1,REVENUE_REDUCTION,"Validate discount/refund authorization, business purpose and policy compliance.",979
128,144,2. Restaurant,Maduro Aborrajado 6 Pack frozen,14.99,14.99,0.0,12.68,2.31,15.410273515677115,validated_consistent_positive_sales_positive_cogs,explicit_multipack,no_catalog_finding,low,41.15384615384615,1,1,LOW_MARGIN,Review price-cost relationship and whether discounts compressed the observed margin.,980
918,934,1.05 Chips & Snacks,Sabritas Rancheritos 145g .,3243.36,3242.66,0.7000000000002728,1982.46,1260.2,38.86315555747442,validated_consistent_positive_sales_positive_cogs,weight_based,no_catalog_finding,low,41.07058823529412,1,1,REVENUE_REDUCTION,"Validate discount/refund authorization, business purpose and policy compliance.",981
476,492,1.03 Beverages,Topo Chico Mineral Water Glass 750 ML - T Unit,419.4,418.7,0.6999999999999886,278.4,140.3,33.508478624313355,validated_consistent_positive_sales_positive_cogs,explicit_single_unit,informational_family_variant,low,40.95294117647059,1,1,REVENUE_REDUCTION,"Validate discount/refund authorization, business purpose and policy compliance.",982
709,725,1.25 Sweets & Candies,Jet Chocolatina - 264 Gr UNIT,340.56,339.86,0.6999999999999886,137.6,202.26,59.51274054022244,validated_consistent_positive_sales_positive_cogs,explicit_single_unit,informational_family_variant,low,40.95294117647059,1,1,REVENUE_REDUCTION,"Validate discount/refund authorization, business purpose and policy compliance.",983
930,946,1.05 Chips & Snacks,Sabritas Churrumais con limoncito185g,1342.08,1341.38,0.6999999999998181,892.44,448.94,33.468517496906166,validated_consistent_positive_sales_positive_cogs,weight_based,no_catalog_finding,low,40.88235294117647,1,1,REVENUE_REDUCTION,"Validate discount/refund authorization, business purpose and policy compliance.",984
1850,1866,1.18 Pasta-Soups,Verde Valle Morelos Rice 2 lb,645.98,645.3,0.6800000000000637,425.94,219.36,33.993491399349146,validated_consistent_positive_sales_positive_cogs,weight_based,no_catalog_finding,low,40.83529411764706,1,1,REVENUE_REDUCTION,"Validate discount/refund authorization, business purpose and policy compliance.",985
555,571,1.03 Beverages,Boing Manzana Juice 500 ml UNIT,107.25,106.6,0.6500000000000057,67.65,38.95,36.53846153846154,validated_consistent_positive_sales_positive_cogs,explicit_single_unit,no_catalog_finding,low,40.78823529411765,1,1,REVENUE_REDUCTION,"Validate discount/refund authorization, business purpose and policy compliance.",986
1326,1342,1.07 Condiments & Spices,La Perla Achiote 3.5 oz,1039.81,1039.16,0.6499999999998636,630.4,408.76,39.33561722930058,validated_consistent_positive_sales_positive_cogs,weight_based,informational_family_variant,low,40.694117647058825,1,1,REVENUE_REDUCTION,"Validate discount/refund authorization, business purpose and policy compliance.",987
631,647,1.25 Sweets & Candies,Su Sabor Tumes 400g,1407.65,1407.05,0.6000000000001364,840.35,566.7,40.27575423758929,validated_consistent_positive_sales_positive_cogs,weight_based,no_catalog_finding,low,40.64705882352941,1,1,REVENUE_REDUCTION,"Validate discount/refund authorization, business purpose and policy compliance.",988
1538,1554,3.Coffee160,160 Horchata Latte 12 oz,14.97,14.97,0.0,14.97,0.0,0.0,validated_consistent_positive_sales_positive_cogs,volume_based,informational_family_variant,low,40.53846153846154,1,1,LOW_MARGIN,Review price-cost relationship and whether discounts compressed the observed margin.,989
72,88,2. Restaurant,Fresh Bocado Salsa Verde - 8 Oz Restaurante,838.6,838.0,0.6000000000000227,268.8,569.2,67.9236276849642,validated_consistent_positive_sales_positive_cogs,weight_based,no_catalog_finding,low,40.48235294117647,1,1,REVENUE_REDUCTION,"Validate discount/refund authorization, business purpose and policy compliance.",990
947,963,1.05 Chips & Snacks,Tortrix Limon 180g,700.83,700.23,0.6000000000000227,448.11,252.12,36.00531254016538,validated_consistent_positive_sales_positive_cogs,weight_based,no_catalog_finding,low,40.48235294117647,1,1,REVENUE_REDUCTION,"Validate discount/refund authorization, business purpose and policy compliance.",991
655,671,1.25 Sweets & Candies,Su Sabor Cubitos de Guayaba 24,636.87,636.27,0.6000000000000227,411.08,225.19,35.39220771056313,validated_consistent_positive_sales_positive_cogs,presentation_not_explicit,no_catalog_finding,low,40.48235294117647,1,1,REVENUE_REDUCTION,"Validate discount/refund authorization, business purpose and policy compliance.",992
223,239,4.Bakery,Empanada Festival - Chilenas Carne,615.0,614.4,0.6000000000000227,307.5,306.9,49.951171875,validated_consistent_positive_sales_positive_cogs,presentation_not_explicit,no_catalog_finding,low,40.48235294117647,1,1,REVENUE_REDUCTION,"Validate discount/refund authorization, business purpose and policy compliance.",993
1856,1872,1.18 Pasta-Soups,Maruchan Beef Soup 2.25oz,415.91,415.31,0.6000000000000227,223.63,191.68,46.15347571693434,validated_consistent_positive_sales_positive_cogs,weight_based,no_catalog_finding,low,40.48235294117647,1,1,REVENUE_REDUCTION,"Validate discount/refund authorization, business purpose and policy compliance.",994
1859,1875,1.18 Pasta-Soups,Maruchan Shrimp Lime Chili 2.25oz,374.12,373.52,0.6000000000000227,191.76,181.76,48.66138359391733,validated_consistent_positive_sales_positive_cogs,weight_based,no_catalog_finding,low,40.48235294117647,1,1,REVENUE_REDUCTION,"Validate discount/refund authorization, business purpose and policy compliance.",995
271,287,4.Bakery,Empanada Festival - Argentinas CARNE,52.0,51.4,0.6000000000000014,26.0,25.4,49.41634241245136,validated_consistent_positive_sales_positive_cogs,presentation_not_explicit,no_catalog_finding,low,40.31764705882353,1,1,REVENUE_REDUCTION,"Validate discount/refund authorization, business purpose and policy compliance.",996
1873,1889,1.18 Pasta-Soups,Maruchan Hot & Spicy Beef 2.25 oz,222.88,222.28,0.5999999999999943,119.84,102.44,46.08601763541479,validated_consistent_positive_sales_positive_cogs,weight_based,no_catalog_finding,low,40.27058823529412,1,1,REVENUE_REDUCTION,"Validate discount/refund authorization, business purpose and policy compliance.",997
1864,1880,1.18 Pasta-Soups,La Moderna Fideos 7 oz,296.51,295.91,0.5999999999999659,119.37,176.54,59.66003176641546,validated_consistent_positive_sales_positive_cogs,weight_based,no_catalog_finding,low,40.22352941176471,1,1,REVENUE_REDUCTION,"Validate discount/refund authorization, business purpose and policy compliance.",998
1239,1255,1.23 Sauces,El Pato Tomato Sauce with Jalapeno - 75 oz - 220 Gr,45.5,45.5,0.0,27.86,17.64,38.76923076923077,validated_consistent_positive_sales_positive_cogs,weight_based,actionable_review_candidate,low,40.18518518518518,1,1,CATALOG_ACTIONABLE,"Validate SKU/UPC, presentation, duplicate status and pack-size configuration before any merge.",999
462,478,1.03 Beverages,Sidral Mundet 1.5 Lt,523.25,522.67,0.5800000000000409,340.34,182.33,34.8843438498479,validated_consistent_positive_sales_positive_cogs,volume_based,informational_family_variant,low,40.1764705882353,1,1,REVENUE_REDUCTION,"Validate discount/refund authorization, business purpose and policy compliance.",1000
1156,1172,1.23 Sauces,La Costena Salsa Ranchera 16oz,638.25,637.68,0.57000000000005,401.82,235.86,36.987203613097485,validated_consistent_positive_sales_positive_cogs,weight_based,no_catalog_finding,low,40.10588235294118,1,1,REVENUE_REDUCTION,"Validate discount/refund authorization, business purpose and policy compliance.",1001
1644,1660,1.09 Cookies & Crackers,Noel Crackers Saltin Queso y Mantequilla 3 Tacos 385g,592.25,591.68,0.57000000000005,357.41,234.27,39.5940373174689,validated_consistent_positive_sales_positive_cogs,weight_based,no_catalog_finding,low,40.10588235294118,1,1,REVENUE_REDUCTION,"Validate discount/refund authorization, business purpose and policy compliance.",1002
953,969,1.05 Chips & Snacks,Totis Donita con Sal y Limon 24 / 50 Gr,621.92,621.35,0.5699999999999363,303.68,317.67,51.12577452321558,validated_consistent_positive_sales_positive_cogs,explicit_multipack,no_catalog_finding,low,39.98823529411764,1,1,REVENUE_REDUCTION,"Validate discount/refund authorization, business purpose and policy compliance.",1003
644,660,1.25 Sweets & Candies,BonBonBum Fresa X 24,905.85,905.3,0.5500000000000682,511.5,393.8,43.49939246658567,validated_consistent_positive_sales_positive_cogs,explicit_multipack,informational_family_variant,low,39.94117647058823,1,1,REVENUE_REDUCTION,"Validate discount/refund authorization, business purpose and policy compliance.",1004
129,145,2. Restaurant,Vaso desechable,12.75,12.75,0.0,10.2,2.55,20.0,validated_consistent_positive_sales_positive_cogs,presentation_not_explicit,no_catalog_finding,low,39.92307692307692,1,1,LOW_MARGIN,Review price-cost relationship and whether discounts compressed the observed margin.,1005
511,527,1.03 Beverages,Electrolit Suero Hidratante Ponche de Frutas,220.4,219.85,0.5500000000000114,111.6,108.25,49.23811689788492,validated_consistent_positive_sales_positive_cogs,presentation_not_explicit,no_catalog_finding,low,39.87058823529412,1,1,REVENUE_REDUCTION,"Validate discount/refund authorization, business purpose and policy compliance.",1006
1029,1045,1.05 Chips & Snacks,Yupi Tozineta Familiar 100g,82.35,81.8,0.5499999999999972,51.75,30.05,36.7359413202934,validated_consistent_positive_sales_positive_cogs,weight_based,no_catalog_finding,low,39.752941176470586,1,1,REVENUE_REDUCTION,"Validate discount/refund authorization, business purpose and policy compliance.",1007
1070,1086,1.26 Tortillas,Romero Yellow Corn Tortilla Mini 4.5'' 30oz / 5dz,1811.7,1811.15,0.5499999999999545,1174.8,636.35,35.13513513513514,validated_consistent_positive_sales_positive_cogs,weight_based,no_catalog_finding,low,39.68235294117647,1,1,REVENUE_REDUCTION,"Validate discount/refund authorization, business purpose and policy compliance.",1008
696,712,1.25 Sweets & Candies,BonBonBum Sandia x 24,400.77,400.22,0.5499999999999545,226.3,173.92,43.45609914546999,validated_consistent_positive_sales_positive_cogs,explicit_multipack,informational_family_variant,low,39.68235294117647,1,1,REVENUE_REDUCTION,"Validate discount/refund authorization, business purpose and policy compliance.",1009
725,741,1.25 Sweets & Candies,Colombina Coffee Delight 50u,253.5,252.99,0.5099999999999909,137.28,115.71,45.73698565160677,validated_consistent_positive_sales_positive_cogs,presentation_not_explicit,no_catalog_finding,low,39.61176470588235,1,1,REVENUE_REDUCTION,"Validate discount/refund authorization, business purpose and policy compliance.",1010
1848,1864,1.18 Pasta-Soups,Knorr Sopa de Letras con Tomate 3.5 oz,813.39,812.89,0.5,490.89,322.0,39.61175558808695,validated_consistent_positive_sales_positive_cogs,weight_based,no_catalog_finding,low,39.35294117647059,1,1,REVENUE_REDUCTION,"Validate discount/refund authorization, business purpose and policy compliance.",1011
1344,1360,1.07 Condiments & Spices,El Rey Lentejas Seasoning 0.53 oz,527.88,527.38,0.5,159.26,368.12,69.80166104137435,validated_consistent_positive_sales_positive_cogs,weight_based,no_catalog_finding,low,39.35294117647059,1,1,REVENUE_REDUCTION,"Validate discount/refund authorization, business purpose and policy compliance.",1012
971,987,1.05 Chips & Snacks,SuperRicas Mega Chicken Potato Chips 105 g,449.1,448.6,0.5,196.2,252.4,56.26393223361569,validated_consistent_positive_sales_positive_cogs,weight_based,no_catalog_finding,low,39.35294117647059,1,1,REVENUE_REDUCTION,"Validate discount/refund authorization, business purpose and policy compliance.",1013
2011,2027,1.16 Miscelanea,La Reina Sardina in Tomato Sauce,409.18,408.68,0.5,277.84,130.84,32.01526866986395,validated_consistent_positive_sales_positive_cogs,presentation_not_explicit,no_catalog_finding,low,39.35294117647059,1,1,REVENUE_REDUCTION,"Validate discount/refund authorization, business purpose and policy compliance.",1014
1876,1892,1.18 Pasta-Soups,La Moderna Conchas 7 oz,185.07,184.57,0.5,82.59,101.98,55.2527496342851,validated_consistent_positive_sales_positive_cogs,weight_based,no_catalog_finding,low,39.35294117647059,1,1,REVENUE_REDUCTION,"Validate discount/refund authorization, business purpose and policy compliance.",1015
106,122,2. Restaurant,Tortilla Unidad,151.25,150.75,0.5,30.25,120.5,79.93366500829188,validated_consistent_positive_sales_positive_cogs,explicit_single_unit,no_catalog_finding,low,39.35294117647059,1,1,REVENUE_REDUCTION,"Validate discount/refund authorization, business purpose and policy compliance.",1016
832,848,1.25 Sweets & Candies,Las Negras Torta Negra Envinada - 1500 Gr UNIT,49.5,49.01,0.490000000000002,32.78,16.23,33.11569067537238,validated_consistent_positive_sales_positive_cogs,explicit_single_unit,informational_family_variant,low,39.09411764705882,1,1,REVENUE_REDUCTION,"Validate discount/refund authorization, business purpose and policy compliance.",1017
1317,1333,1.07 Condiments & Spices,La Fiesta Chile Guajillo Entero 2.25oz,2156.5,2156.02,0.4800000000000182,1284.82,871.2,40.40778842496823,validated_consistent_positive_sales_positive_cogs,weight_based,informational_family_variant,low,39.0,1,1,REVENUE_REDUCTION,"Validate discount/refund authorization, business purpose and policy compliance.",1018
945,961,1.05 Chips & Snacks,Barcel Takis Fuego 4 oz,712.5,712.03,0.4700000000000273,492.0,220.03,30.90178784601773,validated_consistent_positive_sales_positive_cogs,weight_based,no_catalog_finding,low,38.95294117647059,1,1,REVENUE_REDUCTION,"Validate discount/refund authorization, business purpose and policy compliance.",1019
1799,1815,1.28 Grains,Sinha Canjica de Milho Branca / White Cracked Corn 500g,96.6,96.14,0.45999999999999375,62.79,33.35,34.68899521531101,validated_consistent_positive_sales_positive_cogs,weight_based,no_catalog_finding,low,38.90588235294118,1,1,REVENUE_REDUCTION,"Validate discount/refund authorization, business purpose and policy compliance.",1020
624,640,1.25 Sweets & Candies,Lala Media Crema 250ml,1998.28,1997.83,0.4500000000000455,1243.5,754.33,37.75746685153392,validated_consistent_positive_sales_positive_cogs,volume_based,no_catalog_finding,low,38.811764705882354,1,1,REVENUE_REDUCTION,"Validate discount/refund authorization, business purpose and policy compliance.",1021
1814,1830,1.02 Beans,Isadora Original Refried Beans - 430 Gr,1692.73,1692.28,0.4500000000000455,1032.98,659.3,38.95927387902711,validated_consistent_positive_sales_positive_cogs,weight_based,no_catalog_finding,low,38.811764705882354,1,1,REVENUE_REDUCTION,"Validate discount/refund authorization, business purpose and policy compliance.",1022
1865,1881,1.18 Pasta-Soups,Knorr Estrellas - 3.5 oz,291.85,291.4,0.4500000000000455,183.3,108.1,37.096774193548384,validated_consistent_positive_sales_positive_cogs,weight_based,no_catalog_finding,low,38.811764705882354,1,1,REVENUE_REDUCTION,"Validate discount/refund authorization, business purpose and policy compliance.",1023
233,249,4.Bakery,160 Hojaldre de Jamon y Queso,351.0,350.55,0.44999999999998863,117.0,233.55,66.62387676508345,validated_consistent_positive_sales_positive_cogs,presentation_not_explicit,no_catalog_finding,low,38.71764705882353,1,1,REVENUE_REDUCTION,"Validate discount/refund authorization, business purpose and policy compliance.",1024
846,862,1.25 Sweets & Candies,De la Rosa Pulparindo Sandia 10 oz/ 280g UNIT,36.63,36.63,0.0,5.18,31.45,85.85858585858584,validated_consistent_positive_sales_positive_cogs,explicit_single_unit,actionable_review_candidate,low,38.7037037037037,1,1,CATALOG_ACTIONABLE,"Validate SKU/UPC, presentation, duplicate status and pack-size configuration before any merge.",1025
1539,1555,3.Coffee160,160 Iced Horchata Latte 16 oz,11.5,11.5,0.0,11.5,0.0,0.0,validated_consistent_positive_sales_positive_cogs,volume_based,no_catalog_finding,low,38.69230769230769,1,1,LOW_MARGIN,Review price-cost relationship and whether discounts compressed the observed margin.,1026
796,812,1.25 Sweets & Candies,Jumbo Chocolatina Mani peanut chocolate bar Unit,90.09,89.66,0.4300000000000068,58.38,31.28,34.887352219495874,validated_consistent_positive_sales_positive_cogs,explicit_single_unit,no_catalog_finding,low,38.67058823529412,1,1,REVENUE_REDUCTION,"Validate discount/refund authorization, business purpose and policy compliance.",1027
1025,1041,1.05 Chips & Snacks,Diana Tortilla Chips Nachos 3.84 oz,101.15,100.73,0.4200000000000017,65.52,35.21,34.954829742877,validated_consistent_positive_sales_positive_cogs,weight_based,no_catalog_finding,low,38.62352941176471,1,1,REVENUE_REDUCTION,"Validate discount/refund authorization, business purpose and policy compliance.",1028
2008,2024,1.16 Miscelanea,Zote Jabon  Rosado 14.1 oz,622.44,622.04,0.40000000000009095,382.2,239.84,38.55700598032281,validated_consistent_positive_sales_positive_cogs,weight_based,no_catalog_finding,low,38.576470588235296,1,1,REVENUE_REDUCTION,"Validate discount/refund authorization, business purpose and policy compliance.",1029
1824,1840,1.02 Beans,Goya Black Beans Can 15.5oz,434.91,434.51,0.4000000000000341,264.77,169.74,39.06469356286392,validated_consistent_positive_sales_positive_cogs,weight_based,informational_family_variant,low,38.529411764705884,1,1,REVENUE_REDUCTION,"Validate discount/refund authorization, business purpose and policy compliance.",1030
1732,1748,1.14 Herbal Teas,Hindu Chamomile Honey and Ginger 12/20/25 g,171.57,171.17,0.4000000000000057,88.83,82.34,48.10422387100544,validated_consistent_positive_sales_positive_cogs,explicit_multipack,no_catalog_finding,low,38.31764705882353,1,1,REVENUE_REDUCTION,"Validate discount/refund authorization, business purpose and policy compliance.",1031
1734,1750,1.14 Herbal Teas,Hindu Night Time 12/20/25 g,151.62,151.22,0.4000000000000057,78.66,72.56,47.983071022351545,validated_consistent_positive_sales_positive_cogs,explicit_multipack,no_catalog_finding,low,38.31764705882353,1,1,REVENUE_REDUCTION,"Validate discount/refund authorization, business purpose and policy compliance.",1032
1213,1229,1.23 Sauces,Sibarita Aji Panca Sin Picante Frasco 80g / 2.82 oz,139.65,139.25,0.4000000000000057,89.6,49.65,35.65529622980252,validated_consistent_positive_sales_positive_cogs,weight_based,no_catalog_finding,low,38.31764705882353,1,1,REVENUE_REDUCTION,"Validate discount/refund authorization, business purpose and policy compliance.",1033
1737,1753,1.14 Herbal Teas,Hindu Fruit Infusion Red Fruit 12/20/25 g,111.72,111.32,0.4000000000000057,58.31,53.01,47.619475386273805,validated_consistent_positive_sales_positive_cogs,explicit_multipack,no_catalog_finding,low,38.31764705882353,1,1,REVENUE_REDUCTION,"Validate discount/refund authorization, business purpose and policy compliance.",1034
1608,1624,1.13 Flours,Sinha Cuscuz / Corn Flaked Flour Cuscus 500g,107.73,107.33,0.4000000000000057,42.12,65.21,60.75654523432405,validated_consistent_positive_sales_positive_cogs,weight_based,no_catalog_finding,low,38.31764705882353,1,1,REVENUE_REDUCTION,"Validate discount/refund authorization, business purpose and policy compliance.",1035
1740,1756,1.14 Herbal Teas,Hindu Chamomile 12/20/ 25 g,95.76,95.36,0.4000000000000057,52.8,42.56,44.63087248322148,validated_consistent_positive_sales_positive_cogs,explicit_multipack,no_catalog_finding,low,38.31764705882353,1,1,REVENUE_REDUCTION,"Validate discount/refund authorization, business purpose and policy compliance.",1036
263,279,4.Bakery,Empanada Festival - Argentinas POLLO,70.5,70.1,0.4000000000000057,34.0,36.1,51.49786019971469,validated_consistent_positive_sales_positive_cogs,presentation_not_explicit,no_catalog_finding,low,38.31764705882353,1,1,REVENUE_REDUCTION,"Validate discount/refund authorization, business purpose and policy compliance.",1037
1736,1752,1.14 Herbal Teas,Hindu Lemon Ginger 12/20/25 g,118.71,118.31,0.3999999999999915,62.53,55.78,47.1473248246133,validated_consistent_positive_sales_positive_cogs,explicit_multipack,no_catalog_finding,low,38.08235294117647,1,1,REVENUE_REDUCTION,"Validate discount/refund authorization, business purpose and policy compliance.",1038
1742,1758,1.14 Herbal Teas,Hindu Eucalyptus & Honey 12/20/25 g,71.82,71.42,0.3999999999999915,37.26,34.16,47.829739568748245,validated_consistent_positive_sales_positive_cogs,explicit_multipack,no_catalog_finding,low,38.08235294117647,1,1,REVENUE_REDUCTION,"Validate discount/refund authorization, business purpose and policy compliance.",1039
1044,1060,1.05 Chips & Snacks,Besitos  Calenos / Cassava Snack 30g T x6 UNIT,29.9,29.9,0.0,16.4,13.5,45.15050167224081,validated_consistent_positive_sales_positive_cogs,explicit_multipack,actionable_review_candidate,low,37.96296296296296,1,1,CATALOG_ACTIONABLE,"Validate SKU/UPC, presentation, duplicate status and pack-size configuration before any merge.",1040
665,681,1.25 Sweets & Candies,Ricolino Mini Paleta Payaso 15 Pzas 375g / 13.23oz UNIT,536.14,535.74,0.39999999999997726,308.9,226.84,42.341434277821335,validated_consistent_positive_sales_positive_cogs,explicit_single_unit,informational_family_variant,low,37.94117647058823,1,1,REVENUE_REDUCTION,"Validate discount/refund authorization, business purpose and policy compliance.",1041
1288,1304,"1.06 Coffee, Cocoa, Panela, Butter",Fresh Bocado Panela Pulverizada 14oz,470.82,470.42,0.39999999999997726,280.84,189.58,40.30015730623698,validated_consistent_positive_sales_positive_cogs,weight_based,no_catalog_finding,low,37.94117647058823,1,1,REVENUE_REDUCTION,"Validate discount/refund authorization, business purpose and policy compliance.",1042
975,991,1.05 Chips & Snacks,Mayte Toston Salted 100g,418.95,418.55,0.39999999999997726,280.35,138.2,33.018755226376776,validated_consistent_positive_sales_positive_cogs,weight_based,no_catalog_finding,low,37.94117647058823,1,1,REVENUE_REDUCTION,"Validate discount/refund authorization, business purpose and policy compliance.",1043
1771,1787,1.28 Grains,Valle Verde Lentils 1lb,351.12,350.72,0.39999999999997726,224.4,126.32,36.01733576642335,validated_consistent_positive_sales_positive_cogs,weight_based,no_catalog_finding,low,37.94117647058823,1,1,REVENUE_REDUCTION,"Validate discount/refund authorization, business purpose and policy compliance.",1044
1275,1291,"1.06 Coffee, Cocoa, Panela, Butter",Fresh Bocado Panela Fraccionada 4U 454 g,1476.3,1475.9,0.3999999999998636,781.18,694.72,47.07093976556677,validated_consistent_positive_sales_positive_cogs,weight_based,no_catalog_finding,low,37.8235294117647,1,1,REVENUE_REDUCTION,"Validate discount/refund authorization, business purpose and policy compliance.",1045
449,465,1.03 Beverages,Sidral Mundet 12oz,648.0,647.62,0.37999999999999545,407.16,240.46,37.129798338531856,validated_consistent_positive_sales_positive_cogs,volume_based,informational_family_variant,low,37.77647058823529,1,1,REVENUE_REDUCTION,"Validate discount/refund authorization, business purpose and policy compliance.",1046
1597,1613,1.13 Flours,Bom Gosto Masa para Tapioca 500 Gr,255.0,254.63,0.37000000000000455,165.92,88.71,34.838785689039,validated_consistent_positive_sales_positive_cogs,weight_based,no_catalog_finding,low,37.72941176470588,1,1,REVENUE_REDUCTION,"Validate discount/refund authorization, business purpose and policy compliance.",1047
1645,1661,1.09 Cookies & Crackers,Noel Crackers Ducales 243g,519.72,519.36,0.36000000000001364,337.44,181.92,35.02772643253235,validated_consistent_positive_sales_positive_cogs,weight_based,informational_family_variant,low,37.68235294117647,1,1,REVENUE_REDUCTION,"Validate discount/refund authorization, business purpose and policy compliance.",1048
530,546,1.03 Beverages,Frusecha Leche de Coco y Fresa  9.8 oz / 290 ml,177.99,177.64,0.35000000000002274,114.24,63.4,35.690159873902275,validated_consistent_positive_sales_positive_cogs,volume_based,no_catalog_finding,low,37.63529411764706,1,1,REVENUE_REDUCTION,"Validate discount/refund authorization, business purpose and policy compliance.",1049
864,880,1.25 Sweets & Candies,De La Rosa Pulparindo Original 20/10oz - 280gr UNIT,19.8,19.8,0.0,3.4,16.4,82.82828282828282,validated_consistent_positive_sales_positive_cogs,explicit_multipack,actionable_review_candidate,low,37.592592592592595,1,1,CATALOG_ACTIONABLE,"Validate SKU/UPC, presentation, duplicate status and pack-size configuration before any merge.",1050
513,529,1.03 Beverages,"Frusecha Leche De Coco, Mango 9.8oz",205.91,205.56,0.3499999999999943,132.16,73.4,35.70733605759876,validated_consistent_positive_sales_positive_cogs,volume_based,no_catalog_finding,low,37.588235294117645,1,1,REVENUE_REDUCTION,"Validate discount/refund authorization, business purpose and policy compliance.",1051
490,506,1.03 Beverages,Boing Mango 500ml UNIT,360.75,360.43,0.3199999999999932,233.73,126.7,35.152456787725775,validated_consistent_positive_sales_positive_cogs,explicit_single_unit,informational_family_variant,low,37.49411764705882,1,1,REVENUE_REDUCTION,"Validate discount/refund authorization, business purpose and policy compliance.",1052
607,623,1.03 Beverages,Maguary Suco de Caju Concentrado 500 ml,8.97,8.97,0.0,7.02,1.95,21.73913043478261,validated_consistent_positive_sales_positive_cogs,volume_based,no_catalog_finding,low,37.46153846153846,1,1,LOW_MARGIN,Review price-cost relationship and whether discounts compressed the observed margin.,1053
1359,1375,1.07 Condiments & Spices,La Fiesta Clavos Enteros - 0.25 oz,337.87,337.57,0.30000000000001137,205.66,131.91,39.076339722131706,validated_consistent_positive_sales_positive_cogs,weight_based,no_catalog_finding,low,37.35294117647059,1,1,REVENUE_REDUCTION,"Validate discount/refund authorization, business purpose and policy compliance.",1054
729,745,1.25 Sweets & Candies,Marinela Barritas Pineapple Strawberry - 1.94 oz,244.36,244.06,0.30000000000001137,137.76,106.3,43.55486355814144,validated_consistent_positive_sales_positive_cogs,weight_based,informational_family_variant,low,37.35294117647059,1,1,REVENUE_REDUCTION,"Validate discount/refund authorization, business purpose and policy compliance.",1055
1379,1395,1.07 Condiments & Spices,La Gran Cocina Triguisar Suave,209.3,209.0,0.30000000000001137,88.2,120.8,57.79904306220096,validated_consistent_positive_sales_positive_cogs,presentation_not_explicit,no_catalog_finding,low,37.35294117647059,1,1,REVENUE_REDUCTION,"Validate discount/refund authorization, business purpose and policy compliance.",1056
1007,1023,1.05 Chips & Snacks,Paketaxo Extra Flamin Hot - 81 G,191.36,191.06,0.30000000000001137,112.64,78.42,41.04469800062808,validated_consistent_positive_sales_positive_cogs,weight_based,no_catalog_finding,low,37.35294117647059,1,1,REVENUE_REDUCTION,"Validate discount/refund authorization, business purpose and policy compliance.",1057
1382,1398,1.07 Condiments & Spices,La Fiesta Achiote Molido - 1.25 oz,188.37,188.07,0.30000000000001137,103.32,84.75,45.06300845429893,validated_consistent_positive_sales_positive_cogs,weight_based,no_catalog_finding,low,37.35294117647059,1,1,REVENUE_REDUCTION,"Validate discount/refund authorization, business purpose and policy compliance.",1058
1962,1978,1.15 Instant Powder,Zuko Family PK - Watermelon - 14.1 oz,17.98,17.98,0.0,11.58,6.4,35.595105672969964,validated_consistent_positive_sales_positive_cogs,pack_or_case_count_unresolved,actionable_review_candidate,low,37.22222222222222,1,1,CATALOG_ACTIONABLE,"Validate SKU/UPC, presentation, duplicate status and pack-size configuration before any merge.",1059
614,630,1.03 Beverages,Inca Kola Diet Soda - 12 oz - CAN UNIT,2.99,2.69,0.30000000000000027,1.45,1.24,46.09665427509294,validated_consistent_positive_sales_positive_cogs,explicit_single_unit,informational_family_variant,low,37.21176470588235,1,1,REVENUE_REDUCTION,"Validate discount/refund authorization, business purpose and policy compliance.",1060
1242,1258,1.23 Sauces,La Anita Chamoy Sauce 33.8oz 1L,38.89,38.59,0.29999999999999716,7.42,31.17,80.77222078258616,validated_consistent_positive_sales_positive_cogs,volume_based,no_catalog_finding,low,37.16470588235294,1,1,REVENUE_REDUCTION,"Validate discount/refund authorization, business purpose and policy compliance.",1061
1666,1682,1.09 Cookies & Crackers,La Moderna Galletas Marianitas Coco  185g / 6.53z,184.44,184.16,0.28000000000000114,110.28,73.88,40.11728931364031,validated_consistent_positive_sales_positive_cogs,weight_based,no_catalog_finding,low,37.09411764705882,1,1,REVENUE_REDUCTION,"Validate discount/refund authorization, business purpose and policy compliance.",1062
1684,1700,1.09 Cookies & Crackers,La Moderna Galletas Marianitas Chocolate  185g / 6.5Oz,27.02,26.74,0.28000000000000114,15.3,11.44,42.78234854151084,validated_consistent_positive_sales_positive_cogs,weight_based,no_catalog_finding,low,37.09411764705882,1,1,REVENUE_REDUCTION,"Validate discount/refund authorization, business purpose and policy compliance.",1063
1349,1365,1.07 Condiments & Spices,Guascas Kiska,481.25,480.97,0.2799999999999727,304.5,176.47,36.69043807306069,validated_consistent_positive_sales_positive_cogs,presentation_not_explicit,no_catalog_finding,low,37.023529411764706,1,1,REVENUE_REDUCTION,"Validate discount/refund authorization, business purpose and policy compliance.",1064
879,895,1.25 Sweets & Candies,Nestle Chocolate Triangulo 30g UNIT,14.95,14.95,0.0,9.52,5.43,36.32107023411371,validated_consistent_positive_sales_positive_cogs,explicit_single_unit,actionable_review_candidate,low,36.851851851851855,1,1,CATALOG_ACTIONABLE,"Validate SKU/UPC, presentation, duplicate status and pack-size configuration before any merge.",1065
1540,1556,3.Coffee160,160 Horchata Latte 16 oz,5.75,5.75,0.0,5.75,0.0,0.0,validated_consistent_positive_sales_positive_cogs,volume_based,informational_family_variant,low,36.84615384615385,1,1,LOW_MARGIN,Review price-cost relationship and whether discounts compressed the observed margin.,1066
929,945,1.05 Chips & Snacks,Mayte Plantain Chips Lighty Salted 3oz - 85 Gr,1354.56,1354.31,0.25,804.64,549.67,40.5867194364658,validated_consistent_positive_sales_positive_cogs,weight_based,no_catalog_finding,low,36.741176470588236,1,1,REVENUE_REDUCTION,"Validate discount/refund authorization, business purpose and policy compliance.",1067
944,960,1.05 Chips & Snacks,Mayte Plantain Chips Lemon 3.0 oz 85g,727.08,726.83,0.25,423.4,303.43,41.74703850969277,validated_consistent_positive_sales_positive_cogs,weight_based,no_catalog_finding,low,36.741176470588236,1,1,REVENUE_REDUCTION,"Validate discount/refund authorization, business purpose and policy compliance.",1068
969,985,1.05 Chips & Snacks,Mayte Plantain Chips Chile -Lemon 3.0 oz 85g,450.69,450.44,0.25,255.21,195.23,43.34206553592043,validated_consistent_positive_sales_positive_cogs,weight_based,no_catalog_finding,low,36.741176470588236,1,1,REVENUE_REDUCTION,"Validate discount/refund authorization, business purpose and policy compliance.",1069
1523,1539,3.Coffee160,160 Herbal Tea 16oz,156.87,156.62,0.25,50.4,106.22,67.82020176222704,validated_consistent_positive_sales_positive_cogs,volume_based,informational_family_variant,low,36.741176470588236,1,1,REVENUE_REDUCTION,"Validate discount/refund authorization, business purpose and policy compliance.",1070
2015,2031,1.16 Miscelanea,El Rey Jabon 300gr,124.5,124.25,0.25,72.0,52.25,42.0523138832998,validated_consistent_positive_sales_positive_cogs,weight_based,no_catalog_finding,low,36.741176470588236,1,1,REVENUE_REDUCTION,"Validate discount/refund authorization, business purpose and policy compliance.",1071
1308,1324,"1.06 Coffee, Cocoa, Panela, Butter",ZARAH LA  PILONCILLO 227g,57.27,57.02,0.25,32.66,24.36,42.72185198176079,validated_consistent_positive_sales_positive_cogs,weight_based,no_catalog_finding,low,36.741176470588236,1,1,REVENUE_REDUCTION,"Validate discount/refund authorization, business purpose and policy compliance.",1072
435,451,1.03 Beverages,Inca Kola Soda 12oz UNIT,862.0,861.77,0.2300000000000182,539.11,322.66,37.44154472771157,validated_consistent_positive_sales_positive_cogs,explicit_single_unit,informational_family_variant,low,36.411764705882355,1,1,REVENUE_REDUCTION,"Validate discount/refund authorization, business purpose and policy compliance.",1073
1023,1039,1.05 Chips & Snacks,Taitto Japones Peanuts 1.70 oz,110.25,110.02,0.23000000000000398,70.07,39.95,36.3115797127795,validated_consistent_positive_sales_positive_cogs,weight_based,no_catalog_finding,low,36.36470588235294,1,1,REVENUE_REDUCTION,"Validate discount/refund authorization, business purpose and policy compliance.",1074
1851,1867,1.18 Pasta-Soups,Maruchan Shrimp Soup 2.25oz,602.97,602.77,0.20000000000004547,336.51,266.26,44.17273586940292,validated_consistent_positive_sales_positive_cogs,weight_based,no_catalog_finding,low,36.2,1,1,REVENUE_REDUCTION,"Validate discount/refund authorization, business purpose and policy compliance.",1075
1863,1879,1.18 Pasta-Soups,Maruchan Lime Chili Chicken Soup 2.25oz,304.47,304.27,0.20000000000004547,163.71,140.56,46.19581292930621,validated_consistent_positive_sales_positive_cogs,weight_based,no_catalog_finding,low,36.2,1,1,REVENUE_REDUCTION,"Validate discount/refund authorization, business purpose and policy compliance.",1076
1806,1822,1.28 Grains,Sinha Canjica de Milho Amarela / Yellow Cracked Corn 500g,24.88,24.68,0.1999999999999993,16.67,8.01,32.455429497568886,validated_consistent_positive_sales_positive_cogs,weight_based,no_catalog_finding,low,36.129411764705885,1,1,REVENUE_REDUCTION,"Validate discount/refund authorization, business purpose and policy compliance.",1077
1052,1068,1.05 Chips & Snacks,Rebanaditas Paleta Chile 40 Pzas / 640 g UNIT,6.37,6.37,0.0,3.77,2.6,40.81632653061224,validated_consistent_positive_sales_positive_cogs,explicit_single_unit,actionable_review_candidate,low,36.111111111111114,1,1,CATALOG_ACTIONABLE,"Validate SKU/UPC, presentation, duplicate status and pack-size configuration before any merge.",1078
678,694,1.25 Sweets & Candies,De La Rosa Mazapan Original 840G UNIT,470.26,470.06,0.19999999999998863,244.13,225.93,48.06407692634983,validated_consistent_positive_sales_positive_cogs,explicit_single_unit,informational_family_variant,low,35.96470588235294,1,1,REVENUE_REDUCTION,"Validate discount/refund authorization, business purpose and policy compliance.",1079
1854,1870,1.18 Pasta-Soups,Maruchan Hot & Spicy Shrimp  2.25oz,457.7,457.5,0.19999999999998863,246.1,211.4,46.20765027322405,validated_consistent_positive_sales_positive_cogs,weight_based,no_catalog_finding,low,35.96470588235294,1,1,REVENUE_REDUCTION,"Validate discount/refund authorization, business purpose and policy compliance.",1080
976,992,1.05 Chips & Snacks,Romero's Corn Tortilla Round Chips,408.18,407.98,0.19999999999998863,217.88,190.1,46.595421344183535,validated_consistent_positive_sales_positive_cogs,presentation_not_explicit,no_catalog_finding,low,35.96470588235294,1,1,REVENUE_REDUCTION,"Validate discount/refund authorization, business purpose and policy compliance.",1081
1858,1874,1.18 Pasta-Soups,La Moderna Vermicelli 200g,392.03,391.83,0.19999999999998863,159.97,231.86,59.17362121328128,validated_consistent_positive_sales_positive_cogs,weight_based,no_catalog_finding,low,35.96470588235294,1,1,REVENUE_REDUCTION,"Validate discount/refund authorization, business purpose and policy compliance.",1082
1866,1882,1.18 Pasta-Soups,Maruchan Lime Flavor with Shrimp,288.55,288.35,0.19999999999998863,155.15,133.2,46.19386162649557,validated_consistent_positive_sales_positive_cogs,presentation_not_explicit,no_catalog_finding,low,35.96470588235294,1,1,REVENUE_REDUCTION,"Validate discount/refund authorization, business purpose and policy compliance.",1083
829,845,1.25 Sweets & Candies,Marinela Sponch - 1.59 oz Unit,50.0,49.87,0.13000000000000256,30.8,19.07,38.2394224984961,validated_consistent_positive_sales_positive_cogs,explicit_single_unit,informational_family_variant,low,35.705882352941174,1,1,REVENUE_REDUCTION,"Validate discount/refund authorization, business purpose and policy compliance.",1084
804,820,1.25 Sweets & Candies,Lucas Gusano Chamoy 36g UNIT,78.7,78.58,0.12000000000000455,49.15,29.43,37.45227793331637,validated_consistent_positive_sales_positive_cogs,explicit_single_unit,informational_family_variant,low,35.65882352941176,1,1,REVENUE_REDUCTION,"Validate discount/refund authorization, business purpose and policy compliance.",1085
2053,2069,5.Gift Cards,Plastic Bag,0.15,0.15,0.0,0.13,0.02,13.333333333333334,validated_consistent_positive_sales_positive_cogs,presentation_not_explicit,no_catalog_finding,low,35.61538461538461,1,1,LOW_MARGIN,Review price-cost relationship and whether discounts compressed the observed margin.,1086
871,887,1.25 Sweets & Candies,Lucas Gusano Tamarindo  36g x10,17.49,17.37,0.11999999999999744,11.06,6.31,36.32700057570524,validated_consistent_positive_sales_positive_cogs,explicit_multipack,no_catalog_finding,low,35.56470588235294,1,1,REVENUE_REDUCTION,"Validate discount/refund authorization, business purpose and policy compliance.",1087
830,846,1.25 Sweets & Candies,Lucas Polvos Mango 200 g UNIT,49.9,49.8,0.10000000000000142,32.15,17.65,35.44176706827309,validated_consistent_positive_sales_positive_cogs,explicit_single_unit,informational_family_variant,low,35.49411764705882,1,1,REVENUE_REDUCTION,"Validate discount/refund authorization, business purpose and policy compliance.",1088
124,140,2. Restaurant,Salsas Side 2oz,29.7,29.6,0.09999999999999787,6.0,23.6,79.72972972972973,validated_consistent_positive_sales_positive_cogs,weight_based,no_catalog_finding,low,35.4,1,1,REVENUE_REDUCTION,"Validate discount/refund authorization, business purpose and policy compliance.",1089
816,832,1.25 Sweets & Candies,Vero Elotes Chile Lollypop 560g T Unit,58.8,58.7,0.09999999999999432,22.27,36.43,62.06132879045996,validated_consistent_positive_sales_positive_cogs,explicit_single_unit,informational_family_variant,low,35.28235294117647,1,1,REVENUE_REDUCTION,"Validate discount/refund authorization, business purpose and policy compliance.",1090
878,894,1.25 Sweets & Candies,Las Negras Torta de Café 1/15/1350g Unit,14.95,14.95,0.0,7.55,7.4,49.49832775919733,validated_consistent_positive_sales_positive_cogs,explicit_multipack,label_standardization,low,28.0,1,1,LABEL_STANDARDIZATION,Standardize UNIT/PACK wording without changing the commercial presentation.,1091
